id,probability
1,0.059326311972524026
2,0.050467859648565414
3,0.14538999654972165
4,0.08415807244319695
5,0.06532098566628583
6,0.1370913686325979
7,0.08683323524129412
8,0.023622642765858633
9,0.11807880307813506
10,0.044298105555134894
11,0.06326265912384453
12,0.1253937758578759
13,0.08155796530189055
14,0.10455365490510782
15,0.050467859648565414
16,0.037593946162112056
17,0.05562035029109824
18,0.13309352252567752
19,0.037593946162112056
20,0.09831774697482025
21,0.050467859648565414
22,0.050467859648565414
23,0.04148951147230672
24,0.07657630222726251
25,0.0472874451224437
26,0.06326265912384453
27,0.06126494107819702
28,0.07903125771029479
29,0.06962564382891834
30,0.11456179056371053
31,0.02885097064418959
32,0.0521330604156563
33,0.03637532268518375
34,0.050467859648565414
35,0.04576954626093176
36,0.08155796530189055
37,0.06962564382891834
38,0.023622642765858633
39,0.06326265912384453
40,0.05385008895239068
41,0.05562035029109824
42,0.05744527367010645
43,0.031870571610423684
44,0.06962564382891834
45,0.06962564382891834
46,0.0521330604156563
47,0.12168894794618093
48,0.12919480614845036
49,0.1013931778423964
50,0.06532098566628583
51,0.08415807244319695
52,0.050467859648565414
53,0.07419146202147729
54,0.05562035029109824
55,0.06326265912384453
56,0.1411897434506853
57,0.05562035029109824
58,0.09532570362584843
59,0.10455365490510782
60,0.035194756820265335
61,0.04148951147230672
62,0.04148951147230672
63,0.0895851163769912
64,0.01633396259861487
65,0.06532098566628583
66,0.04287184471684473
67,0.06532098566628583
68,0.04287184471684473
69,0.09831774697482025
70,0.09532570362584843
71,0.05562035029109824
72,0.07187511267178946
73,0.030831530235430404
74,0.050467859648565414
75,0.06744146074358998
76,0.059326311972524026
77,0.06744146074358998
78,0.04287184471684473
79,0.04014987964502801
80,0.03637532268518375
81,0.07419146202147729
82,0.12919480614845036
83,0.059326311972524026
84,0.044298105555134894
85,0.03885174918700678
86,0.022094611379221522
87,0.03885174918700678
88,0.03885174918700678
89,0.06126494107819702
90,0.09831774697482025
91,0.06744146074358998
92,0.01633396259861487
93,0.050467859648565414
94,0.09831774697482025
95,0.1253937758578759
96,0.1253937758578759
97,0.019322932527049887
98,0.04576954626093176
99,0.12919480614845036
100,0.07187511267178946
101,0.031870571610423684
102,0.06532098566628583
103,0.0895851163769912
104,0.12919480614845036
105,0.05744527367010645
106,0.07419146202147729
107,0.04287184471684473
108,0.02790753622320684
109,0.022094611379221522
110,0.08415807244319695
111,0.04287184471684473
112,0.1013931778423964
113,0.0340511524412236
114,0.09241538285980007
115,0.02525362158524688
116,0.06326265912384453
117,0.029825320005255892
118,0.03637532268518375
119,0.06126494107819702
120,0.05562035029109824
121,0.09241538285980007
122,0.07419146202147729
123,0.0521330604156563
124,0.0521330604156563
125,0.11456179056371053
126,0.09532570362584843
127,0.03637532268518375
128,0.0521330604156563
129,0.031870571610423684
130,0.06962564382891834
131,0.04885310630405945
132,0.10780082751501731
133,0.05562035029109824
134,0.07419146202147729
135,0.13309352252567752
136,0.08155796530189055
137,0.11807880307813506
138,0.06326265912384453
139,0.11113633246221037
140,0.05744527367010645
141,0.06744146074358998
142,0.05744527367010645
143,0.15410125929925808
144,0.06532098566628583
145,0.08415807244319695
146,0.09241538285980007
147,0.10455365490510782
148,0.13309352252567752
149,0.14538999654972165
150,0.01998212368725082
151,0.03885174918700678
152,0.13309352252567752
153,0.08155796530189055
154,0.1253937758578759
155,0.05562035029109824
156,0.04287184471684473
157,0.11807880307813506
158,0.07419146202147729
159,0.05385008895239068
160,0.06326265912384453
161,0.04576954626093176
162,0.01998212368725082
163,0.050467859648565414
164,0.1013931778423964
165,0.07903125771029479
166,0.07187511267178946
167,0.02885097064418959
168,0.12168894794618093
169,0.0521330604156563
170,0.05385008895239068
171,0.06744146074358998
172,0.05744527367010645
173,0.09831774697482025
174,0.035194756820265335
175,0.1013931778423964
176,0.1013931778423964
177,0.07419146202147729
178,0.0895851163769912
179,0.10780082751501731
180,0.03637532268518375
181,0.07187511267178946
182,0.05562035029109824
183,0.10455365490510782
184,0.05744527367010645
185,0.059326311972524026
186,0.050467859648565414
187,0.05385008895239068
188,0.11113633246221037
189,0.07419146202147729
190,0.04287184471684473
191,0.0472874451224437
192,0.06532098566628583
193,0.02525362158524688
194,0.05744527367010645
195,0.029825320005255892
196,0.04287184471684473
197,0.04287184471684473
198,0.05562035029109824
199,0.050467859648565414
200,0.05562035029109824
201,0.11113633246221037
202,0.07903125771029479
203,0.11456179056371053
204,0.06962564382891834
205,0.06532098566628583
206,0.05562035029109824
207,0.03885174918700678
208,0.07419146202147729
209,0.04885310630405945
210,0.1013931778423964
211,0.1370913686325979
212,0.03637532268518375
213,0.1370913686325979
214,0.1253937758578759
215,0.11807880307813506
216,0.07657630222726251
217,0.0521330604156563
218,0.08683323524129412
219,0.02284615406529167
220,0.07657630222726251
221,0.11807880307813506
222,0.0895851163769912
223,0.12919480614845036
224,0.07187511267178946
225,0.11807880307813506
226,0.050467859648565414
227,0.07187511267178946
228,0.029825320005255892
229,0.030831530235430404
230,0.023622642765858633
231,0.10780082751501731
232,0.04287184471684473
233,0.04885310630405945
234,0.031870571610423684
235,0.12168894794618093
236,0.023622642765858633
237,0.04885310630405945
238,0.09241538285980007
239,0.06744146074358998
240,0.03637532268518375
241,0.07657630222726251
242,0.04148951147230672
243,0.020663328957880672
244,0.09831774697482025
245,0.11456179056371053
246,0.030831530235430404
247,0.04148951147230672
248,0.06326265912384453
249,0.05562035029109824
250,0.09241538285980007
251,0.04014987964502801
252,0.07187511267178946
253,0.05562035029109824
254,0.02442486287796552
255,0.06532098566628583
256,0.030831530235430404
257,0.06532098566628583
258,0.07903125771029479
259,0.1013931778423964
260,0.04885310630405945
261,0.06126494107819702
262,0.04885310630405945
263,0.05385008895239068
264,0.1253937758578759
265,0.06532098566628583
266,0.08415807244319695
267,0.07419146202147729
268,0.07187511267178946
269,0.06532098566628583
270,0.03885174918700678
271,0.05562035029109824
272,0.10455365490510782
273,0.02136725069186659
274,0.06962564382891834
275,0.044298105555134894
276,0.07657630222726251
277,0.08155796530189055
278,0.08155796530189055
279,0.04287184471684473
280,0.02442486287796552
281,0.0472874451224437
282,0.10780082751501731
283,0.03885174918700678
284,0.08683323524129412
285,0.04287184471684473
286,0.04287184471684473
287,0.09831774697482025
288,0.04014987964502801
289,0.0521330604156563
290,0.0340511524412236
291,0.1013931778423964
292,0.06962564382891834
293,0.02790753622320684
294,0.07187511267178946
295,0.0340511524412236
296,0.02442486287796552
297,0.11456179056371053
298,0.06962564382891834
299,0.050467859648565414
300,0.04885310630405945
301,0.07903125771029479
302,0.07657630222726251
303,0.07903125771029479
304,0.0521330604156563
305,0.05562035029109824
306,0.02284615406529167
307,0.04148951147230672
308,0.0340511524412236
309,0.050467859648565414
310,0.08155796530189055
311,0.08155796530189055
312,0.1013931778423964
313,0.04885310630405945
314,0.05385008895239068
315,0.059326311972524026
316,0.035194756820265335
317,0.1253937758578759
318,0.12919480614845036
319,0.05385008895239068
320,0.08683323524129412
321,0.11113633246221037
322,0.030831530235430404
323,0.0472874451224437
324,0.04287184471684473
325,0.03294343905785485
326,0.07657630222726251
327,0.07657630222726251
328,0.029825320005255892
329,0.10455365490510782
330,0.08683323524129412
331,0.03637532268518375
332,0.10455365490510782
333,0.07657630222726251
334,0.07903125771029479
335,0.12168894794618093
336,0.037593946162112056
337,0.08415807244319695
338,0.0340511524412236
339,0.04287184471684473
340,0.06126494107819702
341,0.06744146074358998
342,0.037593946162112056
343,0.06744146074358998
344,0.04885310630405945
345,0.026994094835726477
346,0.08683323524129412
347,0.030831530235430404
348,0.02442486287796552
349,0.1370913686325979
350,0.03637532268518375
351,0.05385008895239068
352,0.13309352252567752
353,0.08155796530189055
354,0.11456179056371053
355,0.031870571610423684
356,0.1411897434506853
357,0.06126494107819702
358,0.04885310630405945
359,0.04576954626093176
360,0.0472874451224437
361,0.07903125771029479
362,0.04576954626093176
363,0.02284615406529167
364,0.04287184471684473
365,0.031870571610423684
366,0.10780082751501731
367,0.06126494107819702
368,0.04014987964502801
369,0.050467859648565414
370,0.08155796530189055
371,0.06962564382891834
372,0.059326311972524026
373,0.05562035029109824
374,0.0895851163769912
375,0.06126494107819702
376,0.10455365490510782
377,0.044298105555134894
378,0.05744527367010645
379,0.08683323524129412
380,0.06962564382891834
381,0.06326265912384453
382,0.059326311972524026
383,0.1370913686325979
384,0.06326265912384453
385,0.12168894794618093
386,0.07187511267178946
387,0.04287184471684473
388,0.07419146202147729
389,0.07657630222726251
390,0.13309352252567752
391,0.04885310630405945
392,0.04287184471684473
393,0.04014987964502801
394,0.04287184471684473
395,0.02442486287796552
396,0.05562035029109824
397,0.022094611379221522
398,0.0521330604156563
399,0.08415807244319695
400,0.10780082751501731
401,0.06744146074358998
402,0.0521330604156563
403,0.019322932527049887
404,0.03637532268518375
405,0.08155796530189055
406,0.04287184471684473
407,0.09532570362584843
408,0.06962564382891834
409,0.07903125771029479
410,0.03885174918700678
411,0.10455365490510782
412,0.07657630222726251
413,0.06326265912384453
414,0.09241538285980007
415,0.04014987964502801
416,0.06532098566628583
417,0.04576954626093176
418,0.01868507284109021
419,0.05562035029109824
420,0.031870571610423684
421,0.09241538285980007
422,0.08155796530189055
423,0.08683323524129412
424,0.06532098566628583
425,0.035194756820265335
426,0.07657630222726251
427,0.10780082751501731
428,0.06744146074358998
429,0.03294343905785485
430,0.06532098566628583
431,0.09831774697482025
432,0.08155796530189055
433,0.07187511267178946
434,0.12168894794618093
435,0.02790753622320684
436,0.09241538285980007
437,0.10455365490510782
438,0.08155796530189055
439,0.03294343905785485
440,0.050467859648565414
441,0.11113633246221037
442,0.03885174918700678
443,0.04885310630405945
444,0.06126494107819702
445,0.037593946162112056
446,0.030831530235430404
447,0.12168894794618093
448,0.10455365490510782
449,0.04576954626093176
450,0.03885174918700678
451,0.03294343905785485
452,0.09241538285980007
453,0.1013931778423964
454,0.037593946162112056
455,0.05385008895239068
456,0.050467859648565414
457,0.11456179056371053
458,0.06744146074358998
459,0.06744146074358998
460,0.12168894794618093
461,0.031870571610423684
462,0.07419146202147729
463,0.02525362158524688
464,0.09831774697482025
465,0.06326265912384453
466,0.04287184471684473
467,0.0895851163769912
468,0.044298105555134894
469,0.0472874451224437
470,0.07187511267178946
471,0.03637532268518375
472,0.04148951147230672
473,0.09831774697482025
474,0.029825320005255892
475,0.11456179056371053
476,0.08155796530189055
477,0.08415807244319695
478,0.1013931778423964
479,0.05562035029109824
480,0.04287184471684473
481,0.07657630222726251
482,0.07187511267178946
483,0.037593946162112056
484,0.06744146074358998
485,0.12919480614845036
486,0.08683323524129412
487,0.14538999654972165
488,0.07903125771029479
489,0.13309352252567752
490,0.05562035029109824
491,0.0340511524412236
492,0.13309352252567752
493,0.10455365490510782
494,0.08415807244319695
495,0.05385008895239068
496,0.050467859648565414
497,0.026109748256448687
498,0.07187511267178946
499,0.11113633246221037
500,0.09831774697482025
501,0.1013931778423964
502,0.12919480614845036
503,0.06744146074358998
504,0.1253937758578759
505,0.023622642765858633
506,0.050467859648565414
507,0.026994094835726477
508,0.04287184471684473
509,0.030831530235430404
510,0.050467859648565414
511,0.05562035029109824
512,0.09241538285980007
513,0.044298105555134894
514,0.05385008895239068
515,0.07419146202147729
516,0.05562035029109824
517,0.10780082751501731
518,0.06326265912384453
519,0.059326311972524026
520,0.06962564382891834
521,0.04287184471684473
522,0.10780082751501731
523,0.029825320005255892
524,0.044298105555134894
525,0.06326265912384453
526,0.10780082751501731
527,0.06326265912384453
528,0.06126494107819702
529,0.04148951147230672
530,0.04014987964502801
531,0.06532098566628583
532,0.0521330604156563
533,0.12168894794618093
534,0.030831530235430404
535,0.0521330604156563
536,0.037593946162112056
537,0.050467859648565414
538,0.1253937758578759
539,0.07419146202147729
540,0.14969342319192988
541,0.09831774697482025
542,0.04885310630405945
543,0.04885310630405945
544,0.04287184471684473
545,0.14538999654972165
546,0.09241538285980007
547,0.08415807244319695
548,0.030831530235430404
549,0.044298105555134894
550,0.050467859648565414
551,0.029825320005255892
552,0.03885174918700678
553,0.0521330604156563
554,0.06962564382891834
555,0.05744527367010645
556,0.01806788128844435
557,0.09831774697482025
558,0.04576954626093176
559,0.15410125929925808
560,0.04287184471684473
561,0.09532570362584843
562,0.08683323524129412
563,0.07419146202147729
564,0.06744146074358998
565,0.06326265912384453
566,0.04014987964502801
567,0.04148951147230672
568,0.04014987964502801
569,0.08683323524129412
570,0.030831530235430404
571,0.09831774697482025
572,0.06532098566628583
573,0.03885174918700678
574,0.037593946162112056
575,0.044298105555134894
576,0.06744146074358998
577,0.035194756820265335
578,0.07657630222726251
579,0.0521330604156563
580,0.09241538285980007
581,0.15410125929925808
582,0.1370913686325979
583,0.059326311972524026
584,0.06532098566628583
585,0.0472874451224437
586,0.030831530235430404
587,0.07419146202147729
588,0.02790753622320684
589,0.044298105555134894
590,0.04885310630405945
591,0.050467859648565414
592,0.03637532268518375
593,0.07419146202147729
594,0.07187511267178946
595,0.04885310630405945
596,0.14969342319192988
597,0.0895851163769912
598,0.059326311972524026
599,0.11456179056371053
600,0.07903125771029479
601,0.12919480614845036
602,0.1013931778423964
603,0.07657630222726251
604,0.02442486287796552
605,0.09532570362584843
606,0.029825320005255892
607,0.06532098566628583
608,0.04885310630405945
609,0.06326265912384453
610,0.06532098566628583
611,0.04576954626093176
612,0.029825320005255892
613,0.035194756820265335
614,0.06326265912384453
615,0.11456179056371053
616,0.13309352252567752
617,0.07419146202147729
618,0.050467859648565414
619,0.02136725069186659
620,0.04148951147230672
621,0.0895851163769912
622,0.06962564382891834
623,0.05562035029109824
624,0.04885310630405945
625,0.02136725069186659
626,0.07187511267178946
627,0.044298105555134894
628,0.11456179056371053
629,0.03885174918700678
630,0.04885310630405945
631,0.07903125771029479
632,0.023622642765858633
633,0.07419146202147729
634,0.08415807244319695
635,0.035194756820265335
636,0.11807880307813506
637,0.0895851163769912
638,0.07419146202147729
639,0.07657630222726251
640,0.029825320005255892
641,0.10780082751501731
642,0.044298105555134894
643,0.026109748256448687
644,0.026994094835726477
645,0.04287184471684473
646,0.04287184471684473
647,0.06126494107819702
648,0.04014987964502801
649,0.030831530235430404
650,0.08683323524129412
651,0.11456179056371053
652,0.035194756820265335
653,0.12919480614845036
654,0.044298105555134894
655,0.04576954626093176
656,0.06744146074358998
657,0.07903125771029479
658,0.08683323524129412
659,0.07903125771029479
660,0.0472874451224437
661,0.06744146074358998
662,0.08415807244319695
663,0.026109748256448687
664,0.0521330604156563
665,0.06532098566628583
666,0.026109748256448687
667,0.04885310630405945
668,0.0472874451224437
669,0.05385008895239068
670,0.04287184471684473
671,0.14538999654972165
672,0.07657630222726251
673,0.06962564382891834
674,0.09241538285980007
675,0.07657630222726251
676,0.09831774697482025
677,0.04576954626093176
678,0.05744527367010645
679,0.07657630222726251
680,0.050467859648565414
681,0.06126494107819702
682,0.03637532268518375
683,0.08683323524129412
684,0.0340511524412236
685,0.07903125771029479
686,0.09831774697482025
687,0.08683323524129412
688,0.10780082751501731
689,0.10455365490510782
690,0.07657630222726251
691,0.10780082751501731
692,0.037593946162112056
693,0.14969342319192988
694,0.03294343905785485
695,0.029825320005255892
696,0.08415807244319695
697,0.0521330604156563
698,0.10780082751501731
699,0.12919480614845036
700,0.09241538285980007
701,0.12919480614845036
702,0.02442486287796552
703,0.10455365490510782
704,0.07187511267178946
705,0.07419146202147729
706,0.07903125771029479
707,0.1253937758578759
708,0.04576954626093176
709,0.02790753622320684
710,0.05744527367010645
711,0.07903125771029479
712,0.05385008895239068
713,0.15861467629411466
714,0.08683323524129412
715,0.09241538285980007
716,0.06532098566628583
717,0.08683323524129412
718,0.04148951147230672
719,0.08683323524129412
720,0.06962564382891834
721,0.035194756820265335
722,0.02790753622320684
723,0.04014987964502801
724,0.035194756820265335
725,0.03637532268518375
726,0.08155796530189055
727,0.044298105555134894
728,0.04885310630405945
729,0.06962564382891834
730,0.08415807244319695
731,0.0472874451224437
732,0.023622642765858633
733,0.03885174918700678
734,0.1013931778423964
735,0.0521330604156563
736,0.014274385186035453
737,0.04576954626093176
738,0.050467859648565414
739,0.07419146202147729
740,0.13309352252567752
741,0.037593946162112056
742,0.11456179056371053
743,0.050467859648565414
744,0.05744527367010645
745,0.06326265912384453
746,0.02525362158524688
747,0.0521330604156563
748,0.06326265912384453
749,0.10780082751501731
750,0.07903125771029479
751,0.04576954626093176
752,0.05744527367010645
753,0.04148951147230672
754,0.09532570362584843
755,0.05385008895239068
756,0.07657630222726251
757,0.07419146202147729
758,0.04576954626093176
759,0.0340511524412236
760,0.10455365490510782
761,0.08155796530189055
762,0.07903125771029479
763,0.11807880307813506
764,0.03637532268518375
765,0.0472874451224437
766,0.11807880307813506
767,0.044298105555134894
768,0.029825320005255892
769,0.0895851163769912
770,0.11113633246221037
771,0.06126494107819702
772,0.07657630222726251
773,0.044298105555134894
774,0.030831530235430404
775,0.03294343905785485
776,0.07187511267178946
777,0.07903125771029479
778,0.06532098566628583
779,0.05744527367010645
780,0.06744146074358998
781,0.04576954626093176
782,0.09532570362584843
783,0.0472874451224437
784,0.05744527367010645
785,0.030831530235430404
786,0.11456179056371053
787,0.035194756820265335
788,0.06126494107819702
789,0.037593946162112056
790,0.044298105555134894
791,0.04287184471684473
792,0.044298105555134894
793,0.04014987964502801
794,0.08683323524129412
795,0.04148951147230672
796,0.035194756820265335
797,0.06532098566628583
798,0.050467859648565414
799,0.07903125771029479
800,0.04287184471684473
801,0.02885097064418959
802,0.08415807244319695
803,0.10455365490510782
804,0.020663328957880672
805,0.05385008895239068
806,0.0472874451224437
807,0.03885174918700678
808,0.1013931778423964
809,0.03885174918700678
810,0.05744527367010645
811,0.06326265912384453
812,0.059326311972524026
813,0.04576954626093176
814,0.07187511267178946
815,0.08415807244319695
816,0.08415807244319695
817,0.0895851163769912
818,0.12168894794618093
819,0.07657630222726251
820,0.04576954626093176
821,0.022094611379221522
822,0.07419146202147729
823,0.06326265912384453
824,0.0521330604156563
825,0.0895851163769912
826,0.04885310630405945
827,0.06532098566628583
828,0.07187511267178946
829,0.11807880307813506
830,0.05385008895239068
831,0.044298105555134894
832,0.09831774697482025
833,0.09831774697482025
834,0.04148951147230672
835,0.04885310630405945
836,0.11807880307813506
837,0.01868507284109021
838,0.050467859648565414
839,0.044298105555134894
840,0.08683323524129412
841,0.04148951147230672
842,0.0521330604156563
843,0.07419146202147729
844,0.06744146074358998
845,0.07419146202147729
846,0.05744527367010645
847,0.059326311972524026
848,0.0340511524412236
849,0.04576954626093176
850,0.03637532268518375
851,0.05744527367010645
852,0.07419146202147729
853,0.08155796530189055
854,0.07903125771029479
855,0.09241538285980007
856,0.044298105555134894
857,0.02525362158524688
858,0.059326311972524026
859,0.04885310630405945
860,0.15861467629411466
861,0.06532098566628583
862,0.10780082751501731
863,0.029825320005255892
864,0.04014987964502801
865,0.08683323524129412
866,0.059326311972524026
867,0.029825320005255892
868,0.020663328957880672
869,0.07187511267178946
870,0.04885310630405945
871,0.09241538285980007
872,0.1013931778423964
873,0.026109748256448687
874,0.11113633246221037
875,0.06744146074358998
876,0.02136725069186659
877,0.03294343905785485
878,0.05385008895239068
879,0.0895851163769912
880,0.05385008895239068
881,0.03637532268518375
882,0.07187511267178946
883,0.09532570362584843
884,0.04576954626093176
885,0.04014987964502801
886,0.06326265912384453
887,0.031870571610423684
888,0.05562035029109824
889,0.030831530235430404
890,0.11807880307813506
891,0.10780082751501731
892,0.044298105555134894
893,0.026994094835726477
894,0.09241538285980007
895,0.0472874451224437
896,0.09532570362584843
897,0.12168894794618093
898,0.06962564382891834
899,0.1253937758578759
900,0.06326265912384453
901,0.0521330604156563
902,0.11807880307813506
903,0.08415807244319695
904,0.0472874451224437
905,0.06532098566628583
906,0.04148951147230672
907,0.026109748256448687
908,0.05744527367010645
909,0.0340511524412236
910,0.07657630222726251
911,0.050467859648565414
912,0.06744146074358998
913,0.04287184471684473
914,0.06532098566628583
915,0.05744527367010645
916,0.06532098566628583
917,0.026994094835726477
918,0.01868507284109021
919,0.019322932527049887
920,0.017470713401722432
921,0.09532570362584843
922,0.037593946162112056
923,0.1253937758578759
924,0.10455365490510782
925,0.0521330604156563
926,0.1013931778423964
927,0.07657630222726251
928,0.050467859648565414
929,0.14538999654972165
930,0.03294343905785485
931,0.07903125771029479
932,0.06532098566628583
933,0.06962564382891834
934,0.05744527367010645
935,0.07419146202147729
936,0.08683323524129412
937,0.07657630222726251
938,0.02284615406529167
939,0.06962564382891834
940,0.07657630222726251
941,0.08415807244319695
942,0.11456179056371053
943,0.04576954626093176
944,0.04148951147230672
945,0.06126494107819702
946,0.10455365490510782
947,0.0895851163769912
948,0.04576954626093176
949,0.0340511524412236
950,0.11456179056371053
951,0.08155796530189055
952,0.06962564382891834
953,0.07419146202147729
954,0.07657630222726251
955,0.04885310630405945
956,0.12919480614845036
957,0.059326311972524026
958,0.15861467629411466
959,0.11807880307813506
960,0.02790753622320684
961,0.05385008895239068
962,0.08683323524129412
963,0.07187511267178946
964,0.03885174918700678
965,0.09831774697482025
966,0.0521330604156563
967,0.07419146202147729
968,0.06326265912384453
969,0.035194756820265335
970,0.044298105555134894
971,0.0521330604156563
972,0.09532570362584843
973,0.030831530235430404
974,0.07657630222726251
975,0.10780082751501731
976,0.05744527367010645
977,0.06744146074358998
978,0.04576954626093176
979,0.05385008895239068
980,0.06962564382891834
981,0.030831530235430404
982,0.06326265912384453
983,0.08155796530189055
984,0.06744146074358998
985,0.09241538285980007
986,0.13309352252567752
987,0.10780082751501731
988,0.030831530235430404
989,0.1370913686325979
990,0.0472874451224437
991,0.03637532268518375
992,0.0472874451224437
993,0.05385008895239068
994,0.07903125771029479
995,0.09532570362584843
996,0.05744527367010645
997,0.0895851163769912
998,0.07657630222726251
999,0.044298105555134894
1000,0.09241538285980007
1001,0.04014987964502801
1002,0.09532570362584843
1003,0.09532570362584843
1004,0.06744146074358998
1005,0.0521330604156563
1006,0.04885310630405945
1007,0.031870571610423684
1008,0.026109748256448687
1009,0.1253937758578759
1010,0.03637532268518375
1011,0.06744146074358998
1012,0.04014987964502801
1013,0.1253937758578759
1014,0.050467859648565414
1015,0.10455365490510782
1016,0.08683323524129412
1017,0.05744527367010645
1018,0.08155796530189055
1019,0.05562035029109824
1020,0.03294343905785485
1021,0.06532098566628583
1022,0.06126494107819702
1023,0.06126494107819702
1024,0.0472874451224437
1025,0.05562035029109824
1026,0.1013931778423964
1027,0.10455365490510782
1028,0.1370913686325979
1029,0.06744146074358998
1030,0.09532570362584843
1031,0.06744146074358998
1032,0.08155796530189055
1033,0.12919480614845036
1034,0.04148951147230672
1035,0.031870571610423684
1036,0.07657630222726251
1037,0.035194756820265335
1038,0.06126494107819702
1039,0.06744146074358998
1040,0.05385008895239068
1041,0.026994094835726477
1042,0.09831774697482025
1043,0.1013931778423964
1044,0.06326265912384453
1045,0.04148951147230672
1046,0.03885174918700678
1047,0.1013931778423964
1048,0.07187511267178946
1049,0.05385008895239068
1050,0.06126494107819702
1051,0.0521330604156563
1052,0.017470713401722432
1053,0.07419146202147729
1054,0.13309352252567752
1055,0.044298105555134894
1056,0.04287184471684473
1057,0.08683323524129412
1058,0.08155796530189055
1059,0.030831530235430404
1060,0.12919480614845036
1061,0.04576954626093176
1062,0.03637532268518375
1063,0.026994094835726477
1064,0.02525362158524688
1065,0.03637532268518375
1066,0.10455365490510782
1067,0.04287184471684473
1068,0.12168894794618093
1069,0.12168894794618093
1070,0.029825320005255892
1071,0.04014987964502801
1072,0.04014987964502801
1073,0.0472874451224437
1074,0.06962564382891834
1075,0.0521330604156563
1076,0.09241538285980007
1077,0.06126494107819702
1078,0.06744146074358998
1079,0.06962564382891834
1080,0.05744527367010645
1081,0.030831530235430404
1082,0.09241538285980007
1083,0.035194756820265335
1084,0.1013931778423964
1085,0.04576954626093176
1086,0.0472874451224437
1087,0.08683323524129412
1088,0.09532570362584843
1089,0.09241538285980007
1090,0.11807880307813506
1091,0.04014987964502801
1092,0.026994094835726477
1093,0.07419146202147729
1094,0.0340511524412236
1095,0.08683323524129412
1096,0.04287184471684473
1097,0.03294343905785485
1098,0.0340511524412236
1099,0.04287184471684473
1100,0.0895851163769912
1101,0.10455365490510782
1102,0.07187511267178946
1103,0.11456179056371053
1104,0.04885310630405945
1105,0.07903125771029479
1106,0.035194756820265335
1107,0.059326311972524026
1108,0.1013931778423964
1109,0.07903125771029479
1110,0.06744146074358998
1111,0.06326265912384453
1112,0.06962564382891834
1113,0.05385008895239068
1114,0.059326311972524026
1115,0.11456179056371053
1116,0.07419146202147729
1117,0.04287184471684473
1118,0.06126494107819702
1119,0.04885310630405945
1120,0.09532570362584843
1121,0.06744146074358998
1122,0.059326311972524026
1123,0.08155796530189055
1124,0.05744527367010645
1125,0.07903125771029479
1126,0.14538999654972165
1127,0.01806788128844435
1128,0.09831774697482025
1129,0.050467859648565414
1130,0.037593946162112056
1131,0.06962564382891834
1132,0.06744146074358998
1133,0.1013931778423964
1134,0.07419146202147729
1135,0.08155796530189055
1136,0.02525362158524688
1137,0.07657630222726251
1138,0.022094611379221522
1139,0.02885097064418959
1140,0.035194756820265335
1141,0.05562035029109824
1142,0.059326311972524026
1143,0.02442486287796552
1144,0.0521330604156563
1145,0.06126494107819702
1146,0.02790753622320684
1147,0.08683323524129412
1148,0.08155796530189055
1149,0.07903125771029479
1150,0.050467859648565414
1151,0.09241538285980007
1152,0.09831774697482025
1153,0.050467859648565414
1154,0.06532098566628583
1155,0.06326265912384453
1156,0.09241538285980007
1157,0.07657630222726251
1158,0.07903125771029479
1159,0.06126494107819702
1160,0.059326311972524026
1161,0.04576954626093176
1162,0.08415807244319695
1163,0.044298105555134894
1164,0.09241538285980007
1165,0.05562035029109824
1166,0.0521330604156563
1167,0.08415807244319695
1168,0.14538999654972165
1169,0.044298105555134894
1170,0.05562035029109824
1171,0.06962564382891834
1172,0.07657630222726251
1173,0.02525362158524688
1174,0.03885174918700678
1175,0.06326265912384453
1176,0.1370913686325979
1177,0.059326311972524026
1178,0.06962564382891834
1179,0.08155796530189055
1180,0.044298105555134894
1181,0.059326311972524026
1182,0.1013931778423964
1183,0.06744146074358998
1184,0.09241538285980007
1185,0.07187511267178946
1186,0.0472874451224437
1187,0.020663328957880672
1188,0.06126494107819702
1189,0.04885310630405945
1190,0.09532570362584843
1191,0.07903125771029479
1192,0.04576954626093176
1193,0.06532098566628583
1194,0.0895851163769912
1195,0.1370913686325979
1196,0.05562035029109824
1197,0.044298105555134894
1198,0.05744527367010645
1199,0.05562035029109824
1200,0.09532570362584843
1201,0.04287184471684473
1202,0.02442486287796552
1203,0.06326265912384453
1204,0.09241538285980007
1205,0.037593946162112056
1206,0.09831774697482025
1207,0.0340511524412236
1208,0.07903125771029479
1209,0.07419146202147729
1210,0.037593946162112056
1211,0.044298105555134894
1212,0.15410125929925808
1213,0.050467859648565414
1214,0.09241538285980007
1215,0.07903125771029479
1216,0.03294343905785485
1217,0.02136725069186659
1218,0.059326311972524026
1219,0.06744146074358998
1220,0.08415807244319695
1221,0.04287184471684473
1222,0.04885310630405945
1223,0.09532570362584843
1224,0.031870571610423684
1225,0.07187511267178946
1226,0.02790753622320684
1227,0.059326311972524026
1228,0.07187511267178946
1229,0.035194756820265335
1230,0.11456179056371053
1231,0.1013931778423964
1232,0.08683323524129412
1233,0.04014987964502801
1234,0.035194756820265335
1235,0.037593946162112056
1236,0.07419146202147729
1237,0.044298105555134894
1238,0.08155796530189055
1239,0.0895851163769912
1240,0.03637532268518375
1241,0.06962564382891834
1242,0.02442486287796552
1243,0.026994094835726477
1244,0.15861467629411466
1245,0.04014987964502801
1246,0.07187511267178946
1247,0.04576954626093176
1248,0.0472874451224437
1249,0.07419146202147729
1250,0.08415807244319695
1251,0.037593946162112056
1252,0.07903125771029479
1253,0.07657630222726251
1254,0.05744527367010645
1255,0.044298105555134894
1256,0.09532570362584843
1257,0.04287184471684473
1258,0.08155796530189055
1259,0.07657630222726251
1260,0.07187511267178946
1261,0.03885174918700678
1262,0.14969342319192988
1263,0.04885310630405945
1264,0.02790753622320684
1265,0.11113633246221037
1266,0.09532570362584843
1267,0.04576954626093176
1268,0.07657630222726251
1269,0.06744146074358998
1270,0.04885310630405945
1271,0.06962564382891834
1272,0.07657630222726251
1273,0.04885310630405945
1274,0.050467859648565414
1275,0.04576954626093176
1276,0.0340511524412236
1277,0.04287184471684473
1278,0.12919480614845036
1279,0.12168894794618093
1280,0.10455365490510782
1281,0.05562035029109824
1282,0.06532098566628583
1283,0.06126494107819702
1284,0.05385008895239068
1285,0.05744527367010645
1286,0.0895851163769912
1287,0.04885310630405945
1288,0.06326265912384453
1289,0.07419146202147729
1290,0.029825320005255892
1291,0.1370913686325979
1292,0.04014987964502801
1293,0.029825320005255892
1294,0.06126494107819702
1295,0.031870571610423684
1296,0.07419146202147729
1297,0.01998212368725082
1298,0.02284615406529167
1299,0.04287184471684473
1300,0.08415807244319695
1301,0.04148951147230672
1302,0.08155796530189055
1303,0.07903125771029479
1304,0.1253937758578759
1305,0.07187511267178946
1306,0.0521330604156563
1307,0.059326311972524026
1308,0.06962564382891834
1309,0.11113633246221037
1310,0.07657630222726251
1311,0.02885097064418959
1312,0.1253937758578759
1313,0.037593946162112056
1314,0.09241538285980007
1315,0.07419146202147729
1316,0.10455365490510782
1317,0.04576954626093176
1318,0.07419146202147729
1319,0.08415807244319695
1320,0.11456179056371053
1321,0.029825320005255892
1322,0.06326265912384453
1323,0.08155796530189055
1324,0.10780082751501731
1325,0.02790753622320684
1326,0.026109748256448687
1327,0.0895851163769912
1328,0.044298105555134894
1329,0.059326311972524026
1330,0.06126494107819702
1331,0.06532098566628583
1332,0.059326311972524026
1333,0.05744527367010645
1334,0.059326311972524026
1335,0.05385008895239068
1336,0.12919480614845036
1337,0.04287184471684473
1338,0.059326311972524026
1339,0.08415807244319695
1340,0.07903125771029479
1341,0.050467859648565414
1342,0.04885310630405945
1343,0.08683323524129412
1344,0.02136725069186659
1345,0.14538999654972165
1346,0.06744146074358998
1347,0.04885310630405945
1348,0.05744527367010645
1349,0.044298105555134894
1350,0.1370913686325979
1351,0.04287184471684473
1352,0.059326311972524026
1353,0.0472874451224437
1354,0.059326311972524026
1355,0.02284615406529167
1356,0.08415807244319695
1357,0.030831530235430404
1358,0.04576954626093176
1359,0.10780082751501731
1360,0.04885310630405945
1361,0.031870571610423684
1362,0.023622642765858633
1363,0.0521330604156563
1364,0.09831774697482025
1365,0.04148951147230672
1366,0.06532098566628583
1367,0.037593946162112056
1368,0.06532098566628583
1369,0.15861467629411466
1370,0.030831530235430404
1371,0.05562035029109824
1372,0.050467859648565414
1373,0.15410125929925808
1374,0.05562035029109824
1375,0.10780082751501731
1376,0.02284615406529167
1377,0.020663328957880672
1378,0.09831774697482025
1379,0.06962564382891834
1380,0.13309352252567752
1381,0.05744527367010645
1382,0.1253937758578759
1383,0.06532098566628583
1384,0.07657630222726251
1385,0.09532570362584843
1386,0.044298105555134894
1387,0.06126494107819702
1388,0.08155796530189055
1389,0.08683323524129412
1390,0.04576954626093176
1391,0.1370913686325979
1392,0.07657630222726251
1393,0.12168894794618093
1394,0.07187511267178946
1395,0.09241538285980007
1396,0.04148951147230672
1397,0.05385008895239068
1398,0.08155796530189055
1399,0.09532570362584843
1400,0.1013931778423964
1401,0.04148951147230672
1402,0.05385008895239068
1403,0.07657630222726251
1404,0.059326311972524026
1405,0.0472874451224437
1406,0.10780082751501731
1407,0.09532570362584843
1408,0.06532098566628583
1409,0.1370913686325979
1410,0.08415807244319695
1411,0.031870571610423684
1412,0.1013931778423964
1413,0.04885310630405945
1414,0.07187511267178946
1415,0.04576954626093176
1416,0.07903125771029479
1417,0.07187511267178946
1418,0.06126494107819702
1419,0.0472874451224437
1420,0.05744527367010645
1421,0.04576954626093176
1422,0.06326265912384453
1423,0.08683323524129412
1424,0.050467859648565414
1425,0.07419146202147729
1426,0.08415807244319695
1427,0.06326265912384453
1428,0.050467859648565414
1429,0.07187511267178946
1430,0.07657630222726251
1431,0.09241538285980007
1432,0.037593946162112056
1433,0.037593946162112056
1434,0.1411897434506853
1435,0.02885097064418959
1436,0.07657630222726251
1437,0.1370913686325979
1438,0.06532098566628583
1439,0.12168894794618093
1440,0.04148951147230672
1441,0.11807880307813506
1442,0.06962564382891834
1443,0.050467859648565414
1444,0.04885310630405945
1445,0.04885310630405945
1446,0.019322932527049887
1447,0.11456179056371053
1448,0.030831530235430404
1449,0.07419146202147729
1450,0.1253937758578759
1451,0.06962564382891834
1452,0.05385008895239068
1453,0.08415807244319695
1454,0.06744146074358998
1455,0.059326311972524026
1456,0.09532570362584843
1457,0.10780082751501731
1458,0.04014987964502801
1459,0.12168894794618093
1460,0.059326311972524026
1461,0.059326311972524026
1462,0.03637532268518375
1463,0.04576954626093176
1464,0.06326265912384453
1465,0.14538999654972165
1466,0.050467859648565414
1467,0.09532570362584843
1468,0.0521330604156563
1469,0.07419146202147729
1470,0.08155796530189055
1471,0.044298105555134894
1472,0.06326265912384453
1473,0.026109748256448687
1474,0.0521330604156563
1475,0.030831530235430404
1476,0.11807880307813506
1477,0.06126494107819702
1478,0.035194756820265335
1479,0.09532570362584843
1480,0.1411897434506853
1481,0.044298105555134894
1482,0.10455365490510782
1483,0.10780082751501731
1484,0.09241538285980007
1485,0.0895851163769912
1486,0.044298105555134894
1487,0.06326265912384453
1488,0.02885097064418959
1489,0.03885174918700678
1490,0.035194756820265335
1491,0.10455365490510782
1492,0.04576954626093176
1493,0.08683323524129412
1494,0.0521330604156563
1495,0.09241538285980007
1496,0.06744146074358998
1497,0.0472874451224437
1498,0.11456179056371053
1499,0.11456179056371053
1500,0.07903125771029479
1501,0.05385008895239068
1502,0.02525362158524688
1503,0.04287184471684473
1504,0.12919480614845036
1505,0.022094611379221522
1506,0.044298105555134894
1507,0.0895851163769912
1508,0.09831774697482025
1509,0.029825320005255892
1510,0.08683323524129412
1511,0.11807880307813506
1512,0.07657630222726251
1513,0.07187511267178946
1514,0.07187511267178946
1515,0.07187511267178946
1516,0.02442486287796552
1517,0.09532570362584843
1518,0.11807880307813506
1519,0.03637532268518375
1520,0.06326265912384453
1521,0.08415807244319695
1522,0.0472874451224437
1523,0.0521330604156563
1524,0.03637532268518375
1525,0.08683323524129412
1526,0.09532570362584843
1527,0.059326311972524026
1528,0.04885310630405945
1529,0.04576954626093176
1530,0.04014987964502801
1531,0.03294343905785485
1532,0.09241538285980007
1533,0.06532098566628583
1534,0.09241538285980007
1535,0.04287184471684473
1536,0.10780082751501731
1537,0.04576954626093176
1538,0.044298105555134894
1539,0.11456179056371053
1540,0.026994094835726477
1541,0.05744527367010645
1542,0.0472874451224437
1543,0.06326265912384453
1544,0.0895851163769912
1545,0.04148951147230672
1546,0.01998212368725082
1547,0.05744527367010645
1548,0.14538999654972165
1549,0.03885174918700678
1550,0.05744527367010645
1551,0.044298105555134894
1552,0.08415807244319695
1553,0.13309352252567752
1554,0.09831774697482025
1555,0.04287184471684473
1556,0.05744527367010645
1557,0.059326311972524026
1558,0.07419146202147729
1559,0.04148951147230672
1560,0.04287184471684473
1561,0.10455365490510782
1562,0.02885097064418959
1563,0.09241538285980007
1564,0.04576954626093176
1565,0.02790753622320684
1566,0.04148951147230672
1567,0.10455365490510782
1568,0.04287184471684473
1569,0.026109748256448687
1570,0.0340511524412236
1571,0.04576954626093176
1572,0.06326265912384453
1573,0.044298105555134894
1574,0.04148951147230672
1575,0.02790753622320684
1576,0.07419146202147729
1577,0.05385008895239068
1578,0.059326311972524026
1579,0.05744527367010645
1580,0.11807880307813506
1581,0.07657630222726251
1582,0.031870571610423684
1583,0.13309352252567752
1584,0.09532570362584843
1585,0.04014987964502801
1586,0.05744527367010645
1587,0.06962564382891834
1588,0.04576954626093176
1589,0.12919480614845036
1590,0.0895851163769912
1591,0.05562035029109824
1592,0.02442486287796552
1593,0.04576954626093176
1594,0.03885174918700678
1595,0.06532098566628583
1596,0.14538999654972165
1597,0.0340511524412236
1598,0.04576954626093176
1599,0.026109748256448687
1600,0.04148951147230672
1601,0.11113633246221037
1602,0.06326265912384453
1603,0.022094611379221522
1604,0.07657630222726251
1605,0.04287184471684473
1606,0.044298105555134894
1607,0.03885174918700678
1608,0.09532570362584843
1609,0.0895851163769912
1610,0.07657630222726251
1611,0.07187511267178946
1612,0.04576954626093176
1613,0.06962564382891834
1614,0.1013931778423964
1615,0.05562035029109824
1616,0.07657630222726251
1617,0.07187511267178946
1618,0.12168894794618093
1619,0.07187511267178946
1620,0.0895851163769912
1621,0.1253937758578759
1622,0.050467859648565414
1623,0.08155796530189055
1624,0.04148951147230672
1625,0.10780082751501731
1626,0.08155796530189055
1627,0.03637532268518375
1628,0.019322932527049887
1629,0.03885174918700678
1630,0.1253937758578759
1631,0.03637532268518375
1632,0.031870571610423684
1633,0.0472874451224437
1634,0.1013931778423964
1635,0.04287184471684473
1636,0.04576954626093176
1637,0.07419146202147729
1638,0.11807880307813506
1639,0.023622642765858633
1640,0.044298105555134894
1641,0.03885174918700678
1642,0.044298105555134894
1643,0.05744527367010645
1644,0.04885310630405945
1645,0.037593946162112056
1646,0.04576954626093176
1647,0.08415807244319695
1648,0.04287184471684473
1649,0.10455365490510782
1650,0.10780082751501731
1651,0.07657630222726251
1652,0.029825320005255892
1653,0.026109748256448687
1654,0.06126494107819702
1655,0.0472874451224437
1656,0.059326311972524026
1657,0.044298105555134894
1658,0.05562035029109824
1659,0.05744527367010645
1660,0.1253937758578759
1661,0.07187511267178946
1662,0.02284615406529167
1663,0.1253937758578759
1664,0.04576954626093176
1665,0.044298105555134894
1666,0.04885310630405945
1667,0.0340511524412236
1668,0.026994094835726477
1669,0.05385008895239068
1670,0.044298105555134894
1671,0.08415807244319695
1672,0.11807880307813506
1673,0.0521330604156563
1674,0.06126494107819702
1675,0.04287184471684473
1676,0.04287184471684473
1677,0.06744146074358998
1678,0.029825320005255892
1679,0.08415807244319695
1680,0.031870571610423684
1681,0.06962564382891834
1682,0.04287184471684473
1683,0.030831530235430404
1684,0.059326311972524026
1685,0.026994094835726477
1686,0.03885174918700678
1687,0.04576954626093176
1688,0.07187511267178946
1689,0.05562035029109824
1690,0.0895851163769912
1691,0.02442486287796552
1692,0.03637532268518375
1693,0.15410125929925808
1694,0.07187511267178946
1695,0.029825320005255892
1696,0.050467859648565414
1697,0.12919480614845036
1698,0.07187511267178946
1699,0.023622642765858633
1700,0.08683323524129412
1701,0.07903125771029479
1702,0.07187511267178946
1703,0.06532098566628583
1704,0.02284615406529167
1705,0.035194756820265335
1706,0.06326265912384453
1707,0.04576954626093176
1708,0.031870571610423684
1709,0.09241538285980007
1710,0.026109748256448687
1711,0.05744527367010645
1712,0.04148951147230672
1713,0.03637532268518375
1714,0.030831530235430404
1715,0.08155796530189055
1716,0.09831774697482025
1717,0.06326265912384453
1718,0.05385008895239068
1719,0.0895851163769912
1720,0.05744527367010645
1721,0.044298105555134894
1722,0.06744146074358998
1723,0.09831774697482025
1724,0.10780082751501731
1725,0.03885174918700678
1726,0.06744146074358998
1727,0.05744527367010645
1728,0.035194756820265335
1729,0.14969342319192988
1730,0.0472874451224437
1731,0.1013931778423964
1732,0.07657630222726251
1733,0.050467859648565414
1734,0.10780082751501731
1735,0.12919480614845036
1736,0.0521330604156563
1737,0.11456179056371053
1738,0.07187511267178946
1739,0.04148951147230672
1740,0.020663328957880672
1741,0.12919480614845036
1742,0.06532098566628583
1743,0.12919480614845036
1744,0.04885310630405945
1745,0.04885310630405945
1746,0.030831530235430404
1747,0.02284615406529167
1748,0.05562035029109824
1749,0.11456179056371053
1750,0.10455365490510782
1751,0.11807880307813506
1752,0.10455365490510782
1753,0.03294343905785485
1754,0.044298105555134894
1755,0.016892943165924136
1756,0.07187511267178946
1757,0.07419146202147729
1758,0.026109748256448687
1759,0.026994094835726477
1760,0.06962564382891834
1761,0.11807880307813506
1762,0.06962564382891834
1763,0.06744146074358998
1764,0.10455365490510782
1765,0.06326265912384453
1766,0.06126494107819702
1767,0.12168894794618093
1768,0.02525362158524688
1769,0.050467859648565414
1770,0.05562035029109824
1771,0.08683323524129412
1772,0.09241538285980007
1773,0.05744527367010645
1774,0.11807880307813506
1775,0.07187511267178946
1776,0.09241538285980007
1777,0.04148951147230672
1778,0.022094611379221522
1779,0.10455365490510782
1780,0.09532570362584843
1781,0.02525362158524688
1782,0.12919480614845036
1783,0.04287184471684473
1784,0.050467859648565414
1785,0.07657630222726251
1786,0.03637532268518375
1787,0.037593946162112056
1788,0.04148951147230672
1789,0.0521330604156563
1790,0.07657630222726251
1791,0.13309352252567752
1792,0.016892943165924136
1793,0.026994094835726477
1794,0.04576954626093176
1795,0.06326265912384453
1796,0.05385008895239068
1797,0.1411897434506853
1798,0.04885310630405945
1799,0.0895851163769912
1800,0.07657630222726251
1801,0.0472874451224437
1802,0.10780082751501731
1803,0.044298105555134894
1804,0.12919480614845036
1805,0.07419146202147729
1806,0.06744146074358998
1807,0.050467859648565414
1808,0.1411897434506853
1809,0.0895851163769912
1810,0.08683323524129412
1811,0.02525362158524688
1812,0.04885310630405945
1813,0.13309352252567752
1814,0.044298105555134894
1815,0.08683323524129412
1816,0.026994094835726477
1817,0.059326311972524026
1818,0.035194756820265335
1819,0.02885097064418959
1820,0.026109748256448687
1821,0.07903125771029479
1822,0.09831774697482025
1823,0.08415807244319695
1824,0.06326265912384453
1825,0.030831530235430404
1826,0.059326311972524026
1827,0.04576954626093176
1828,0.017470713401722432
1829,0.05562035029109824
1830,0.06962564382891834
1831,0.0472874451224437
1832,0.02790753622320684
1833,0.08155796530189055
1834,0.059326311972524026
1835,0.08683323524129412
1836,0.035194756820265335
1837,0.08683323524129412
1838,0.04576954626093176
1839,0.10455365490510782
1840,0.0472874451224437
1841,0.07903125771029479
1842,0.05562035029109824
1843,0.09241538285980007
1844,0.059326311972524026
1845,0.0521330604156563
1846,0.02525362158524688
1847,0.06962564382891834
1848,0.12168894794618093
1849,0.044298105555134894
1850,0.13309352252567752
1851,0.1013931778423964
1852,0.09831774697482025
1853,0.05744527367010645
1854,0.13309352252567752
1855,0.04287184471684473
1856,0.08683323524129412
1857,0.0521330604156563
1858,0.059326311972524026
1859,0.08415807244319695
1860,0.04014987964502801
1861,0.14538999654972165
1862,0.1253937758578759
1863,0.05385008895239068
1864,0.059326311972524026
1865,0.07903125771029479
1866,0.04885310630405945
1867,0.06744146074358998
1868,0.0521330604156563
1869,0.04287184471684473
1870,0.11807880307813506
1871,0.05385008895239068
1872,0.07187511267178946
1873,0.09831774697482025
1874,0.13309352252567752
1875,0.09831774697482025
1876,0.04576954626093176
1877,0.0472874451224437
1878,0.0472874451224437
1879,0.04148951147230672
1880,0.09241538285980007
1881,0.04148951147230672
1882,0.03294343905785485
1883,0.04287184471684473
1884,0.04287184471684473
1885,0.06326265912384453
1886,0.02284615406529167
1887,0.06532098566628583
1888,0.09831774697482025
1889,0.09241538285980007
1890,0.03637532268518375
1891,0.08155796530189055
1892,0.11456179056371053
1893,0.0521330604156563
1894,0.059326311972524026
1895,0.023622642765858633
1896,0.07903125771029479
1897,0.08415807244319695
1898,0.06326265912384453
1899,0.04148951147230672
1900,0.02442486287796552
1901,0.1013931778423964
1902,0.050467859648565414
1903,0.08415807244319695
1904,0.0340511524412236
1905,0.02790753622320684
1906,0.1013931778423964
1907,0.05562035029109824
1908,0.08415807244319695
1909,0.05562035029109824
1910,0.07903125771029479
1911,0.044298105555134894
1912,0.050467859648565414
1913,0.05385008895239068
1914,0.05385008895239068
1915,0.044298105555134894
1916,0.11807880307813506
1917,0.05562035029109824
1918,0.031870571610423684
1919,0.04885310630405945
1920,0.02790753622320684
1921,0.023622642765858633
1922,0.08415807244319695
1923,0.05744527367010645
1924,0.10780082751501731
1925,0.06326265912384453
1926,0.05562035029109824
1927,0.059326311972524026
1928,0.026994094835726477
1929,0.04576954626093176
1930,0.08683323524129412
1931,0.06962564382891834
1932,0.15861467629411466
1933,0.1411897434506853
1934,0.026109748256448687
1935,0.04148951147230672
1936,0.06532098566628583
1937,0.037593946162112056
1938,0.03294343905785485
1939,0.07419146202147729
1940,0.07903125771029479
1941,0.06126494107819702
1942,0.044298105555134894
1943,0.01806788128844435
1944,0.12919480614845036
1945,0.08155796530189055
1946,0.06744146074358998
1947,0.11456179056371053
1948,0.09831774697482025
1949,0.0895851163769912
1950,0.0472874451224437
1951,0.01998212368725082
1952,0.07187511267178946
1953,0.06532098566628583
1954,0.031870571610423684
1955,0.09241538285980007
1956,0.08415807244319695
1957,0.0521330604156563
1958,0.044298105555134894
1959,0.07187511267178946
1960,0.059326311972524026
1961,0.03637532268518375
1962,0.09241538285980007
1963,0.037593946162112056
1964,0.12168894794618093
1965,0.10455365490510782
1966,0.0472874451224437
1967,0.1013931778423964
1968,0.06744146074358998
1969,0.04148951147230672
1970,0.0340511524412236
1971,0.07187511267178946
1972,0.1411897434506853
1973,0.03294343905785485
1974,0.1013931778423964
1975,0.09831774697482025
1976,0.04287184471684473
1977,0.050467859648565414
1978,0.04148951147230672
1979,0.12168894794618093
1980,0.044298105555134894
1981,0.06962564382891834
1982,0.04576954626093176
1983,0.0895851163769912
1984,0.1013931778423964
1985,0.04576954626093176
1986,0.07419146202147729
1987,0.04885310630405945
1988,0.09831774697482025
1989,0.04576954626093176
1990,0.0521330604156563
1991,0.08155796530189055
1992,0.1370913686325979
1993,0.031870571610423684
1994,0.05744527367010645
1995,0.044298105555134894
1996,0.04287184471684473
1997,0.11456179056371053
1998,0.06126494107819702
1999,0.0895851163769912
2000,0.05385008895239068
2001,0.05744527367010645
2002,0.02525362158524688
2003,0.059326311972524026
2004,0.15410125929925808
2005,0.04014987964502801
2006,0.05744527367010645
2007,0.09241538285980007
2008,0.08415807244319695
2009,0.11807880307813506
2010,0.044298105555134894
2011,0.08683323524129412
2012,0.06744146074358998
2013,0.08155796530189055
2014,0.09831774697482025
2015,0.0340511524412236
2016,0.08683323524129412
2017,0.044298105555134894
2018,0.04014987964502801
2019,0.050467859648565414
2020,0.05744527367010645
2021,0.05562035029109824
2022,0.0895851163769912
2023,0.04014987964502801
2024,0.05744527367010645
2025,0.08415807244319695
2026,0.031870571610423684
2027,0.08683323524129412
2028,0.05744527367010645
2029,0.04287184471684473
2030,0.04576954626093176
2031,0.05744527367010645
2032,0.11807880307813506
2033,0.05744527367010645
2034,0.04014987964502801
2035,0.017470713401722432
2036,0.0521330604156563
2037,0.06126494107819702
2038,0.03885174918700678
2039,0.01998212368725082
2040,0.07903125771029479
2041,0.07657630222726251
2042,0.035194756820265335
2043,0.08415807244319695
2044,0.07903125771029479
2045,0.08415807244319695
2046,0.07657630222726251
2047,0.05562035029109824
2048,0.01868507284109021
2049,0.044298105555134894
2050,0.05744527367010645
2051,0.037593946162112056
2052,0.026109748256448687
2053,0.06744146074358998
2054,0.0521330604156563
2055,0.04148951147230672
2056,0.037593946162112056
2057,0.08155796530189055
2058,0.06532098566628583
2059,0.06744146074358998
2060,0.06532098566628583
2061,0.05385008895239068
2062,0.05385008895239068
2063,0.06126494107819702
2064,0.044298105555134894
2065,0.06126494107819702
2066,0.11113633246221037
2067,0.07187511267178946
2068,0.050467859648565414
2069,0.030831530235430404
2070,0.02790753622320684
2071,0.04576954626093176
2072,0.13309352252567752
2073,0.0472874451224437
2074,0.07657630222726251
2075,0.0472874451224437
2076,0.11807880307813506
2077,0.11456179056371053
2078,0.06962564382891834
2079,0.037593946162112056
2080,0.10780082751501731
2081,0.08415807244319695
2082,0.0895851163769912
2083,0.04576954626093176
2084,0.059326311972524026
2085,0.08415807244319695
2086,0.08683323524129412
2087,0.06326265912384453
2088,0.06126494107819702
2089,0.03294343905785485
2090,0.06744146074358998
2091,0.07903125771029479
2092,0.023622642765858633
2093,0.07187511267178946
2094,0.026994094835726477
2095,0.02442486287796552
2096,0.1253937758578759
2097,0.030831530235430404
2098,0.030831530235430404
2099,0.10780082751501731
2100,0.0340511524412236
2101,0.08155796530189055
2102,0.07419146202147729
2103,0.10780082751501731
2104,0.0472874451224437
2105,0.08155796530189055
2106,0.14538999654972165
2107,0.07419146202147729
2108,0.031870571610423684
2109,0.07419146202147729
2110,0.06326265912384453
2111,0.07419146202147729
2112,0.07187511267178946
2113,0.06126494107819702
2114,0.11807880307813506
2115,0.044298105555134894
2116,0.07187511267178946
2117,0.08415807244319695
2118,0.0895851163769912
2119,0.0340511524412236
2120,0.04576954626093176
2121,0.05562035029109824
2122,0.06126494107819702
2123,0.026994094835726477
2124,0.09241538285980007
2125,0.05744527367010645
2126,0.050467859648565414
2127,0.08155796530189055
2128,0.0521330604156563
2129,0.06744146074358998
2130,0.0340511524412236
2131,0.02525362158524688
2132,0.08155796530189055
2133,0.08683323524129412
2134,0.11807880307813506
2135,0.023622642765858633
2136,0.13309352252567752
2137,0.10780082751501731
2138,0.059326311972524026
2139,0.06962564382891834
2140,0.06532098566628583
2141,0.04287184471684473
2142,0.08683323524129412
2143,0.035194756820265335
2144,0.035194756820265335
2145,0.04148951147230672
2146,0.05562035029109824
2147,0.04287184471684473
2148,0.06326265912384453
2149,0.1370913686325979
2150,0.04287184471684473
2151,0.1013931778423964
2152,0.026109748256448687
2153,0.06962564382891834
2154,0.07187511267178946
2155,0.07903125771029479
2156,0.059326311972524026
2157,0.05385008895239068
2158,0.037593946162112056
2159,0.14538999654972165
2160,0.06126494107819702
2161,0.1013931778423964
2162,0.10780082751501731
2163,0.08155796530189055
2164,0.07419146202147729
2165,0.08415807244319695
2166,0.09241538285980007
2167,0.06126494107819702
2168,0.044298105555134894
2169,0.04287184471684473
2170,0.10780082751501731
2171,0.06962564382891834
2172,0.04148951147230672
2173,0.06126494107819702
2174,0.06126494107819702
2175,0.03885174918700678
2176,0.07657630222726251
2177,0.029825320005255892
2178,0.06744146074358998
2179,0.07419146202147729
2180,0.0472874451224437
2181,0.031870571610423684
2182,0.07903125771029479
2183,0.06532098566628583
2184,0.050467859648565414
2185,0.12168894794618093
2186,0.035194756820265335
2187,0.06126494107819702
2188,0.04885310630405945
2189,0.04014987964502801
2190,0.09532570362584843
2191,0.06126494107819702
2192,0.09831774697482025
2193,0.07419146202147729
2194,0.05562035029109824
2195,0.08683323524129412
2196,0.07903125771029479
2197,0.10780082751501731
2198,0.031870571610423684
2199,0.03294343905785485
2200,0.10780082751501731
2201,0.06126494107819702
2202,0.10455365490510782
2203,0.09532570362584843
2204,0.031870571610423684
2205,0.06126494107819702
2206,0.07903125771029479
2207,0.1253937758578759
2208,0.0340511524412236
2209,0.11807880307813506
2210,0.06126494107819702
2211,0.059326311972524026
2212,0.059326311972524026
2213,0.09831774697482025
2214,0.07419146202147729
2215,0.09532570362584843
2216,0.06962564382891834
2217,0.01868507284109021
2218,0.11807880307813506
2219,0.14538999654972165
2220,0.02136725069186659
2221,0.050467859648565414
2222,0.08155796530189055
2223,0.07419146202147729
2224,0.11456179056371053
2225,0.07657630222726251
2226,0.050467859648565414
2227,0.05562035029109824
2228,0.031870571610423684
2229,0.04576954626093176
2230,0.0340511524412236
2231,0.031870571610423684
2232,0.031870571610423684
2233,0.10455365490510782
2234,0.05385008895239068
2235,0.0340511524412236
2236,0.044298105555134894
2237,0.09532570362584843
2238,0.02525362158524688
2239,0.08683323524129412
2240,0.02525362158524688
2241,0.050467859648565414
2242,0.1013931778423964
2243,0.07187511267178946
2244,0.06126494107819702
2245,0.07903125771029479
2246,0.06962564382891834
2247,0.06326265912384453
2248,0.037593946162112056
2249,0.04885310630405945
2250,0.10455365490510782
2251,0.06962564382891834
2252,0.022094611379221522
2253,0.09831774697482025
2254,0.05562035029109824
2255,0.06744146074358998
2256,0.04576954626093176
2257,0.08415807244319695
2258,0.0521330604156563
2259,0.11456179056371053
2260,0.05744527367010645
2261,0.059326311972524026
2262,0.059326311972524026
2263,0.04576954626093176
2264,0.059326311972524026
2265,0.11807880307813506
2266,0.06962564382891834
2267,0.04148951147230672
2268,0.044298105555134894
2269,0.07187511267178946
2270,0.11456179056371053
2271,0.08415807244319695
2272,0.05744527367010645
2273,0.05744527367010645
2274,0.044298105555134894
2275,0.06962564382891834
2276,0.11113633246221037
2277,0.02442486287796552
2278,0.037593946162112056
2279,0.11456179056371053
2280,0.026109748256448687
2281,0.1013931778423964
2282,0.09532570362584843
2283,0.08683323524129412
2284,0.08683323524129412
2285,0.04287184471684473
2286,0.0895851163769912
2287,0.10780082751501731
2288,0.08415807244319695
2289,0.10455365490510782
2290,0.04014987964502801
2291,0.044298105555134894
2292,0.02790753622320684
2293,0.02885097064418959
2294,0.14538999654972165
2295,0.035194756820265335
2296,0.10780082751501731
2297,0.06532098566628583
2298,0.11807880307813506
2299,0.06326265912384453
2300,0.09532570362584843
2301,0.0472874451224437
2302,0.0472874451224437
2303,0.06744146074358998
2304,0.02790753622320684
2305,0.044298105555134894
2306,0.06744146074358998
2307,0.0472874451224437
2308,0.07187511267178946
2309,0.059326311972524026
2310,0.07657630222726251
2311,0.03885174918700678
2312,0.06744146074358998
2313,0.09532570362584843
2314,0.06126494107819702
2315,0.1013931778423964
2316,0.07419146202147729
2317,0.08683323524129412
2318,0.05562035029109824
2319,0.07419146202147729
2320,0.05744527367010645
2321,0.14969342319192988
2322,0.07419146202147729
2323,0.03294343905785485
2324,0.04287184471684473
2325,0.05385008895239068
2326,0.14969342319192988
2327,0.05562035029109824
2328,0.08683323524129412
2329,0.05562035029109824
2330,0.07657630222726251
2331,0.07657630222726251
2332,0.04014987964502801
2333,0.07657630222726251
2334,0.07903125771029479
2335,0.15861467629411466
2336,0.08683323524129412
2337,0.09831774697482025
2338,0.03885174918700678
2339,0.1253937758578759
2340,0.06744146074358998
2341,0.035194756820265335
2342,0.0340511524412236
2343,0.037593946162112056
2344,0.09532570362584843
2345,0.031870571610423684
2346,0.09831774697482025
2347,0.10780082751501731
2348,0.06744146074358998
2349,0.07419146202147729
2350,0.02525362158524688
2351,0.11113633246221037
2352,0.05562035029109824
2353,0.059326311972524026
2354,0.11807880307813506
2355,0.04287184471684473
2356,0.07903125771029479
2357,0.0472874451224437
2358,0.07657630222726251
2359,0.023622642765858633
2360,0.06744146074358998
2361,0.06744146074358998
2362,0.013800835280468386
2363,0.06126494107819702
2364,0.06532098566628583
2365,0.06744146074358998
2366,0.06744146074358998
2367,0.07419146202147729
2368,0.09532570362584843
2369,0.12168894794618093
2370,0.0472874451224437
2371,0.05562035029109824
2372,0.0521330604156563
2373,0.06326265912384453
2374,0.11113633246221037
2375,0.08415807244319695
2376,0.04014987964502801
2377,0.04576954626093176
2378,0.05744527367010645
2379,0.07657630222726251
2380,0.02885097064418959
2381,0.0895851163769912
2382,0.12919480614845036
2383,0.0521330604156563
2384,0.06126494107819702
2385,0.06126494107819702
2386,0.0472874451224437
2387,0.035194756820265335
2388,0.07187511267178946
2389,0.03294343905785485
2390,0.1253937758578759
2391,0.03637532268518375
2392,0.15410125929925808
2393,0.04885310630405945
2394,0.044298105555134894
2395,0.09241538285980007
2396,0.09831774697482025
2397,0.06532098566628583
2398,0.08155796530189055
2399,0.031870571610423684
2400,0.05744527367010645
2401,0.12919480614845036
2402,0.04014987964502801
2403,0.0472874451224437
2404,0.05744527367010645
2405,0.07187511267178946
2406,0.09831774697482025
2407,0.06744146074358998
2408,0.07419146202147729
2409,0.09831774697482025
2410,0.050467859648565414
2411,0.0521330604156563
2412,0.0895851163769912
2413,0.044298105555134894
2414,0.037593946162112056
2415,0.09241538285980007
2416,0.11456179056371053
2417,0.09532570362584843
2418,0.1411897434506853
2419,0.037593946162112056
2420,0.1013931778423964
2421,0.05562035029109824
2422,0.020663328957880672
2423,0.0340511524412236
2424,0.06962564382891834
2425,0.04287184471684473
2426,0.13309352252567752
2427,0.07657630222726251
2428,0.044298105555134894
2429,0.09831774697482025
2430,0.07419146202147729
2431,0.059326311972524026
2432,0.04576954626093176
2433,0.059326311972524026
2434,0.07187511267178946
2435,0.04287184471684473
2436,0.0521330604156563
2437,0.09831774697482025
2438,0.04576954626093176
2439,0.07657630222726251
2440,0.04885310630405945
2441,0.08683323524129412
2442,0.06532098566628583
2443,0.06532098566628583
2444,0.050467859648565414
2445,0.0340511524412236
2446,0.09241538285980007
2447,0.059326311972524026
2448,0.06532098566628583
2449,0.06962564382891834
2450,0.06326265912384453
2451,0.02284615406529167
2452,0.03294343905785485
2453,0.04287184471684473
2454,0.07657630222726251
2455,0.06744146074358998
2456,0.09532570362584843
2457,0.03294343905785485
2458,0.08155796530189055
2459,0.08155796530189055
2460,0.09532570362584843
2461,0.04576954626093176
2462,0.1013931778423964
2463,0.05385008895239068
2464,0.12919480614845036
2465,0.06126494107819702
2466,0.04014987964502801
2467,0.14538999654972165
2468,0.15410125929925808
2469,0.06326265912384453
2470,0.07903125771029479
2471,0.0521330604156563
2472,0.08683323524129412
2473,0.07419146202147729
2474,0.029825320005255892
2475,0.11113633246221037
2476,0.10780082751501731
2477,0.1013931778423964
2478,0.035194756820265335
2479,0.07657630222726251
2480,0.07187511267178946
2481,0.10455365490510782
2482,0.026994094835726477
2483,0.08155796530189055
2484,0.1411897434506853
2485,0.04576954626093176
2486,0.07187511267178946
2487,0.08415807244319695
2488,0.03637532268518375
2489,0.059326311972524026
2490,0.050467859648565414
2491,0.05385008895239068
2492,0.04148951147230672
2493,0.0895851163769912
2494,0.08415807244319695
2495,0.02885097064418959
2496,0.07657630222726251
2497,0.04885310630405945
2498,0.037593946162112056
2499,0.07187511267178946
2500,0.059326311972524026
2501,0.03885174918700678
2502,0.02525362158524688
2503,0.04287184471684473
2504,0.07419146202147729
2505,0.09532570362584843
2506,0.0521330604156563
2507,0.06744146074358998
2508,0.05744527367010645
2509,0.07187511267178946
2510,0.08683323524129412
2511,0.0472874451224437
2512,0.06532098566628583
2513,0.10780082751501731
2514,0.05562035029109824
2515,0.0895851163769912
2516,0.1013931778423964
2517,0.12168894794618093
2518,0.11807880307813506
2519,0.08415807244319695
2520,0.04287184471684473
2521,0.031870571610423684
2522,0.05562035029109824
2523,0.09241538285980007
2524,0.016892943165924136
2525,0.12919480614845036
2526,0.09532570362584843
2527,0.05385008895239068
2528,0.11113633246221037
2529,0.026994094835726477
2530,0.0340511524412236
2531,0.03885174918700678
2532,0.05385008895239068
2533,0.04148951147230672
2534,0.0895851163769912
2535,0.0521330604156563
2536,0.11807880307813506
2537,0.05562035029109824
2538,0.08415807244319695
2539,0.037593946162112056
2540,0.026994094835726477
2541,0.1013931778423964
2542,0.05744527367010645
2543,0.07657630222726251
2544,0.0340511524412236
2545,0.059326311972524026
2546,0.02442486287796552
2547,0.05744527367010645
2548,0.09532570362584843
2549,0.08415807244319695
2550,0.11456179056371053
2551,0.04287184471684473
2552,0.04014987964502801
2553,0.08683323524129412
2554,0.03885174918700678
2555,0.07657630222726251
2556,0.031870571610423684
2557,0.11807880307813506
2558,0.09241538285980007
2559,0.026109748256448687
2560,0.050467859648565414
2561,0.07657630222726251
2562,0.031870571610423684
2563,0.0340511524412236
2564,0.044298105555134894
2565,0.04287184471684473
2566,0.1013931778423964
2567,0.05744527367010645
2568,0.09831774697482025
2569,0.029825320005255892
2570,0.035194756820265335
2571,0.04576954626093176
2572,0.0472874451224437
2573,0.016892943165924136
2574,0.09241538285980007
2575,0.09831774697482025
2576,0.07657630222726251
2577,0.08683323524129412
2578,0.08415807244319695
2579,0.09831774697482025
2580,0.06532098566628583
2581,0.06532098566628583
2582,0.05744527367010645
2583,0.08415807244319695
2584,0.05385008895239068
2585,0.04885310630405945
2586,0.05744527367010645
2587,0.07187511267178946
2588,0.023622642765858633
2589,0.10780082751501731
2590,0.04014987964502801
2591,0.1013931778423964
2592,0.050467859648565414
2593,0.016892943165924136
2594,0.06326265912384453
2595,0.11456179056371053
2596,0.02790753622320684
2597,0.04148951147230672
2598,0.059326311972524026
2599,0.07903125771029479
2600,0.037593946162112056
2601,0.11807880307813506
2602,0.11807880307813506
2603,0.04014987964502801
2604,0.1013931778423964
2605,0.07903125771029479
2606,0.08155796530189055
2607,0.03294343905785485
2608,0.03637532268518375
2609,0.08415807244319695
2610,0.08683323524129412
2611,0.050467859648565414
2612,0.04287184471684473
2613,0.08155796530189055
2614,0.07419146202147729
2615,0.03637532268518375
2616,0.08155796530189055
2617,0.06326265912384453
2618,0.07903125771029479
2619,0.02790753622320684
2620,0.08415807244319695
2621,0.037593946162112056
2622,0.04014987964502801
2623,0.10780082751501731
2624,0.05744527367010645
2625,0.035194756820265335
2626,0.04148951147230672
2627,0.035194756820265335
2628,0.03294343905785485
2629,0.10455365490510782
2630,0.05744527367010645
2631,0.08683323524129412
2632,0.08415807244319695
2633,0.07903125771029479
2634,0.05385008895239068
2635,0.04287184471684473
2636,0.10455365490510782
2637,0.08683323524129412
2638,0.12168894794618093
2639,0.07657630222726251
2640,0.05744527367010645
2641,0.01806788128844435
2642,0.03637532268518375
2643,0.05744527367010645
2644,0.031870571610423684
2645,0.06126494107819702
2646,0.0521330604156563
2647,0.02885097064418959
2648,0.10780082751501731
2649,0.05385008895239068
2650,0.04287184471684473
2651,0.1370913686325979
2652,0.0340511524412236
2653,0.04014987964502801
2654,0.04576954626093176
2655,0.04287184471684473
2656,0.04287184471684473
2657,0.07903125771029479
2658,0.029825320005255892
2659,0.030831530235430404
2660,0.04885310630405945
2661,0.07419146202147729
2662,0.023622642765858633
2663,0.09241538285980007
2664,0.09241538285980007
2665,0.03294343905785485
2666,0.11456179056371053
2667,0.03294343905785485
2668,0.04148951147230672
2669,0.12919480614845036
2670,0.05562035029109824
2671,0.07657630222726251
2672,0.09532570362584843
2673,0.02885097064418959
2674,0.019322932527049887
2675,0.050467859648565414
2676,0.09532570362584843
2677,0.0472874451224437
2678,0.03885174918700678
2679,0.03637532268518375
2680,0.06126494107819702
2681,0.09532570362584843
2682,0.04287184471684473
2683,0.07903125771029479
2684,0.04576954626093176
2685,0.06962564382891834
2686,0.06744146074358998
2687,0.07903125771029479
2688,0.10455365490510782
2689,0.06326265912384453
2690,0.022094611379221522
2691,0.08415807244319695
2692,0.07419146202147729
2693,0.06744146074358998
2694,0.08683323524129412
2695,0.07419146202147729
2696,0.05385008895239068
2697,0.04148951147230672
2698,0.08415807244319695
2699,0.026109748256448687
2700,0.044298105555134894
2701,0.09241538285980007
2702,0.0895851163769912
2703,0.07657630222726251
2704,0.050467859648565414
2705,0.05562035029109824
2706,0.08683323524129412
2707,0.06744146074358998
2708,0.10455365490510782
2709,0.03637532268518375
2710,0.13309352252567752
2711,0.04148951147230672
2712,0.07657630222726251
2713,0.04148951147230672
2714,0.044298105555134894
2715,0.07419146202147729
2716,0.04287184471684473
2717,0.01868507284109021
2718,0.0521330604156563
2719,0.03637532268518375
2720,0.06962564382891834
2721,0.050467859648565414
2722,0.12168894794618093
2723,0.06326265912384453
2724,0.0521330604156563
2725,0.07657630222726251
2726,0.11807880307813506
2727,0.04287184471684473
2728,0.12919480614845036
2729,0.06744146074358998
2730,0.06532098566628583
2731,0.06126494107819702
2732,0.0472874451224437
2733,0.09532570362584843
2734,0.06326265912384453
2735,0.04148951147230672
2736,0.0472874451224437
2737,0.03637532268518375
2738,0.07657630222726251
2739,0.05385008895239068
2740,0.07419146202147729
2741,0.11807880307813506
2742,0.026109748256448687
2743,0.03885174918700678
2744,0.03637532268518375
2745,0.04148951147230672
2746,0.12919480614845036
2747,0.07657630222726251
2748,0.05744527367010645
2749,0.01998212368725082
2750,0.06326265912384453
2751,0.05744527367010645
2752,0.059326311972524026
2753,0.04287184471684473
2754,0.08415807244319695
2755,0.0521330604156563
2756,0.0472874451224437
2757,0.059326311972524026
2758,0.06962564382891834
2759,0.07187511267178946
2760,0.11456179056371053
2761,0.07657630222726251
2762,0.03637532268518375
2763,0.029825320005255892
2764,0.10455365490510782
2765,0.0472874451224437
2766,0.03294343905785485
2767,0.09241538285980007
2768,0.020663328957880672
2769,0.08415807244319695
2770,0.11807880307813506
2771,0.026994094835726477
2772,0.0472874451224437
2773,0.05744527367010645
2774,0.035194756820265335
2775,0.0895851163769912
2776,0.02885097064418959
2777,0.04576954626093176
2778,0.05562035029109824
2779,0.07903125771029479
2780,0.06326265912384453
2781,0.04576954626093176
2782,0.08683323524129412
2783,0.09241538285980007
2784,0.04148951147230672
2785,0.02284615406529167
2786,0.05385008895239068
2787,0.059326311972524026
2788,0.02442486287796552
2789,0.04148951147230672
2790,0.07903125771029479
2791,0.022094611379221522
2792,0.07419146202147729
2793,0.037593946162112056
2794,0.059326311972524026
2795,0.06532098566628583
2796,0.06962564382891834
2797,0.14538999654972165
2798,0.026994094835726477
2799,0.08155796530189055
2800,0.044298105555134894
2801,0.0895851163769912
2802,0.06326265912384453
2803,0.0472874451224437
2804,0.04576954626093176
2805,0.04287184471684473
2806,0.06326265912384453
2807,0.026994094835726477
2808,0.10455365490510782
2809,0.07419146202147729
2810,0.04148951147230672
2811,0.04576954626093176
2812,0.0895851163769912
2813,0.08155796530189055
2814,0.04885310630405945
2815,0.1370913686325979
2816,0.07903125771029479
2817,0.0340511524412236
2818,0.05385008895239068
2819,0.07903125771029479
2820,0.0521330604156563
2821,0.07419146202147729
2822,0.017470713401722432
2823,0.06126494107819702
2824,0.06532098566628583
2825,0.12168894794618093
2826,0.05744527367010645
2827,0.09241538285980007
2828,0.06126494107819702
2829,0.11113633246221037
2830,0.023622642765858633
2831,0.06326265912384453
2832,0.07187511267178946
2833,0.1013931778423964
2834,0.06962564382891834
2835,0.05385008895239068
2836,0.0895851163769912
2837,0.07419146202147729
2838,0.11456179056371053
2839,0.03885174918700678
2840,0.06326265912384453
2841,0.059326311972524026
2842,0.06326265912384453
2843,0.07419146202147729
2844,0.07187511267178946
2845,0.06126494107819702
2846,0.07187511267178946
2847,0.05744527367010645
2848,0.09532570362584843
2849,0.07419146202147729
2850,0.07657630222726251
2851,0.026109748256448687
2852,0.04287184471684473
2853,0.09241538285980007
2854,0.09532570362584843
2855,0.04148951147230672
2856,0.06326265912384453
2857,0.04885310630405945
2858,0.09532570362584843
2859,0.0521330604156563
2860,0.12168894794618093
2861,0.07903125771029479
2862,0.11456179056371053
2863,0.07419146202147729
2864,0.06532098566628583
2865,0.05744527367010645
2866,0.09831774697482025
2867,0.07903125771029479
2868,0.023622642765858633
2869,0.06326265912384453
2870,0.12919480614845036
2871,0.04287184471684473
2872,0.13309352252567752
2873,0.0521330604156563
2874,0.035194756820265335
2875,0.06962564382891834
2876,0.037593946162112056
2877,0.03294343905785485
2878,0.07187511267178946
2879,0.023622642765858633
2880,0.04576954626093176
2881,0.02442486287796552
2882,0.07657630222726251
2883,0.06744146074358998
2884,0.07187511267178946
2885,0.044298105555134894
2886,0.10455365490510782
2887,0.04148951147230672
2888,0.01806788128844435
2889,0.1013931778423964
2890,0.09241538285980007
2891,0.029825320005255892
2892,0.05385008895239068
2893,0.01806788128844435
2894,0.04287184471684473
2895,0.04885310630405945
2896,0.037593946162112056
2897,0.11807880307813506
2898,0.0521330604156563
2899,0.04014987964502801
2900,0.12168894794618093
2901,0.07903125771029479
2902,0.0895851163769912
2903,0.05385008895239068
2904,0.07419146202147729
2905,0.07187511267178946
2906,0.05562035029109824
2907,0.1253937758578759
2908,0.0895851163769912
2909,0.03637532268518375
2910,0.050467859648565414
2911,0.0472874451224437
2912,0.03637532268518375
2913,0.09831774697482025
2914,0.06532098566628583
2915,0.04576954626093176
2916,0.08155796530189055
2917,0.07657630222726251
2918,0.04576954626093176
2919,0.06532098566628583
2920,0.06126494107819702
2921,0.07903125771029479
2922,0.1013931778423964
2923,0.06532098566628583
2924,0.07187511267178946
2925,0.05385008895239068
2926,0.022094611379221522
2927,0.07657630222726251
2928,0.09241538285980007
2929,0.035194756820265335
2930,0.0472874451224437
2931,0.0340511524412236
2932,0.08415807244319695
2933,0.1370913686325979
2934,0.04576954626093176
2935,0.050467859648565414
2936,0.09532570362584843
2937,0.06126494107819702
2938,0.1253937758578759
2939,0.09532570362584843
2940,0.04287184471684473
2941,0.10780082751501731
2942,0.1253937758578759
2943,0.02442486287796552
2944,0.1013931778423964
2945,0.0895851163769912
2946,0.06962564382891834
2947,0.11807880307813506
2948,0.04885310630405945
2949,0.04148951147230672
2950,0.04148951147230672
2951,0.06532098566628583
2952,0.0521330604156563
2953,0.09831774697482025
2954,0.06126494107819702
2955,0.12919480614845036
2956,0.12168894794618093
2957,0.0340511524412236
2958,0.12168894794618093
2959,0.050467859648565414
2960,0.06962564382891834
2961,0.07903125771029479
2962,0.06326265912384453
2963,0.07903125771029479
2964,0.03637532268518375
2965,0.06326265912384453
2966,0.1253937758578759
2967,0.050467859648565414
2968,0.04885310630405945
2969,0.03637532268518375
2970,0.04576954626093176
2971,0.03294343905785485
2972,0.02790753622320684
2973,0.09831774697482025
2974,0.08683323524129412
2975,0.044298105555134894
2976,0.06744146074358998
2977,0.059326311972524026
2978,0.06744146074358998
2979,0.02442486287796552
2980,0.10455365490510782
2981,0.05744527367010645
2982,0.044298105555134894
2983,0.15410125929925808
2984,0.026109748256448687
2985,0.04287184471684473
2986,0.04885310630405945
2987,0.08415807244319695
2988,0.14969342319192988
2989,0.06126494107819702
2990,0.08415807244319695
2991,0.05744527367010645
2992,0.12919480614845036
2993,0.09241538285980007
2994,0.026994094835726477
2995,0.037593946162112056
2996,0.10455365490510782
2997,0.07903125771029479
2998,0.08683323524129412
2999,0.06744146074358998
3000,0.08155796530189055
3001,0.07187511267178946
3002,0.06532098566628583
3003,0.08155796530189055
3004,0.06962564382891834
3005,0.11456179056371053
3006,0.03885174918700678
3007,0.07187511267178946
3008,0.04576954626093176
3009,0.07657630222726251
3010,0.02885097064418959
3011,0.059326311972524026
3012,0.08683323524129412
3013,0.08683323524129412
3014,0.08683323524129412
3015,0.04287184471684473
3016,0.11456179056371053
3017,0.06744146074358998
3018,0.04148951147230672
3019,0.06744146074358998
3020,0.029825320005255892
3021,0.11807880307813506
3022,0.08683323524129412
3023,0.09241538285980007
3024,0.04885310630405945
3025,0.06962564382891834
3026,0.0521330604156563
3027,0.04576954626093176
3028,0.026994094835726477
3029,0.03294343905785485
3030,0.07903125771029479
3031,0.07187511267178946
3032,0.07419146202147729
3033,0.05744527367010645
3034,0.09532570362584843
3035,0.08415807244319695
3036,0.029825320005255892
3037,0.05562035029109824
3038,0.07187511267178946
3039,0.08155796530189055
3040,0.11807880307813506
3041,0.13309352252567752
3042,0.06126494107819702
3043,0.04576954626093176
3044,0.050467859648565414
3045,0.03294343905785485
3046,0.11113633246221037
3047,0.07187511267178946
3048,0.07419146202147729
3049,0.044298105555134894
3050,0.12919480614845036
3051,0.0521330604156563
3052,0.0340511524412236
3053,0.050467859648565414
3054,0.08155796530189055
3055,0.1253937758578759
3056,0.07903125771029479
3057,0.05385008895239068
3058,0.07419146202147729
3059,0.14969342319192988
3060,0.04885310630405945
3061,0.1370913686325979
3062,0.03637532268518375
3063,0.04885310630405945
3064,0.0895851163769912
3065,0.06126494107819702
3066,0.11456179056371053
3067,0.059326311972524026
3068,0.044298105555134894
3069,0.1013931778423964
3070,0.08415807244319695
3071,0.031870571610423684
3072,0.030831530235430404
3073,0.07903125771029479
3074,0.0521330604156563
3075,0.09831774697482025
3076,0.07903125771029479
3077,0.03637532268518375
3078,0.02525362158524688
3079,0.035194756820265335
3080,0.1253937758578759
3081,0.04885310630405945
3082,0.07903125771029479
3083,0.04287184471684473
3084,0.05744527367010645
3085,0.059326311972524026
3086,0.02442486287796552
3087,0.12919480614845036
3088,0.07187511267178946
3089,0.07419146202147729
3090,0.0521330604156563
3091,0.02284615406529167
3092,0.04885310630405945
3093,0.05562035029109824
3094,0.037593946162112056
3095,0.03885174918700678
3096,0.044298105555134894
3097,0.05744527367010645
3098,0.050467859648565414
3099,0.0521330604156563
3100,0.0895851163769912
3101,0.0472874451224437
3102,0.12168894794618093
3103,0.1253937758578759
3104,0.0472874451224437
3105,0.05562035029109824
3106,0.04287184471684473
3107,0.07903125771029479
3108,0.01868507284109021
3109,0.050467859648565414
3110,0.06744146074358998
3111,0.03637532268518375
3112,0.07903125771029479
3113,0.06744146074358998
3114,0.05562035029109824
3115,0.04148951147230672
3116,0.044298105555134894
3117,0.06532098566628583
3118,0.13309352252567752
3119,0.030831530235430404
3120,0.03885174918700678
3121,0.07657630222726251
3122,0.05744527367010645
3123,0.029825320005255892
3124,0.02885097064418959
3125,0.07903125771029479
3126,0.02442486287796552
3127,0.02525362158524688
3128,0.07419146202147729
3129,0.09241538285980007
3130,0.11113633246221037
3131,0.09241538285980007
3132,0.07903125771029479
3133,0.0521330604156563
3134,0.1253937758578759
3135,0.09831774697482025
3136,0.037593946162112056
3137,0.04148951147230672
3138,0.07187511267178946
3139,0.02284615406529167
3140,0.059326311972524026
3141,0.05385008895239068
3142,0.09241538285980007
3143,0.07903125771029479
3144,0.08155796530189055
3145,0.11113633246221037
3146,0.06326265912384453
3147,0.037593946162112056
3148,0.05744527367010645
3149,0.0895851163769912
3150,0.06744146074358998
3151,0.02525362158524688
3152,0.06126494107819702
3153,0.05385008895239068
3154,0.05385008895239068
3155,0.05562035029109824
3156,0.1411897434506853
3157,0.03637532268518375
3158,0.07419146202147729
3159,0.07903125771029479
3160,0.044298105555134894
3161,0.029825320005255892
3162,0.09831774697482025
3163,0.08155796530189055
3164,0.0340511524412236
3165,0.09532570362584843
3166,0.02442486287796552
3167,0.04014987964502801
3168,0.04287184471684473
3169,0.10455365490510782
3170,0.11456179056371053
3171,0.06744146074358998
3172,0.0340511524412236
3173,0.07187511267178946
3174,0.04014987964502801
3175,0.06744146074358998
3176,0.1013931778423964
3177,0.06744146074358998
3178,0.0521330604156563
3179,0.05744527367010645
3180,0.02790753622320684
3181,0.01633396259861487
3182,0.11456179056371053
3183,0.07903125771029479
3184,0.12168894794618093
3185,0.0340511524412236
3186,0.1013931778423964
3187,0.0895851163769912
3188,0.06326265912384453
3189,0.04148951147230672
3190,0.06532098566628583
3191,0.06744146074358998
3192,0.09532570362584843
3193,0.08415807244319695
3194,0.029825320005255892
3195,0.06326265912384453
3196,0.11113633246221037
3197,0.09241538285980007
3198,0.09241538285980007
3199,0.0895851163769912
3200,0.04576954626093176
3201,0.01579318133211142
3202,0.08415807244319695
3203,0.06532098566628583
3204,0.10455365490510782
3205,0.11113633246221037
3206,0.08415807244319695
3207,0.03637532268518375
3208,0.11113633246221037
3209,0.044298105555134894
3210,0.10780082751501731
3211,0.06532098566628583
3212,0.06744146074358998
3213,0.04885310630405945
3214,0.0340511524412236
3215,0.12168894794618093
3216,0.029825320005255892
3217,0.04014987964502801
3218,0.05744527367010645
3219,0.06126494107819702
3220,0.11113633246221037
3221,0.059326311972524026
3222,0.05562035029109824
3223,0.07419146202147729
3224,0.08415807244319695
3225,0.050467859648565414
3226,0.09532570362584843
3227,0.07419146202147729
3228,0.06126494107819702
3229,0.013800835280468386
3230,0.02790753622320684
3231,0.08683323524129412
3232,0.06744146074358998
3233,0.07419146202147729
3234,0.05385008895239068
3235,0.13309352252567752
3236,0.09241538285980007
3237,0.08155796530189055
3238,0.11807880307813506
3239,0.1411897434506853
3240,0.09241538285980007
3241,0.11807880307813506
3242,0.09241538285980007
3243,0.0521330604156563
3244,0.06962564382891834
3245,0.09831774697482025
3246,0.03885174918700678
3247,0.04014987964502801
3248,0.06126494107819702
3249,0.10780082751501731
3250,0.06532098566628583
3251,0.01806788128844435
3252,0.06326265912384453
3253,0.1013931778423964
3254,0.05562035029109824
3255,0.1253937758578759
3256,0.04287184471684473
3257,0.03294343905785485
3258,0.0472874451224437
3259,0.06744146074358998
3260,0.04014987964502801
3261,0.04148951147230672
3262,0.04885310630405945
3263,0.04014987964502801
3264,0.05744527367010645
3265,0.05744527367010645
3266,0.04014987964502801
3267,0.1370913686325979
3268,0.12168894794618093
3269,0.04885310630405945
3270,0.0521330604156563
3271,0.04885310630405945
3272,0.10455365490510782
3273,0.09831774697482025
3274,0.0521330604156563
3275,0.0521330604156563
3276,0.14538999654972165
3277,0.05562035029109824
3278,0.0895851163769912
3279,0.08155796530189055
3280,0.044298105555134894
3281,0.1013931778423964
3282,0.026994094835726477
3283,0.14538999654972165
3284,0.05385008895239068
3285,0.08155796530189055
3286,0.10455365490510782
3287,0.030831530235430404
3288,0.1411897434506853
3289,0.09532570362584843
3290,0.12168894794618093
3291,0.044298105555134894
3292,0.08683323524129412
3293,0.06326265912384453
3294,0.09831774697482025
3295,0.08415807244319695
3296,0.06326265912384453
3297,0.030831530235430404
3298,0.05562035029109824
3299,0.11456179056371053
3300,0.04287184471684473
3301,0.08155796530189055
3302,0.0521330604156563
3303,0.07419146202147729
3304,0.13309352252567752
3305,0.04287184471684473
3306,0.03885174918700678
3307,0.08155796530189055
3308,0.030831530235430404
3309,0.08683323524129412
3310,0.07419146202147729
3311,0.030831530235430404
3312,0.03294343905785485
3313,0.04287184471684473
3314,0.0472874451224437
3315,0.02885097064418959
3316,0.08415807244319695
3317,0.06326265912384453
3318,0.04576954626093176
3319,0.09241538285980007
3320,0.07187511267178946
3321,0.06962564382891834
3322,0.026994094835726477
3323,0.14538999654972165
3324,0.09241538285980007
3325,0.07419146202147729
3326,0.09532570362584843
3327,0.06532098566628583
3328,0.019322932527049887
3329,0.06962564382891834
3330,0.05385008895239068
3331,0.020663328957880672
3332,0.05562035029109824
3333,0.11113633246221037
3334,0.0895851163769912
3335,0.0521330604156563
3336,0.026109748256448687
3337,0.03885174918700678
3338,0.08155796530189055
3339,0.04014987964502801
3340,0.0472874451224437
3341,0.0521330604156563
3342,0.08415807244319695
3343,0.1370913686325979
3344,0.06326265912384453
3345,0.0521330604156563
3346,0.04287184471684473
3347,0.11456179056371053
3348,0.11113633246221037
3349,0.11807880307813506
3350,0.07419146202147729
3351,0.04287184471684473
3352,0.04148951147230672
3353,0.07187511267178946
3354,0.06962564382891834
3355,0.06126494107819702
3356,0.06126494107819702
3357,0.06326265912384453
3358,0.06744146074358998
3359,0.02525362158524688
3360,0.08683323524129412
3361,0.06962564382891834
3362,0.020663328957880672
3363,0.11456179056371053
3364,0.0521330604156563
3365,0.04148951147230672
3366,0.03637532268518375
3367,0.05744527367010645
3368,0.1013931778423964
3369,0.0472874451224437
3370,0.0340511524412236
3371,0.044298105555134894
3372,0.08415807244319695
3373,0.06744146074358998
3374,0.07903125771029479
3375,0.059326311972524026
3376,0.06744146074358998
3377,0.07187511267178946
3378,0.03885174918700678
3379,0.06744146074358998
3380,0.07187511267178946
3381,0.06744146074358998
3382,0.037593946162112056
3383,0.07657630222726251
3384,0.06532098566628583
3385,0.11456179056371053
3386,0.09241538285980007
3387,0.04148951147230672
3388,0.11113633246221037
3389,0.044298105555134894
3390,0.07657630222726251
3391,0.04148951147230672
3392,0.08415807244319695
3393,0.04148951147230672
3394,0.11807880307813506
3395,0.06326265912384453
3396,0.04885310630405945
3397,0.10455365490510782
3398,0.0895851163769912
3399,0.08155796530189055
3400,0.059326311972524026
3401,0.1411897434506853
3402,0.05744527367010645
3403,0.11456179056371053
3404,0.1013931778423964
3405,0.07903125771029479
3406,0.07657630222726251
3407,0.059326311972524026
3408,0.06744146074358998
3409,0.050467859648565414
3410,0.04885310630405945
3411,0.1370913686325979
3412,0.11456179056371053
3413,0.1013931778423964
3414,0.05744527367010645
3415,0.0340511524412236
3416,0.07657630222726251
3417,0.06532098566628583
3418,0.04287184471684473
3419,0.05385008895239068
3420,0.11807880307813506
3421,0.059326311972524026
3422,0.0895851163769912
3423,0.11807880307813506
3424,0.09831774697482025
3425,0.05562035029109824
3426,0.07187511267178946
3427,0.026109748256448687
3428,0.06962564382891834
3429,0.10455365490510782
3430,0.06532098566628583
3431,0.0340511524412236
3432,0.04148951147230672
3433,0.02790753622320684
3434,0.07657630222726251
3435,0.1013931778423964
3436,0.10780082751501731
3437,0.020663328957880672
3438,0.11113633246221037
3439,0.08683323524129412
3440,0.05744527367010645
3441,0.03637532268518375
3442,0.12919480614845036
3443,0.0895851163769912
3444,0.0521330604156563
3445,0.02284615406529167
3446,0.09241538285980007
3447,0.0521330604156563
3448,0.03294343905785485
3449,0.050467859648565414
3450,0.08155796530189055
3451,0.04287184471684473
3452,0.02442486287796552
3453,0.1013931778423964
3454,0.029825320005255892
3455,0.02136725069186659
3456,0.02790753622320684
3457,0.09241538285980007
3458,0.06744146074358998
3459,0.07657630222726251
3460,0.04287184471684473
3461,0.037593946162112056
3462,0.07419146202147729
3463,0.044298105555134894
3464,0.09831774697482025
3465,0.06962564382891834
3466,0.0521330604156563
3467,0.1013931778423964
3468,0.03885174918700678
3469,0.04576954626093176
3470,0.09532570362584843
3471,0.05562035029109824
3472,0.06126494107819702
3473,0.07419146202147729
3474,0.07903125771029479
3475,0.06326265912384453
3476,0.05744527367010645
3477,0.07903125771029479
3478,0.04148951147230672
3479,0.09831774697482025
3480,0.031870571610423684
3481,0.04148951147230672
3482,0.0472874451224437
3483,0.06126494107819702
3484,0.09831774697482025
3485,0.0472874451224437
3486,0.044298105555134894
3487,0.05562035029109824
3488,0.06744146074358998
3489,0.10455365490510782
3490,0.06532098566628583
3491,0.05562035029109824
3492,0.11456179056371053
3493,0.0472874451224437
3494,0.03885174918700678
3495,0.05562035029109824
3496,0.0895851163769912
3497,0.029825320005255892
3498,0.11113633246221037
3499,0.07657630222726251
3500,0.035194756820265335
3501,0.04148951147230672
3502,0.07419146202147729
3503,0.07419146202147729
3504,0.0340511524412236
3505,0.12919480614845036
3506,0.02790753622320684
3507,0.09532570362584843
3508,0.12919480614845036
3509,0.07903125771029479
3510,0.1013931778423964
3511,0.044298105555134894
3512,0.04014987964502801
3513,0.0521330604156563
3514,0.04576954626093176
3515,0.05744527367010645
3516,0.05385008895239068
3517,0.07903125771029479
3518,0.05385008895239068
3519,0.0521330604156563
3520,0.10780082751501731
3521,0.03885174918700678
3522,0.08415807244319695
3523,0.04014987964502801
3524,0.04148951147230672
3525,0.02885097064418959
3526,0.10780082751501731
3527,0.016892943165924136
3528,0.07903125771029479
3529,0.08415807244319695
3530,0.0472874451224437
3531,0.10780082751501731
3532,0.07419146202147729
3533,0.10455365490510782
3534,0.026994094835726477
3535,0.09532570362584843
3536,0.04885310630405945
3537,0.03885174918700678
3538,0.04287184471684473
3539,0.04885310630405945
3540,0.07187511267178946
3541,0.06744146074358998
3542,0.08155796530189055
3543,0.07657630222726251
3544,0.07419146202147729
3545,0.09532570362584843
3546,0.03637532268518375
3547,0.059326311972524026
3548,0.02790753622320684
3549,0.08415807244319695
3550,0.04287184471684473
3551,0.14969342319192988
3552,0.06126494107819702
3553,0.0340511524412236
3554,0.04014987964502801
3555,0.15410125929925808
3556,0.04885310630405945
3557,0.04148951147230672
3558,0.14538999654972165
3559,0.11807880307813506
3560,0.05744527367010645
3561,0.07419146202147729
3562,0.02790753622320684
3563,0.050467859648565414
3564,0.08155796530189055
3565,0.037593946162112056
3566,0.10455365490510782
3567,0.06744146074358998
3568,0.11807880307813506
3569,0.059326311972524026
3570,0.04148951147230672
3571,0.0895851163769912
3572,0.04014987964502801
3573,0.03637532268518375
3574,0.07419146202147729
3575,0.06532098566628583
3576,0.044298105555134894
3577,0.06126494107819702
3578,0.06744146074358998
3579,0.03637532268518375
3580,0.05385008895239068
3581,0.03885174918700678
3582,0.06326265912384453
3583,0.07419146202147729
3584,0.04014987964502801
3585,0.0472874451224437
3586,0.04287184471684473
3587,0.11807880307813506
3588,0.0895851163769912
3589,0.059326311972524026
3590,0.09241538285980007
3591,0.0521330604156563
3592,0.05562035029109824
3593,0.06126494107819702
3594,0.037593946162112056
3595,0.030831530235430404
3596,0.022094611379221522
3597,0.11807880307813506
3598,0.030831530235430404
3599,0.1013931778423964
3600,0.06126494107819702
3601,0.07187511267178946
3602,0.06744146074358998
3603,0.07187511267178946
3604,0.06532098566628583
3605,0.06962564382891834
3606,0.11113633246221037
3607,0.07187511267178946
3608,0.05744527367010645
3609,0.1370913686325979
3610,0.05562035029109824
3611,0.14969342319192988
3612,0.05744527367010645
3613,0.07419146202147729
3614,0.0472874451224437
3615,0.04287184471684473
3616,0.0472874451224437
3617,0.05385008895239068
3618,0.06126494107819702
3619,0.05744527367010645
3620,0.035194756820265335
3621,0.06962564382891834
3622,0.06532098566628583
3623,0.04148951147230672
3624,0.044298105555134894
3625,0.037593946162112056
3626,0.04885310630405945
3627,0.0472874451224437
3628,0.044298105555134894
3629,0.11807880307813506
3630,0.06126494107819702
3631,0.11113633246221037
3632,0.07903125771029479
3633,0.08155796530189055
3634,0.11807880307813506
3635,0.06744146074358998
3636,0.07419146202147729
3637,0.02525362158524688
3638,0.06126494107819702
3639,0.08155796530189055
3640,0.08155796530189055
3641,0.044298105555134894
3642,0.04148951147230672
3643,0.07187511267178946
3644,0.07419146202147729
3645,0.11113633246221037
3646,0.059326311972524026
3647,0.044298105555134894
3648,0.035194756820265335
3649,0.059326311972524026
3650,0.09532570362584843
3651,0.09532570362584843
3652,0.1370913686325979
3653,0.06744146074358998
3654,0.04287184471684473
3655,0.06126494107819702
3656,0.09831774697482025
3657,0.07419146202147729
3658,0.050467859648565414
3659,0.03637532268518375
3660,0.07419146202147729
3661,0.04148951147230672
3662,0.01579318133211142
3663,0.037593946162112056
3664,0.030831530235430404
3665,0.04885310630405945
3666,0.07187511267178946
3667,0.11456179056371053
3668,0.07187511267178946
3669,0.07187511267178946
3670,0.03885174918700678
3671,0.12168894794618093
3672,0.04576954626093176
3673,0.04287184471684473
3674,0.05385008895239068
3675,0.0340511524412236
3676,0.026109748256448687
3677,0.07903125771029479
3678,0.05744527367010645
3679,0.12919480614845036
3680,0.03885174918700678
3681,0.030831530235430404
3682,0.05562035029109824
3683,0.044298105555134894
3684,0.029825320005255892
3685,0.13309352252567752
3686,0.08155796530189055
3687,0.14538999654972165
3688,0.050467859648565414
3689,0.04885310630405945
3690,0.09831774697482025
3691,0.09532570362584843
3692,0.07187511267178946
3693,0.04576954626093176
3694,0.07419146202147729
3695,0.06744146074358998
3696,0.09241538285980007
3697,0.037593946162112056
3698,0.01806788128844435
3699,0.04885310630405945
3700,0.0340511524412236
3701,0.04576954626093176
3702,0.044298105555134894
3703,0.08155796530189055
3704,0.1370913686325979
3705,0.15410125929925808
3706,0.07187511267178946
3707,0.15410125929925808
3708,0.06532098566628583
3709,0.11113633246221037
3710,0.04287184471684473
3711,0.0521330604156563
3712,0.12919480614845036
3713,0.08415807244319695
3714,0.06126494107819702
3715,0.11807880307813506
3716,0.0472874451224437
3717,0.0521330604156563
3718,0.06126494107819702
3719,0.10455365490510782
3720,0.04576954626093176
3721,0.04885310630405945
3722,0.07419146202147729
3723,0.09241538285980007
3724,0.0895851163769912
3725,0.06532098566628583
3726,0.0472874451224437
3727,0.07419146202147729
3728,0.05744527367010645
3729,0.10455365490510782
3730,0.07419146202147729
3731,0.08155796530189055
3732,0.04576954626093176
3733,0.07187511267178946
3734,0.035194756820265335
3735,0.08683323524129412
3736,0.02885097064418959
3737,0.09831774697482025
3738,0.06962564382891834
3739,0.023622642765858633
3740,0.022094611379221522
3741,0.1370913686325979
3742,0.04148951147230672
3743,0.050467859648565414
3744,0.07657630222726251
3745,0.05385008895239068
3746,0.11113633246221037
3747,0.05562035029109824
3748,0.08155796530189055
3749,0.050467859648565414
3750,0.02284615406529167
3751,0.09241538285980007
3752,0.09532570362584843
3753,0.12919480614845036
3754,0.1013931778423964
3755,0.05385008895239068
3756,0.06532098566628583
3757,0.07657630222726251
3758,0.0472874451224437
3759,0.0521330604156563
3760,0.029825320005255892
3761,0.09241538285980007
3762,0.04148951147230672
3763,0.02790753622320684
3764,0.03294343905785485
3765,0.07903125771029479
3766,0.059326311972524026
3767,0.11456179056371053
3768,0.02525362158524688
3769,0.03637532268518375
3770,0.07419146202147729
3771,0.07903125771029479
3772,0.059326311972524026
3773,0.06326265912384453
3774,0.1253937758578759
3775,0.07657630222726251
3776,0.09532570362584843
3777,0.08415807244319695
3778,0.035194756820265335
3779,0.059326311972524026
3780,0.09532570362584843
3781,0.0472874451224437
3782,0.0340511524412236
3783,0.06326265912384453
3784,0.09241538285980007
3785,0.07187511267178946
3786,0.05744527367010645
3787,0.0895851163769912
3788,0.11456179056371053
3789,0.0895851163769912
3790,0.07187511267178946
3791,0.01868507284109021
3792,0.0895851163769912
3793,0.07419146202147729
3794,0.13309352252567752
3795,0.09532570362584843
3796,0.08683323524129412
3797,0.0472874451224437
3798,0.04287184471684473
3799,0.10455365490510782
3800,0.08415807244319695
3801,0.02885097064418959
3802,0.05562035029109824
3803,0.04014987964502801
3804,0.08415807244319695
3805,0.01868507284109021
3806,0.050467859648565414
3807,0.07903125771029479
3808,0.1411897434506853
3809,0.1253937758578759
3810,0.07187511267178946
3811,0.07657630222726251
3812,0.10780082751501731
3813,0.02790753622320684
3814,0.019322932527049887
3815,0.07187511267178946
3816,0.03294343905785485
3817,0.02885097064418959
3818,0.1253937758578759
3819,0.07419146202147729
3820,0.05385008895239068
3821,0.05744527367010645
3822,0.05562035029109824
3823,0.12919480614845036
3824,0.06962564382891834
3825,0.06532098566628583
3826,0.031870571610423684
3827,0.09532570362584843
3828,0.09241538285980007
3829,0.044298105555134894
3830,0.09532570362584843
3831,0.0521330604156563
3832,0.12168894794618093
3833,0.07903125771029479
3834,0.03294343905785485
3835,0.09532570362584843
3836,0.11113633246221037
3837,0.11807880307813506
3838,0.02790753622320684
3839,0.08155796530189055
3840,0.07187511267178946
3841,0.07657630222726251
3842,0.08415807244319695
3843,0.1411897434506853
3844,0.02885097064418959
3845,0.050467859648565414
3846,0.04287184471684473
3847,0.050467859648565414
3848,0.0472874451224437
3849,0.029825320005255892
3850,0.04576954626093176
3851,0.029825320005255892
3852,0.11113633246221037
3853,0.13309352252567752
3854,0.0521330604156563
3855,0.08155796530189055
3856,0.1411897434506853
3857,0.035194756820265335
3858,0.12168894794618093
3859,0.12168894794618093
3860,0.04576954626093176
3861,0.0472874451224437
3862,0.04148951147230672
3863,0.10455365490510782
3864,0.05385008895239068
3865,0.026109748256448687
3866,0.06126494107819702
3867,0.07657630222726251
3868,0.06532098566628583
3869,0.022094611379221522
3870,0.022094611379221522
3871,0.10455365490510782
3872,0.07419146202147729
3873,0.06326265912384453
3874,0.1370913686325979
3875,0.06532098566628583
3876,0.12168894794618093
3877,0.09831774697482025
3878,0.0472874451224437
3879,0.09241538285980007
3880,0.03637532268518375
3881,0.04885310630405945
3882,0.0895851163769912
3883,0.07657630222726251
3884,0.09241538285980007
3885,0.06962564382891834
3886,0.11807880307813506
3887,0.059326311972524026
3888,0.0521330604156563
3889,0.05562035029109824
3890,0.08415807244319695
3891,0.05385008895239068
3892,0.03294343905785485
3893,0.04576954626093176
3894,0.07187511267178946
3895,0.04885310630405945
3896,0.0472874451224437
3897,0.09831774697482025
3898,0.035194756820265335
3899,0.07903125771029479
3900,0.059326311972524026
3901,0.059326311972524026
3902,0.0340511524412236
3903,0.1370913686325979
3904,0.15410125929925808
3905,0.022094611379221522
3906,0.04287184471684473
3907,0.04148951147230672
3908,0.05385008895239068
3909,0.0472874451224437
3910,0.05385008895239068
3911,0.11113633246221037
3912,0.03637532268518375
3913,0.07187511267178946
3914,0.031870571610423684
3915,0.04287184471684473
3916,0.07419146202147729
3917,0.09831774697482025
3918,0.0895851163769912
3919,0.08155796530189055
3920,0.04885310630405945
3921,0.12168894794618093
3922,0.0521330604156563
3923,0.03637532268518375
3924,0.06744146074358998
3925,0.05562035029109824
3926,0.06744146074358998
3927,0.07657630222726251
3928,0.059326311972524026
3929,0.13309352252567752
3930,0.07903125771029479
3931,0.09831774697482025
3932,0.03885174918700678
3933,0.06962564382891834
3934,0.08415807244319695
3935,0.07657630222726251
3936,0.059326311972524026
3937,0.05744527367010645
3938,0.0472874451224437
3939,0.044298105555134894
3940,0.11807880307813506
3941,0.04576954626093176
3942,0.12168894794618093
3943,0.1370913686325979
3944,0.04576954626093176
3945,0.04014987964502801
3946,0.13309352252567752
3947,0.050467859648565414
3948,0.05562035029109824
3949,0.0895851163769912
3950,0.050467859648565414
3951,0.03885174918700678
3952,0.1253937758578759
3953,0.07187511267178946
3954,0.05385008895239068
3955,0.06326265912384453
3956,0.01998212368725082
3957,0.09241538285980007
3958,0.1013931778423964
3959,0.06962564382891834
3960,0.03885174918700678
3961,0.059326311972524026
3962,0.11807880307813506
3963,0.06744146074358998
3964,0.03637532268518375
3965,0.0895851163769912
3966,0.05385008895239068
3967,0.037593946162112056
3968,0.04287184471684473
3969,0.05562035029109824
3970,0.037593946162112056
3971,0.08155796530189055
3972,0.09831774697482025
3973,0.1253937758578759
3974,0.07903125771029479
3975,0.044298105555134894
3976,0.05744527367010645
3977,0.04014987964502801
3978,0.050467859648565414
3979,0.06326265912384453
3980,0.11113633246221037
3981,0.06962564382891834
3982,0.1370913686325979
3983,0.031870571610423684
3984,0.04885310630405945
3985,0.0340511524412236
3986,0.05562035029109824
3987,0.1013931778423964
3988,0.12168894794618093
3989,0.04287184471684473
3990,0.06326265912384453
3991,0.08415807244319695
3992,0.10455365490510782
3993,0.04885310630405945
3994,0.0521330604156563
3995,0.0472874451224437
3996,0.06962564382891834
3997,0.03885174918700678
3998,0.06532098566628583
3999,0.07187511267178946
4000,0.10780082751501731
4001,0.1411897434506853
4002,0.050467859648565414
4003,0.06744146074358998
4004,0.06962564382891834
4005,0.03294343905785485
4006,0.02525362158524688
4007,0.0521330604156563
4008,0.08155796530189055
4009,0.10455365490510782
4010,0.0521330604156563
4011,0.10780082751501731
4012,0.13309352252567752
4013,0.10780082751501731
4014,0.07903125771029479
4015,0.02136725069186659
4016,0.0521330604156563
4017,0.09532570362584843
4018,0.06126494107819702
4019,0.050467859648565414
4020,0.06962564382891834
4021,0.08415807244319695
4022,0.03294343905785485
4023,0.1253937758578759
4024,0.09532570362584843
4025,0.14538999654972165
4026,0.037593946162112056
4027,0.030831530235430404
4028,0.04885310630405945
4029,0.07419146202147729
4030,0.031870571610423684
4031,0.059326311972524026
4032,0.1013931778423964
4033,0.09831774697482025
4034,0.0472874451224437
4035,0.04885310630405945
4036,0.0340511524412236
4037,0.059326311972524026
4038,0.050467859648565414
4039,0.0895851163769912
4040,0.06532098566628583
4041,0.08683323524129412
4042,0.07903125771029479
4043,0.044298105555134894
4044,0.01998212368725082
4045,0.037593946162112056
4046,0.07419146202147729
4047,0.07657630222726251
4048,0.0521330604156563
4049,0.03885174918700678
4050,0.06326265912384453
4051,0.05385008895239068
4052,0.0521330604156563
4053,0.044298105555134894
4054,0.026109748256448687
4055,0.04287184471684473
4056,0.03885174918700678
4057,0.07419146202147729
4058,0.1253937758578759
4059,0.06744146074358998
4060,0.059326311972524026
4061,0.04287184471684473
4062,0.09241538285980007
4063,0.06744146074358998
4064,0.07187511267178946
4065,0.1411897434506853
4066,0.035194756820265335
4067,0.03885174918700678
4068,0.06962564382891834
4069,0.13309352252567752
4070,0.04576954626093176
4071,0.07187511267178946
4072,0.029825320005255892
4073,0.06126494107819702
4074,0.07419146202147729
4075,0.07187511267178946
4076,0.07657630222726251
4077,0.06326265912384453
4078,0.08683323524129412
4079,0.06532098566628583
4080,0.08415807244319695
4081,0.07903125771029479
4082,0.06744146074358998
4083,0.08155796530189055
4084,0.07903125771029479
4085,0.08683323524129412
4086,0.08155796530189055
4087,0.09831774697482025
4088,0.09831774697482025
4089,0.10455365490510782
4090,0.037593946162112056
4091,0.0521330604156563
4092,0.050467859648565414
4093,0.09831774697482025
4094,0.05744527367010645
4095,0.11807880307813506
4096,0.08683323524129412
4097,0.037593946162112056
4098,0.04885310630405945
4099,0.06326265912384453
4100,0.0472874451224437
4101,0.04576954626093176
4102,0.04576954626093176
4103,0.0521330604156563
4104,0.14969342319192988
4105,0.08415807244319695
4106,0.04287184471684473
4107,0.07419146202147729
4108,0.04148951147230672
4109,0.15410125929925808
4110,0.1253937758578759
4111,0.04014987964502801
4112,0.07419146202147729
4113,0.03637532268518375
4114,0.04885310630405945
4115,0.08683323524129412
4116,0.044298105555134894
4117,0.022094611379221522
4118,0.0472874451224437
4119,0.059326311972524026
4120,0.03637532268518375
4121,0.037593946162112056
4122,0.06532098566628583
4123,0.0340511524412236
4124,0.10780082751501731
4125,0.12168894794618093
4126,0.02525362158524688
4127,0.07187511267178946
4128,0.09831774697482025
4129,0.06532098566628583
4130,0.09241538285980007
4131,0.06962564382891834
4132,0.06532098566628583
4133,0.02284615406529167
4134,0.01806788128844435
4135,0.029825320005255892
4136,0.06532098566628583
4137,0.09831774697482025
4138,0.0895851163769912
4139,0.04576954626093176
4140,0.08683323524129412
4141,0.06962564382891834
4142,0.01998212368725082
4143,0.0472874451224437
4144,0.06532098566628583
4145,0.04014987964502801
4146,0.06532098566628583
4147,0.06744146074358998
4148,0.06962564382891834
4149,0.08683323524129412
4150,0.02885097064418959
4151,0.09241538285980007
4152,0.07903125771029479
4153,0.044298105555134894
4154,0.04885310630405945
4155,0.12168894794618093
4156,0.02525362158524688
4157,0.08683323524129412
4158,0.06744146074358998
4159,0.11456179056371053
4160,0.09241538285980007
4161,0.07419146202147729
4162,0.04576954626093176
4163,0.09532570362584843
4164,0.04885310630405945
4165,0.1370913686325979
4166,0.09831774697482025
4167,0.04885310630405945
4168,0.03637532268518375
4169,0.11113633246221037
4170,0.05385008895239068
4171,0.11113633246221037
4172,0.06744146074358998
4173,0.04576954626093176
4174,0.12919480614845036
4175,0.07419146202147729
4176,0.05385008895239068
4177,0.026994094835726477
4178,0.050467859648565414
4179,0.04885310630405945
4180,0.06962564382891834
4181,0.06326265912384453
4182,0.06326265912384453
4183,0.06326265912384453
4184,0.07903125771029479
4185,0.06326265912384453
4186,0.04576954626093176
4187,0.05385008895239068
4188,0.09532570362584843
4189,0.12919480614845036
4190,0.050467859648565414
4191,0.0521330604156563
4192,0.07657630222726251
4193,0.10780082751501731
4194,0.08683323524129412
4195,0.07187511267178946
4196,0.08415807244319695
4197,0.09241538285980007
4198,0.03885174918700678
4199,0.08415807244319695
4200,0.04014987964502801
4201,0.08155796530189055
4202,0.03294343905785485
4203,0.029825320005255892
4204,0.04885310630405945
4205,0.06532098566628583
4206,0.07903125771029479
4207,0.11456179056371053
4208,0.04576954626093176
4209,0.0340511524412236
4210,0.1370913686325979
4211,0.03885174918700678
4212,0.0895851163769912
4213,0.059326311972524026
4214,0.050467859648565414
4215,0.0340511524412236
4216,0.04014987964502801
4217,0.02790753622320684
4218,0.0340511524412236
4219,0.07657630222726251
4220,0.1411897434506853
4221,0.08155796530189055
4222,0.08415807244319695
4223,0.12168894794618093
4224,0.09241538285980007
4225,0.05385008895239068
4226,0.10780082751501731
4227,0.08415807244319695
4228,0.07419146202147729
4229,0.06744146074358998
4230,0.07187511267178946
4231,0.0521330604156563
4232,0.08155796530189055
4233,0.044298105555134894
4234,0.04014987964502801
4235,0.09831774697482025
4236,0.06962564382891834
4237,0.050467859648565414
4238,0.05385008895239068
4239,0.06326265912384453
4240,0.0472874451224437
4241,0.1411897434506853
4242,0.07903125771029479
4243,0.04576954626093176
4244,0.04014987964502801
4245,0.07657630222726251
4246,0.022094611379221522
4247,0.15410125929925808
4248,0.07903125771029479
4249,0.13309352252567752
4250,0.059326311972524026
4251,0.059326311972524026
4252,0.04885310630405945
4253,0.06744146074358998
4254,0.13309352252567752
4255,0.06744146074358998
4256,0.07903125771029479
4257,0.04148951147230672
4258,0.06744146074358998
4259,0.05562035029109824
4260,0.14969342319192988
4261,0.029825320005255892
4262,0.05562035029109824
4263,0.07903125771029479
4264,0.03637532268518375
4265,0.03885174918700678
4266,0.04014987964502801
4267,0.10780082751501731
4268,0.06126494107819702
4269,0.03885174918700678
4270,0.1013931778423964
4271,0.030831530235430404
4272,0.0472874451224437
4273,0.0521330604156563
4274,0.08683323524129412
4275,0.05744527367010645
4276,0.06532098566628583
4277,0.06744146074358998
4278,0.04148951147230672
4279,0.06532098566628583
4280,0.10455365490510782
4281,0.06126494107819702
4282,0.06126494107819702
4283,0.02284615406529167
4284,0.05744527367010645
4285,0.04287184471684473
4286,0.030831530235430404
4287,0.06744146074358998
4288,0.03294343905785485
4289,0.044298105555134894
4290,0.04576954626093176
4291,0.14538999654972165
4292,0.06326265912384453
4293,0.06126494107819702
4294,0.11807880307813506
4295,0.05385008895239068
4296,0.07657630222726251
4297,0.05562035029109824
4298,0.04014987964502801
4299,0.14969342319192988
4300,0.0472874451224437
4301,0.04148951147230672
4302,0.0472874451224437
4303,0.06744146074358998
4304,0.06962564382891834
4305,0.15410125929925808
4306,0.1370913686325979
4307,0.05744527367010645
4308,0.1013931778423964
4309,0.1253937758578759
4310,0.11456179056371053
4311,0.10780082751501731
4312,0.05385008895239068
4313,0.0472874451224437
4314,0.1370913686325979
4315,0.0895851163769912
4316,0.09532570362584843
4317,0.0472874451224437
4318,0.11456179056371053
4319,0.04885310630405945
4320,0.050467859648565414
4321,0.035194756820265335
4322,0.030831530235430404
4323,0.06532098566628583
4324,0.09241538285980007
4325,0.035194756820265335
4326,0.1013931778423964
4327,0.04287184471684473
4328,0.06744146074358998
4329,0.04148951147230672
4330,0.04885310630405945
4331,0.08155796530189055
4332,0.044298105555134894
4333,0.030831530235430404
4334,0.06962564382891834
4335,0.05744527367010645
4336,0.06744146074358998
4337,0.08683323524129412
4338,0.08683323524129412
4339,0.06326265912384453
4340,0.02284615406529167
4341,0.1013931778423964
4342,0.0521330604156563
4343,0.035194756820265335
4344,0.07187511267178946
4345,0.14969342319192988
4346,0.035194756820265335
4347,0.07419146202147729
4348,0.1013931778423964
4349,0.06532098566628583
4350,0.06532098566628583
4351,0.04014987964502801
4352,0.03294343905785485
4353,0.07903125771029479
4354,0.04287184471684473
4355,0.035194756820265335
4356,0.031870571610423684
4357,0.031870571610423684
4358,0.030831530235430404
4359,0.1013931778423964
4360,0.07419146202147729
4361,0.07419146202147729
4362,0.02442486287796552
4363,0.06126494107819702
4364,0.15410125929925808
4365,0.07187511267178946
4366,0.08155796530189055
4367,0.0895851163769912
4368,0.06744146074358998
4369,0.06532098566628583
4370,0.06126494107819702
4371,0.1411897434506853
4372,0.03885174918700678
4373,0.04576954626093176
4374,0.06744146074358998
4375,0.05744527367010645
4376,0.07419146202147729
4377,0.08155796530189055
4378,0.059326311972524026
4379,0.11113633246221037
4380,0.14969342319192988
4381,0.02442486287796552
4382,0.06962564382891834
4383,0.037593946162112056
4384,0.02525362158524688
4385,0.06962564382891834
4386,0.04287184471684473
4387,0.0340511524412236
4388,0.06962564382891834
4389,0.0521330604156563
4390,0.06744146074358998
4391,0.07419146202147729
4392,0.06126494107819702
4393,0.1013931778423964
4394,0.029825320005255892
4395,0.020663328957880672
4396,0.10455365490510782
4397,0.06744146074358998
4398,0.04148951147230672
4399,0.06532098566628583
4400,0.04148951147230672
4401,0.06126494107819702
4402,0.12919480614845036
4403,0.04885310630405945
4404,0.037593946162112056
4405,0.04148951147230672
4406,0.10780082751501731
4407,0.0521330604156563
4408,0.10455365490510782
4409,0.06962564382891834
4410,0.022094611379221522
4411,0.026109748256448687
4412,0.07419146202147729
4413,0.0521330604156563
4414,0.06744146074358998
4415,0.04576954626093176
4416,0.07903125771029479
4417,0.08415807244319695
4418,0.08415807244319695
4419,0.03637532268518375
4420,0.1013931778423964
4421,0.07187511267178946
4422,0.0521330604156563
4423,0.044298105555134894
4424,0.09831774697482025
4425,0.059326311972524026
4426,0.04885310630405945
4427,0.09831774697482025
4428,0.04287184471684473
4429,0.11113633246221037
4430,0.05385008895239068
4431,0.11456179056371053
4432,0.050467859648565414
4433,0.07419146202147729
4434,0.08683323524129412
4435,0.0472874451224437
4436,0.1013931778423964
4437,0.0521330604156563
4438,0.07657630222726251
4439,0.0521330604156563
4440,0.05562035029109824
4441,0.12919480614845036
4442,0.0521330604156563
4443,0.050467859648565414
4444,0.06326265912384453
4445,0.04576954626093176
4446,0.050467859648565414
4447,0.04014987964502801
4448,0.0340511524412236
4449,0.02885097064418959
4450,0.06532098566628583
4451,0.1013931778423964
4452,0.06126494107819702
4453,0.0895851163769912
4454,0.12168894794618093
4455,0.05385008895239068
4456,0.04287184471684473
4457,0.02442486287796552
4458,0.11807880307813506
4459,0.0895851163769912
4460,0.044298105555134894
4461,0.14969342319192988
4462,0.04287184471684473
4463,0.1411897434506853
4464,0.07419146202147729
4465,0.06532098566628583
4466,0.04287184471684473
4467,0.07187511267178946
4468,0.026994094835726477
4469,0.10780082751501731
4470,0.02885097064418959
4471,0.0895851163769912
4472,0.06532098566628583
4473,0.03637532268518375
4474,0.06962564382891834
4475,0.11456179056371053
4476,0.02885097064418959
4477,0.03637532268518375
4478,0.05744527367010645
4479,0.059326311972524026
4480,0.13309352252567752
4481,0.02525362158524688
4482,0.10780082751501731
4483,0.06962564382891834
4484,0.11113633246221037
4485,0.05562035029109824
4486,0.02885097064418959
4487,0.05562035029109824
4488,0.10455365490510782
4489,0.0472874451224437
4490,0.029825320005255892
4491,0.08155796530189055
4492,0.07657630222726251
4493,0.05562035029109824
4494,0.0521330604156563
4495,0.01806788128844435
4496,0.04014987964502801
4497,0.026994094835726477
4498,0.07903125771029479
4499,0.05562035029109824
4500,0.04576954626093176
4501,0.030831530235430404
4502,0.05744527367010645
4503,0.11456179056371053
4504,0.11456179056371053
4505,0.026109748256448687
4506,0.06744146074358998
4507,0.06532098566628583
4508,0.04148951147230672
4509,0.023622642765858633
4510,0.050467859648565414
4511,0.11807880307813506
4512,0.07903125771029479
4513,0.06126494107819702
4514,0.13309352252567752
4515,0.12168894794618093
4516,0.08415807244319695
4517,0.08683323524129412
4518,0.059326311972524026
4519,0.05744527367010645
4520,0.04576954626093176
4521,0.0895851163769912
4522,0.1411897434506853
4523,0.08415807244319695
4524,0.1370913686325979
4525,0.044298105555134894
4526,0.08155796530189055
4527,0.0472874451224437
4528,0.04148951147230672
4529,0.022094611379221522
4530,0.06744146074358998
4531,0.06744146074358998
4532,0.12919480614845036
4533,0.044298105555134894
4534,0.05744527367010645
4535,0.1411897434506853
4536,0.1013931778423964
4537,0.12168894794618093
4538,0.06126494107819702
4539,0.0895851163769912
4540,0.03885174918700678
4541,0.11113633246221037
4542,0.04287184471684473
4543,0.04576954626093176
4544,0.06744146074358998
4545,0.06744146074358998
4546,0.1013931778423964
4547,0.11807880307813506
4548,0.0340511524412236
4549,0.0895851163769912
4550,0.035194756820265335
4551,0.05562035029109824
4552,0.10780082751501731
4553,0.07419146202147729
4554,0.09831774697482025
4555,0.0472874451224437
4556,0.04148951147230672
4557,0.15410125929925808
4558,0.02442486287796552
4559,0.04287184471684473
4560,0.06744146074358998
4561,0.11456179056371053
4562,0.03294343905785485
4563,0.04148951147230672
4564,0.0472874451224437
4565,0.13309352252567752
4566,0.06962564382891834
4567,0.08415807244319695
4568,0.08415807244319695
4569,0.09831774697482025
4570,0.03885174918700678
4571,0.11807880307813506
4572,0.03885174918700678
4573,0.06532098566628583
4574,0.04885310630405945
4575,0.03637532268518375
4576,0.02525362158524688
4577,0.1013931778423964
4578,0.07419146202147729
4579,0.04885310630405945
4580,0.026994094835726477
4581,0.06126494107819702
4582,0.059326311972524026
4583,0.06326265912384453
4584,0.06532098566628583
4585,0.11113633246221037
4586,0.020663328957880672
4587,0.04287184471684473
4588,0.10455365490510782
4589,0.0472874451224437
4590,0.14538999654972165
4591,0.02790753622320684
4592,0.06962564382891834
4593,0.05562035029109824
4594,0.03637532268518375
4595,0.04885310630405945
4596,0.15410125929925808
4597,0.0895851163769912
4598,0.035194756820265335
4599,0.050467859648565414
4600,0.04148951147230672
4601,0.03637532268518375
4602,0.04014987964502801
4603,0.1253937758578759
4604,0.07903125771029479
4605,0.0472874451224437
4606,0.0472874451224437
4607,0.0472874451224437
4608,0.037593946162112056
4609,0.04885310630405945
4610,0.04014987964502801
4611,0.07657630222726251
4612,0.0340511524412236
4613,0.06744146074358998
4614,0.03885174918700678
4615,0.05562035029109824
4616,0.07419146202147729
4617,0.014763940816671187
4618,0.044298105555134894
4619,0.06326265912384453
4620,0.04576954626093176
4621,0.11113633246221037
4622,0.0521330604156563
4623,0.050467859648565414
4624,0.07419146202147729
4625,0.07903125771029479
4626,0.0895851163769912
4627,0.050467859648565414
4628,0.07187511267178946
4629,0.08155796530189055
4630,0.07419146202147729
4631,0.059326311972524026
4632,0.031870571610423684
4633,0.0521330604156563
4634,0.02885097064418959
4635,0.07657630222726251
4636,0.02136725069186659
4637,0.04287184471684473
4638,0.07657630222726251
4639,0.06326265912384453
4640,0.0521330604156563
4641,0.08683323524129412
4642,0.0521330604156563
4643,0.03637532268518375
4644,0.07419146202147729
4645,0.044298105555134894
4646,0.06326265912384453
4647,0.037593946162112056
4648,0.037593946162112056
4649,0.050467859648565414
4650,0.05744527367010645
4651,0.08155796530189055
4652,0.07187511267178946
4653,0.04148951147230672
4654,0.07657630222726251
4655,0.059326311972524026
4656,0.07187511267178946
4657,0.08683323524129412
4658,0.08683323524129412
4659,0.02284615406529167
4660,0.0472874451224437
4661,0.04287184471684473
4662,0.030831530235430404
4663,0.044298105555134894
4664,0.04287184471684473
4665,0.08683323524129412
4666,0.06744146074358998
4667,0.031870571610423684
4668,0.04148951147230672
4669,0.05744527367010645
4670,0.09241538285980007
4671,0.07419146202147729
4672,0.07187511267178946
4673,0.04885310630405945
4674,0.09241538285980007
4675,0.07419146202147729
4676,0.044298105555134894
4677,0.12919480614845036
4678,0.06326265912384453
4679,0.023622642765858633
4680,0.02885097064418959
4681,0.08415807244319695
4682,0.11456179056371053
4683,0.044298105555134894
4684,0.05562035029109824
4685,0.050467859648565414
4686,0.05385008895239068
4687,0.044298105555134894
4688,0.0340511524412236
4689,0.1013931778423964
4690,0.02885097064418959
4691,0.059326311972524026
4692,0.06962564382891834
4693,0.12168894794618093
4694,0.030831530235430404
4695,0.02790753622320684
4696,0.04148951147230672
4697,0.09532570362584843
4698,0.026109748256448687
4699,0.06326265912384453
4700,0.06744146074358998
4701,0.01579318133211142
4702,0.07903125771029479
4703,0.04885310630405945
4704,0.06744146074358998
4705,0.03885174918700678
4706,0.050467859648565414
4707,0.05385008895239068
4708,0.04287184471684473
4709,0.05744527367010645
4710,0.019322932527049887
4711,0.0521330604156563
4712,0.01633396259861487
4713,0.13309352252567752
4714,0.09532570362584843
4715,0.11807880307813506
4716,0.050467859648565414
4717,0.08415807244319695
4718,0.09241538285980007
4719,0.06126494107819702
4720,0.05385008895239068
4721,0.08683323524129412
4722,0.08155796530189055
4723,0.0340511524412236
4724,0.05744527367010645
4725,0.06532098566628583
4726,0.02885097064418959
4727,0.11456179056371053
4728,0.09532570362584843
4729,0.07657630222726251
4730,0.02525362158524688
4731,0.10455365490510782
4732,0.07187511267178946
4733,0.10780082751501731
4734,0.06962564382891834
4735,0.059326311972524026
4736,0.031870571610423684
4737,0.05744527367010645
4738,0.05744527367010645
4739,0.02136725069186659
4740,0.07903125771029479
4741,0.09532570362584843
4742,0.031870571610423684
4743,0.035194756820265335
4744,0.06326265912384453
4745,0.05744527367010645
4746,0.1411897434506853
4747,0.07903125771029479
4748,0.031870571610423684
4749,0.07419146202147729
4750,0.07419146202147729
4751,0.06962564382891834
4752,0.08683323524129412
4753,0.059326311972524026
4754,0.07657630222726251
4755,0.035194756820265335
4756,0.06126494107819702
4757,0.04885310630405945
4758,0.030831530235430404
4759,0.04576954626093176
4760,0.08683323524129412
4761,0.050467859648565414
4762,0.08415807244319695
4763,0.07903125771029479
4764,0.04576954626093176
4765,0.0521330604156563
4766,0.12168894794618093
4767,0.11807880307813506
4768,0.04148951147230672
4769,0.08683323524129412
4770,0.07903125771029479
4771,0.07187511267178946
4772,0.06744146074358998
4773,0.05562035029109824
4774,0.05744527367010645
4775,0.02790753622320684
4776,0.06962564382891834
4777,0.0472874451224437
4778,0.06532098566628583
4779,0.05562035029109824
4780,0.10780082751501731
4781,0.08415807244319695
4782,0.12919480614845036
4783,0.05744527367010645
4784,0.059326311972524026
4785,0.0521330604156563
4786,0.09831774697482025
4787,0.059326311972524026
4788,0.03294343905785485
4789,0.09831774697482025
4790,0.1253937758578759
4791,0.03294343905785485
4792,0.026109748256448687
4793,0.03637532268518375
4794,0.05562035029109824
4795,0.08155796530189055
4796,0.04287184471684473
4797,0.04576954626093176
4798,0.07657630222726251
4799,0.03885174918700678
4800,0.02442486287796552
4801,0.0472874451224437
4802,0.05562035029109824
4803,0.035194756820265335
4804,0.07903125771029479
4805,0.0340511524412236
4806,0.07419146202147729
4807,0.050467859648565414
4808,0.09831774697482025
4809,0.06126494107819702
4810,0.09241538285980007
4811,0.07187511267178946
4812,0.029825320005255892
4813,0.06126494107819702
4814,0.11113633246221037
4815,0.08683323524129412
4816,0.04576954626093176
4817,0.07419146202147729
4818,0.09241538285980007
4819,0.06962564382891834
4820,0.09831774697482025
4821,0.14538999654972165
4822,0.1253937758578759
4823,0.05744527367010645
4824,0.09532570362584843
4825,0.026994094835726477
4826,0.04885310630405945
4827,0.06962564382891834
4828,0.06326265912384453
4829,0.09532570362584843
4830,0.07187511267178946
4831,0.04885310630405945
4832,0.030831530235430404
4833,0.05744527367010645
4834,0.11456179056371053
4835,0.08683323524129412
4836,0.07657630222726251
4837,0.08683323524129412
4838,0.07419146202147729
4839,0.06126494107819702
4840,0.11807880307813506
4841,0.03885174918700678
4842,0.08155796530189055
4843,0.11456179056371053
4844,0.07903125771029479
4845,0.08155796530189055
4846,0.02136725069186659
4847,0.06326265912384453
4848,0.11113633246221037
4849,0.04014987964502801
4850,0.08683323524129412
4851,0.07419146202147729
4852,0.04885310630405945
4853,0.04576954626093176
4854,0.017470713401722432
4855,0.07903125771029479
4856,0.044298105555134894
4857,0.05385008895239068
4858,0.03637532268518375
4859,0.07657630222726251
4860,0.03637532268518375
4861,0.03885174918700678
4862,0.04287184471684473
4863,0.029825320005255892
4864,0.07657630222726251
4865,0.12919480614845036
4866,0.07903125771029479
4867,0.02442486287796552
4868,0.05562035029109824
4869,0.07657630222726251
4870,0.019322932527049887
4871,0.06126494107819702
4872,0.07187511267178946
4873,0.04014987964502801
4874,0.11456179056371053
4875,0.03637532268518375
4876,0.044298105555134894
4877,0.06126494107819702
4878,0.04576954626093176
4879,0.07187511267178946
4880,0.06532098566628583
4881,0.07187511267178946
4882,0.0340511524412236
4883,0.11113633246221037
4884,0.03885174918700678
4885,0.0472874451224437
4886,0.11807880307813506
4887,0.13309352252567752
4888,0.05385008895239068
4889,0.030831530235430404
4890,0.05385008895239068
4891,0.05385008895239068
4892,0.08683323524129412
4893,0.0521330604156563
4894,0.04885310630405945
4895,0.05744527367010645
4896,0.11456179056371053
4897,0.06326265912384453
4898,0.05744527367010645
4899,0.08155796530189055
4900,0.02885097064418959
4901,0.04014987964502801
4902,0.07903125771029479
4903,0.1013931778423964
4904,0.031870571610423684
4905,0.026994094835726477
4906,0.05562035029109824
4907,0.04287184471684473
4908,0.1253937758578759
4909,0.0472874451224437
4910,0.037593946162112056
4911,0.050467859648565414
4912,0.07657630222726251
4913,0.08415807244319695
4914,0.030831530235430404
4915,0.02525362158524688
4916,0.1253937758578759
4917,0.05744527367010645
4918,0.12168894794618093
4919,0.03637532268518375
4920,0.06962564382891834
4921,0.06126494107819702
4922,0.06326265912384453
4923,0.02284615406529167
4924,0.0521330604156563
4925,0.0472874451224437
4926,0.09831774697482025
4927,0.1013931778423964
4928,0.026109748256448687
4929,0.06962564382891834
4930,0.04576954626093176
4931,0.04885310630405945
4932,0.059326311972524026
4933,0.04014987964502801
4934,0.06962564382891834
4935,0.1253937758578759
4936,0.0521330604156563
4937,0.050467859648565414
4938,0.030831530235430404
4939,0.09831774697482025
4940,0.019322932527049887
4941,0.08415807244319695
4942,0.037593946162112056
4943,0.09241538285980007
4944,0.020663328957880672
4945,0.02284615406529167
4946,0.07419146202147729
4947,0.06126494107819702
4948,0.06962564382891834
4949,0.044298105555134894
4950,0.1013931778423964
4951,0.059326311972524026
4952,0.0895851163769912
4953,0.07657630222726251
4954,0.05562035029109824
4955,0.04576954626093176
4956,0.04885310630405945
4957,0.059326311972524026
4958,0.08415807244319695
4959,0.08683323524129412
4960,0.04287184471684473
4961,0.05385008895239068
4962,0.0895851163769912
4963,0.06744146074358998
4964,0.09831774697482025
4965,0.037593946162112056
4966,0.1370913686325979
4967,0.07419146202147729
4968,0.09532570362584843
4969,0.02525362158524688
4970,0.04014987964502801
4971,0.06532098566628583
4972,0.02442486287796552
4973,0.0472874451224437
4974,0.0521330604156563
4975,0.08415807244319695
4976,0.07419146202147729
4977,0.02136725069186659
4978,0.07903125771029479
4979,0.06532098566628583
4980,0.026994094835726477
4981,0.04148951147230672
4982,0.050467859648565414
4983,0.06126494107819702
4984,0.11113633246221037
4985,0.05562035029109824
4986,0.059326311972524026
4987,0.059326311972524026
4988,0.10780082751501731
4989,0.08683323524129412
4990,0.1013931778423964
4991,0.07419146202147729
4992,0.09241538285980007
4993,0.059326311972524026
4994,0.07187511267178946
4995,0.03637532268518375
4996,0.07657630222726251
4997,0.08683323524129412
4998,0.03294343905785485
4999,0.030831530235430404
5000,0.02790753622320684
5001,0.04885310630405945
5002,0.026994094835726477
5003,0.07419146202147729
5004,0.023622642765858633
5005,0.050467859648565414
5006,0.0521330604156563
5007,0.04014987964502801
5008,0.02885097064418959
5009,0.04014987964502801
5010,0.07419146202147729
5011,0.059326311972524026
5012,0.02885097064418959
5013,0.059326311972524026
5014,0.030831530235430404
5015,0.12919480614845036
5016,0.09241538285980007
5017,0.05562035029109824
5018,0.07187511267178946
5019,0.11807880307813506
5020,0.03637532268518375
5021,0.0521330604156563
5022,0.04148951147230672
5023,0.04576954626093176
5024,0.07903125771029479
5025,0.14538999654972165
5026,0.03637532268518375
5027,0.06962564382891834
5028,0.05744527367010645
5029,0.03294343905785485
5030,0.035194756820265335
5031,0.03885174918700678
5032,0.07903125771029479
5033,0.02885097064418959
5034,0.10455365490510782
5035,0.08155796530189055
5036,0.06744146074358998
5037,0.02284615406529167
5038,0.04885310630405945
5039,0.07657630222726251
5040,0.06326265912384453
5041,0.07657630222726251
5042,0.026109748256448687
5043,0.02525362158524688
5044,0.03294343905785485
5045,0.044298105555134894
5046,0.05385008895239068
5047,0.04576954626093176
5048,0.11807880307813506
5049,0.13309352252567752
5050,0.07657630222726251
5051,0.11456179056371053
5052,0.04014987964502801
5053,0.03294343905785485
5054,0.05385008895239068
5055,0.07187511267178946
5056,0.07657630222726251
5057,0.10780082751501731
5058,0.07903125771029479
5059,0.0472874451224437
5060,0.037593946162112056
5061,0.10455365490510782
5062,0.02442486287796552
5063,0.12168894794618093
5064,0.037593946162112056
5065,0.029825320005255892
5066,0.12168894794618093
5067,0.0340511524412236
5068,0.11807880307813506
5069,0.08415807244319695
5070,0.09241538285980007
5071,0.06962564382891834
5072,0.04014987964502801
5073,0.12919480614845036
5074,0.09831774697482025
5075,0.050467859648565414
5076,0.044298105555134894
5077,0.044298105555134894
5078,0.07903125771029479
5079,0.07419146202147729
5080,0.10780082751501731
5081,0.02442486287796552
5082,0.1411897434506853
5083,0.05744527367010645
5084,0.05744527367010645
5085,0.07903125771029479
5086,0.0340511524412236
5087,0.06744146074358998
5088,0.11807880307813506
5089,0.037593946162112056
5090,0.04576954626093176
5091,0.06962564382891834
5092,0.026109748256448687
5093,0.15861467629411466
5094,0.06126494107819702
5095,0.04287184471684473
5096,0.06326265912384453
5097,0.08415807244319695
5098,0.050467859648565414
5099,0.07657630222726251
5100,0.059326311972524026
5101,0.050467859648565414
5102,0.11456179056371053
5103,0.050467859648565414
5104,0.07419146202147729
5105,0.044298105555134894
5106,0.1013931778423964
5107,0.05385008895239068
5108,0.0895851163769912
5109,0.12168894794618093
5110,0.06532098566628583
5111,0.03637532268518375
5112,0.06962564382891834
5113,0.02790753622320684
5114,0.09241538285980007
5115,0.044298105555134894
5116,0.07903125771029479
5117,0.04885310630405945
5118,0.026109748256448687
5119,0.13309352252567752
5120,0.02790753622320684
5121,0.03637532268518375
5122,0.1013931778423964
5123,0.05385008895239068
5124,0.0340511524412236
5125,0.0472874451224437
5126,0.030831530235430404
5127,0.07657630222726251
5128,0.09831774697482025
5129,0.06326265912384453
5130,0.035194756820265335
5131,0.06126494107819702
5132,0.09241538285980007
5133,0.06744146074358998
5134,0.07419146202147729
5135,0.06962564382891834
5136,0.050467859648565414
5137,0.019322932527049887
5138,0.03637532268518375
5139,0.07419146202147729
5140,0.12919480614845036
5141,0.12168894794618093
5142,0.06744146074358998
5143,0.029825320005255892
5144,0.03637532268518375
5145,0.06744146074358998
5146,0.04576954626093176
5147,0.059326311972524026
5148,0.03637532268518375
5149,0.1013931778423964
5150,0.08683323524129412
5151,0.06744146074358998
5152,0.01868507284109021
5153,0.14538999654972165
5154,0.05385008895239068
5155,0.050467859648565414
5156,0.023622642765858633
5157,0.08415807244319695
5158,0.08155796530189055
5159,0.0472874451224437
5160,0.050467859648565414
5161,0.06126494107819702
5162,0.05744527367010645
5163,0.035194756820265335
5164,0.08155796530189055
5165,0.11456179056371053
5166,0.06962564382891834
5167,0.11456179056371053
5168,0.08415807244319695
5169,0.06532098566628583
5170,0.04287184471684473
5171,0.05562035029109824
5172,0.06326265912384453
5173,0.06532098566628583
5174,0.14538999654972165
5175,0.13309352252567752
5176,0.03294343905785485
5177,0.04885310630405945
5178,0.0521330604156563
5179,0.02525362158524688
5180,0.09831774697482025
5181,0.07419146202147729
5182,0.03294343905785485
5183,0.09241538285980007
5184,0.07903125771029479
5185,0.08415807244319695
5186,0.07657630222726251
5187,0.07419146202147729
5188,0.08155796530189055
5189,0.05385008895239068
5190,0.08415807244319695
5191,0.04576954626093176
5192,0.037593946162112056
5193,0.030831530235430404
5194,0.03885174918700678
5195,0.08683323524129412
5196,0.0521330604156563
5197,0.05744527367010645
5198,0.08155796530189055
5199,0.05744527367010645
5200,0.044298105555134894
5201,0.06744146074358998
5202,0.13309352252567752
5203,0.04885310630405945
5204,0.08415807244319695
5205,0.031870571610423684
5206,0.050467859648565414
5207,0.03885174918700678
5208,0.04148951147230672
5209,0.06126494107819702
5210,0.06962564382891834
5211,0.06532098566628583
5212,0.08415807244319695
5213,0.03294343905785485
5214,0.04885310630405945
5215,0.08415807244319695
5216,0.04014987964502801
5217,0.11113633246221037
5218,0.0340511524412236
5219,0.05744527367010645
5220,0.07903125771029479
5221,0.1370913686325979
5222,0.07903125771029479
5223,0.06962564382891834
5224,0.04885310630405945
5225,0.04148951147230672
5226,0.13309352252567752
5227,0.03885174918700678
5228,0.04885310630405945
5229,0.06326265912384453
5230,0.07657630222726251
5231,0.06126494107819702
5232,0.029825320005255892
5233,0.05385008895239068
5234,0.11807880307813506
5235,0.050467859648565414
5236,0.04014987964502801
5237,0.06326265912384453
5238,0.05385008895239068
5239,0.08683323524129412
5240,0.05744527367010645
5241,0.0521330604156563
5242,0.10780082751501731
5243,0.07657630222726251
5244,0.06962564382891834
5245,0.08415807244319695
5246,0.02885097064418959
5247,0.0521330604156563
5248,0.11113633246221037
5249,0.01868507284109021
5250,0.044298105555134894
5251,0.05385008895239068
5252,0.06126494107819702
5253,0.0521330604156563
5254,0.07187511267178946
5255,0.0472874451224437
5256,0.03885174918700678
5257,0.05385008895239068
5258,0.050467859648565414
5259,0.05744527367010645
5260,0.03637532268518375
5261,0.03294343905785485
5262,0.1013931778423964
5263,0.06326265912384453
5264,0.050467859648565414
5265,0.12919480614845036
5266,0.0472874451224437
5267,0.04148951147230672
5268,0.15410125929925808
5269,0.06744146074358998
5270,0.06326265912384453
5271,0.08155796530189055
5272,0.04287184471684473
5273,0.06126494107819702
5274,0.059326311972524026
5275,0.09831774697482025
5276,0.04885310630405945
5277,0.0472874451224437
5278,0.026994094835726477
5279,0.0521330604156563
5280,0.05562035029109824
5281,0.04287184471684473
5282,0.04014987964502801
5283,0.05744527367010645
5284,0.06962564382891834
5285,0.07903125771029479
5286,0.02442486287796552
5287,0.07903125771029479
5288,0.06532098566628583
5289,0.11113633246221037
5290,0.0895851163769912
5291,0.08415807244319695
5292,0.09532570362584843
5293,0.12168894794618093
5294,0.12919480614845036
5295,0.04885310630405945
5296,0.0521330604156563
5297,0.14538999654972165
5298,0.02885097064418959
5299,0.02136725069186659
5300,0.1411897434506853
5301,0.07903125771029479
5302,0.01998212368725082
5303,0.08415807244319695
5304,0.09532570362584843
5305,0.08155796530189055
5306,0.05562035029109824
5307,0.10780082751501731
5308,0.07419146202147729
5309,0.05744527367010645
5310,0.05744527367010645
5311,0.06126494107819702
5312,0.07657630222726251
5313,0.0472874451224437
5314,0.02525362158524688
5315,0.06962564382891834
5316,0.06126494107819702
5317,0.06962564382891834
5318,0.0521330604156563
5319,0.08415807244319695
5320,0.07419146202147729
5321,0.050467859648565414
5322,0.14969342319192988
5323,0.020663328957880672
5324,0.044298105555134894
5325,0.037593946162112056
5326,0.06962564382891834
5327,0.04885310630405945
5328,0.07657630222726251
5329,0.1013931778423964
5330,0.05744527367010645
5331,0.050467859648565414
5332,0.06532098566628583
5333,0.01868507284109021
5334,0.06532098566628583
5335,0.11456179056371053
5336,0.04885310630405945
5337,0.02284615406529167
5338,0.06962564382891834
5339,0.031870571610423684
5340,0.07419146202147729
5341,0.05385008895239068
5342,0.09831774697482025
5343,0.0472874451224437
5344,0.03637532268518375
5345,0.08155796530189055
5346,0.12919480614845036
5347,0.05562035029109824
5348,0.05385008895239068
5349,0.0472874451224437
5350,0.03637532268518375
5351,0.0340511524412236
5352,0.04148951147230672
5353,0.06126494107819702
5354,0.04885310630405945
5355,0.05562035029109824
5356,0.0521330604156563
5357,0.037593946162112056
5358,0.07657630222726251
5359,0.08415807244319695
5360,0.07903125771029479
5361,0.07419146202147729
5362,0.04148951147230672
5363,0.04287184471684473
5364,0.05385008895239068
5365,0.06532098566628583
5366,0.031870571610423684
5367,0.0895851163769912
5368,0.05385008895239068
5369,0.037593946162112056
5370,0.04576954626093176
5371,0.10455365490510782
5372,0.050467859648565414
5373,0.04148951147230672
5374,0.07187511267178946
5375,0.08683323524129412
5376,0.05385008895239068
5377,0.09532570362584843
5378,0.07419146202147729
5379,0.06126494107819702
5380,0.07657630222726251
5381,0.04287184471684473
5382,0.0895851163769912
5383,0.050467859648565414
5384,0.11807880307813506
5385,0.05385008895239068
5386,0.07657630222726251
5387,0.04885310630405945
5388,0.035194756820265335
5389,0.07903125771029479
5390,0.1253937758578759
5391,0.059326311972524026
5392,0.050467859648565414
5393,0.11456179056371053
5394,0.08415807244319695
5395,0.08683323524129412
5396,0.06744146074358998
5397,0.035194756820265335
5398,0.059326311972524026
5399,0.07187511267178946
5400,0.12919480614845036
5401,0.05744527367010645
5402,0.06326265912384453
5403,0.05385008895239068
5404,0.09532570362584843
5405,0.03885174918700678
5406,0.06532098566628583
5407,0.12168894794618093
5408,0.0521330604156563
5409,0.07903125771029479
5410,0.05562035029109824
5411,0.0340511524412236
5412,0.09241538285980007
5413,0.06744146074358998
5414,0.04576954626093176
5415,0.04287184471684473
5416,0.10455365490510782
5417,0.08683323524129412
5418,0.04148951147230672
5419,0.06126494107819702
5420,0.04576954626093176
5421,0.06962564382891834
5422,0.02284615406529167
5423,0.14969342319192988
5424,0.04148951147230672
5425,0.0472874451224437
5426,0.029825320005255892
5427,0.059326311972524026
5428,0.1370913686325979
5429,0.07903125771029479
5430,0.09532570362584843
5431,0.05744527367010645
5432,0.017470713401722432
5433,0.05744527367010645
5434,0.06326265912384453
5435,0.11807880307813506
5436,0.07903125771029479
5437,0.07903125771029479
5438,0.08155796530189055
5439,0.06126494107819702
5440,0.06126494107819702
5441,0.11807880307813506
5442,0.03294343905785485
5443,0.037593946162112056
5444,0.031870571610423684
5445,0.01998212368725082
5446,0.044298105555134894
5447,0.1253937758578759
5448,0.04287184471684473
5449,0.050467859648565414
5450,0.11807880307813506
5451,0.08683323524129412
5452,0.07187511267178946
5453,0.0472874451224437
5454,0.05562035029109824
5455,0.09532570362584843
5456,0.02885097064418959
5457,0.08683323524129412
5458,0.09241538285980007
5459,0.11456179056371053
5460,0.044298105555134894
5461,0.04287184471684473
5462,0.11456179056371053
5463,0.01998212368725082
5464,0.030831530235430404
5465,0.04287184471684473
5466,0.04287184471684473
5467,0.12168894794618093
5468,0.04885310630405945
5469,0.06326265912384453
5470,0.044298105555134894
5471,0.10780082751501731
5472,0.06126494107819702
5473,0.03637532268518375
5474,0.07903125771029479
5475,0.05562035029109824
5476,0.04148951147230672
5477,0.07657630222726251
5478,0.02790753622320684
5479,0.05385008895239068
5480,0.0472874451224437
5481,0.06326265912384453
5482,0.0472874451224437
5483,0.07657630222726251
5484,0.04287184471684473
5485,0.06126494107819702
5486,0.05385008895239068
5487,0.05744527367010645
5488,0.0895851163769912
5489,0.11113633246221037
5490,0.0472874451224437
5491,0.14538999654972165
5492,0.02790753622320684
5493,0.06126494107819702
5494,0.044298105555134894
5495,0.07657630222726251
5496,0.044298105555134894
5497,0.1013931778423964
5498,0.07419146202147729
5499,0.05744527367010645
5500,0.08683323524129412
5501,0.05744527367010645
5502,0.11113633246221037
5503,0.06962564382891834
5504,0.11807880307813506
5505,0.05744527367010645
5506,0.07187511267178946
5507,0.08415807244319695
5508,0.07657630222726251
5509,0.10455365490510782
5510,0.07657630222726251
5511,0.08683323524129412
5512,0.06326265912384453
5513,0.06962564382891834
5514,0.0472874451224437
5515,0.11113633246221037
5516,0.05562035029109824
5517,0.09241538285980007
5518,0.0895851163769912
5519,0.04885310630405945
5520,0.03637532268518375
5521,0.10455365490510782
5522,0.04148951147230672
5523,0.06962564382891834
5524,0.07187511267178946
5525,0.04885310630405945
5526,0.05562035029109824
5527,0.11456179056371053
5528,0.05744527367010645
5529,0.0340511524412236
5530,0.04287184471684473
5531,0.06126494107819702
5532,0.022094611379221522
5533,0.06744146074358998
5534,0.1370913686325979
5535,0.059326311972524026
5536,0.08683323524129412
5537,0.09532570362584843
5538,0.07419146202147729
5539,0.08683323524129412
5540,0.04576954626093176
5541,0.08415807244319695
5542,0.07419146202147729
5543,0.08683323524129412
5544,0.04148951147230672
5545,0.13309352252567752
5546,0.09241538285980007
5547,0.11807880307813506
5548,0.023622642765858633
5549,0.11456179056371053
5550,0.08683323524129412
5551,0.04287184471684473
5552,0.04014987964502801
5553,0.037593946162112056
5554,0.050467859648565414
5555,0.04014987964502801
5556,0.07419146202147729
5557,0.050467859648565414
5558,0.06326265912384453
5559,0.04287184471684473
5560,0.07657630222726251
5561,0.04885310630405945
5562,0.05385008895239068
5563,0.13309352252567752
5564,0.04885310630405945
5565,0.09831774697482025
5566,0.1013931778423964
5567,0.04576954626093176
5568,0.10780082751501731
5569,0.07657630222726251
5570,0.11113633246221037
5571,0.03885174918700678
5572,0.04287184471684473
5573,0.07419146202147729
5574,0.13309352252567752
5575,0.08155796530189055
5576,0.09241538285980007
5577,0.1370913686325979
5578,0.05744527367010645
5579,0.06326265912384453
5580,0.07903125771029479
5581,0.029825320005255892
5582,0.08415807244319695
5583,0.1370913686325979
5584,0.02790753622320684
5585,0.12919480614845036
5586,0.0340511524412236
5587,0.05562035029109824
5588,0.04885310630405945
5589,0.07657630222726251
5590,0.01998212368725082
5591,0.09532570362584843
5592,0.12168894794618093
5593,0.035194756820265335
5594,0.11113633246221037
5595,0.08155796530189055
5596,0.07657630222726251
5597,0.08415807244319695
5598,0.09831774697482025
5599,0.14969342319192988
5600,0.04014987964502801
5601,0.0340511524412236
5602,0.03885174918700678
5603,0.016892943165924136
5604,0.15410125929925808
5605,0.09532570362584843
5606,0.09532570362584843
5607,0.0472874451224437
5608,0.059326311972524026
5609,0.09831774697482025
5610,0.06962564382891834
5611,0.05385008895239068
5612,0.0895851163769912
5613,0.04287184471684473
5614,0.044298105555134894
5615,0.0472874451224437
5616,0.04148951147230672
5617,0.0895851163769912
5618,0.04885310630405945
5619,0.1370913686325979
5620,0.0340511524412236
5621,0.07187511267178946
5622,0.0472874451224437
5623,0.05385008895239068
5624,0.06126494107819702
5625,0.04014987964502801
5626,0.03294343905785485
5627,0.04148951147230672
5628,0.0521330604156563
5629,0.026994094835726477
5630,0.03294343905785485
5631,0.035194756820265335
5632,0.0521330604156563
5633,0.029825320005255892
5634,0.08415807244319695
5635,0.059326311972524026
5636,0.14538999654972165
5637,0.06962564382891834
5638,0.10455365490510782
5639,0.05562035029109824
5640,0.07657630222726251
5641,0.04287184471684473
5642,0.07419146202147729
5643,0.029825320005255892
5644,0.06326265912384453
5645,0.07903125771029479
5646,0.1253937758578759
5647,0.05385008895239068
5648,0.06126494107819702
5649,0.050467859648565414
5650,0.02525362158524688
5651,0.06962564382891834
5652,0.0895851163769912
5653,0.05744527367010645
5654,0.06326265912384453
5655,0.06326265912384453
5656,0.02790753622320684
5657,0.05562035029109824
5658,0.07657630222726251
5659,0.030831530235430404
5660,0.020663328957880672
5661,0.07187511267178946
5662,0.06326265912384453
5663,0.08155796530189055
5664,0.04287184471684473
5665,0.03637532268518375
5666,0.05385008895239068
5667,0.04885310630405945
5668,0.04148951147230672
5669,0.050467859648565414
5670,0.04576954626093176
5671,0.03637532268518375
5672,0.026109748256448687
5673,0.07187511267178946
5674,0.06126494107819702
5675,0.023622642765858633
5676,0.04148951147230672
5677,0.04014987964502801
5678,0.10780082751501731
5679,0.04148951147230672
5680,0.11807880307813506
5681,0.022094611379221522
5682,0.11807880307813506
5683,0.04287184471684473
5684,0.035194756820265335
5685,0.09532570362584843
5686,0.0895851163769912
5687,0.04885310630405945
5688,0.03294343905785485
5689,0.0895851163769912
5690,0.11113633246221037
5691,0.059326311972524026
5692,0.12919480614845036
5693,0.10780082751501731
5694,0.05385008895239068
5695,0.0340511524412236
5696,0.04885310630405945
5697,0.06744146074358998
5698,0.12168894794618093
5699,0.1013931778423964
5700,0.07657630222726251
5701,0.09241538285980007
5702,0.06532098566628583
5703,0.11113633246221037
5704,0.06326265912384453
5705,0.04576954626093176
5706,0.05744527367010645
5707,0.1253937758578759
5708,0.1013931778423964
5709,0.029825320005255892
5710,0.06962564382891834
5711,0.029825320005255892
5712,0.050467859648565414
5713,0.03294343905785485
5714,0.07419146202147729
5715,0.01806788128844435
5716,0.04885310630405945
5717,0.059326311972524026
5718,0.04576954626093176
5719,0.1013931778423964
5720,0.030831530235430404
5721,0.10455365490510782
5722,0.04287184471684473
5723,0.03294343905785485
5724,0.07903125771029479
5725,0.035194756820265335
5726,0.07419146202147729
5727,0.05744527367010645
5728,0.09831774697482025
5729,0.03885174918700678
5730,0.059326311972524026
5731,0.044298105555134894
5732,0.08155796530189055
5733,0.06532098566628583
5734,0.059326311972524026
5735,0.07187511267178946
5736,0.05744527367010645
5737,0.02885097064418959
5738,0.09831774697482025
5739,0.1013931778423964
5740,0.02284615406529167
5741,0.09241538285980007
5742,0.09241538285980007
5743,0.02136725069186659
5744,0.08683323524129412
5745,0.07903125771029479
5746,0.0895851163769912
5747,0.13309352252567752
5748,0.11456179056371053
5749,0.04287184471684473
5750,0.11456179056371053
5751,0.14969342319192988
5752,0.05562035029109824
5753,0.020663328957880672
5754,0.03885174918700678
5755,0.0521330604156563
5756,0.05385008895239068
5757,0.05385008895239068
5758,0.09532570362584843
5759,0.04148951147230672
5760,0.08155796530189055
5761,0.04576954626093176
5762,0.0472874451224437
5763,0.05744527367010645
5764,0.02136725069186659
5765,0.035194756820265335
5766,0.1013931778423964
5767,0.07419146202147729
5768,0.05744527367010645
5769,0.06532098566628583
5770,0.04014987964502801
5771,0.04885310630405945
5772,0.12168894794618093
5773,0.019322932527049887
5774,0.06744146074358998
5775,0.031870571610423684
5776,0.06326265912384453
5777,0.09241538285980007
5778,0.03885174918700678
5779,0.0340511524412236
5780,0.04287184471684473
5781,0.0895851163769912
5782,0.10780082751501731
5783,0.035194756820265335
5784,0.09241538285980007
5785,0.06744146074358998
5786,0.11807880307813506
5787,0.07903125771029479
5788,0.023622642765858633
5789,0.01633396259861487
5790,0.04885310630405945
5791,0.09241538285980007
5792,0.10780082751501731
5793,0.02885097064418959
5794,0.04885310630405945
5795,0.05744527367010645
5796,0.08415807244319695
5797,0.06532098566628583
5798,0.11807880307813506
5799,0.05385008895239068
5800,0.12919480614845036
5801,0.05385008895239068
5802,0.044298105555134894
5803,0.0340511524412236
5804,0.05385008895239068
5805,0.06962564382891834
5806,0.08415807244319695
5807,0.0521330604156563
5808,0.11807880307813506
5809,0.12919480614845036
5810,0.03294343905785485
5811,0.019322932527049887
5812,0.044298105555134894
5813,0.08155796530189055
5814,0.06962564382891834
5815,0.06326265912384453
5816,0.04576954626093176
5817,0.05744527367010645
5818,0.035194756820265335
5819,0.11807880307813506
5820,0.06744146074358998
5821,0.07187511267178946
5822,0.02284615406529167
5823,0.07657630222726251
5824,0.10455365490510782
5825,0.044298105555134894
5826,0.04576954626093176
5827,0.11113633246221037
5828,0.14538999654972165
5829,0.08155796530189055
5830,0.08155796530189055
5831,0.08155796530189055
5832,0.0895851163769912
5833,0.09241538285980007
5834,0.05744527367010645
5835,0.04576954626093176
5836,0.09532570362584843
5837,0.08155796530189055
5838,0.08683323524129412
5839,0.0895851163769912
5840,0.031870571610423684
5841,0.03637532268518375
5842,0.031870571610423684
5843,0.04885310630405945
5844,0.12919480614845036
5845,0.11807880307813506
5846,0.07903125771029479
5847,0.08155796530189055
5848,0.04014987964502801
5849,0.07187511267178946
5850,0.08415807244319695
5851,0.07903125771029479
5852,0.0895851163769912
5853,0.07657630222726251
5854,0.07903125771029479
5855,0.08415807244319695
5856,0.0472874451224437
5857,0.08683323524129412
5858,0.059326311972524026
5859,0.02885097064418959
5860,0.08683323524129412
5861,0.07187511267178946
5862,0.04576954626093176
5863,0.059326311972524026
5864,0.03294343905785485
5865,0.03294343905785485
5866,0.059326311972524026
5867,0.08683323524129412
5868,0.04576954626093176
5869,0.02790753622320684
5870,0.026994094835726477
5871,0.037593946162112056
5872,0.06744146074358998
5873,0.06962564382891834
5874,0.04014987964502801
5875,0.11807880307813506
5876,0.02790753622320684
5877,0.06744146074358998
5878,0.05744527367010645
5879,0.06962564382891834
5880,0.10455365490510782
5881,0.09241538285980007
5882,0.06126494107819702
5883,0.08683323524129412
5884,0.05385008895239068
5885,0.07419146202147729
5886,0.05744527367010645
5887,0.06326265912384453
5888,0.05385008895239068
5889,0.06962564382891834
5890,0.09532570362584843
5891,0.06532098566628583
5892,0.022094611379221522
5893,0.023622642765858633
5894,0.08155796530189055
5895,0.02284615406529167
5896,0.04576954626093176
5897,0.06744146074358998
5898,0.07419146202147729
5899,0.12168894794618093
5900,0.050467859648565414
5901,0.01998212368725082
5902,0.07187511267178946
5903,0.05385008895239068
5904,0.09241538285980007
5905,0.06326265912384453
5906,0.06326265912384453
5907,0.06962564382891834
5908,0.07419146202147729
5909,0.059326311972524026
5910,0.0895851163769912
5911,0.03637532268518375
5912,0.13309352252567752
5913,0.09241538285980007
5914,0.06326265912384453
5915,0.12919480614845036
5916,0.06126494107819702
5917,0.02136725069186659
5918,0.10455365490510782
5919,0.03885174918700678
5920,0.04287184471684473
5921,0.07657630222726251
5922,0.07187511267178946
5923,0.0895851163769912
5924,0.10455365490510782
5925,0.07657630222726251
5926,0.08683323524129412
5927,0.07657630222726251
5928,0.05385008895239068
5929,0.02525362158524688
5930,0.06744146074358998
5931,0.044298105555134894
5932,0.1013931778423964
5933,0.10455365490510782
5934,0.07187511267178946
5935,0.1370913686325979
5936,0.030831530235430404
5937,0.035194756820265335
5938,0.035194756820265335
5939,0.05562035029109824
5940,0.050467859648565414
5941,0.0521330604156563
5942,0.06962564382891834
5943,0.04287184471684473
5944,0.10780082751501731
5945,0.06326265912384453
5946,0.06744146074358998
5947,0.06962564382891834
5948,0.07903125771029479
5949,0.1253937758578759
5950,0.03885174918700678
5951,0.05562035029109824
5952,0.08415807244319695
5953,0.05385008895239068
5954,0.07419146202147729
5955,0.06962564382891834
5956,0.09241538285980007
5957,0.11113633246221037
5958,0.04148951147230672
5959,0.050467859648565414
5960,0.06744146074358998
5961,0.07903125771029479
5962,0.0521330604156563
5963,0.06326265912384453
5964,0.04885310630405945
5965,0.06126494107819702
5966,0.03637532268518375
5967,0.09831774697482025
5968,0.0895851163769912
5969,0.09532570362584843
5970,0.0340511524412236
5971,0.03637532268518375
5972,0.06126494107819702
5973,0.06532098566628583
5974,0.02885097064418959
5975,0.09831774697482025
5976,0.020663328957880672
5977,0.06744146074358998
5978,0.09831774697482025
5979,0.05385008895239068
5980,0.08415807244319695
5981,0.04287184471684473
5982,0.06326265912384453
5983,0.02790753622320684
5984,0.08415807244319695
5985,0.06326265912384453
5986,0.08683323524129412
5987,0.09241538285980007
5988,0.08415807244319695
5989,0.03294343905785485
5990,0.10780082751501731
5991,0.07903125771029479
5992,0.09241538285980007
5993,0.04148951147230672
5994,0.03637532268518375
5995,0.06126494107819702
5996,0.04014987964502801
5997,0.11456179056371053
5998,0.04148951147230672
5999,0.02284615406529167
6000,0.03637532268518375
6001,0.05744527367010645
6002,0.13309352252567752
6003,0.06744146074358998
6004,0.07657630222726251
6005,0.06962564382891834
6006,0.06744146074358998
6007,0.07187511267178946
6008,0.08155796530189055
6009,0.11807880307813506
6010,0.06532098566628583
6011,0.1253937758578759
6012,0.050467859648565414
6013,0.07657630222726251
6014,0.04576954626093176
6015,0.07187511267178946
6016,0.07419146202147729
6017,0.1411897434506853
6018,0.11456179056371053
6019,0.044298105555134894
6020,0.07187511267178946
6021,0.0472874451224437
6022,0.030831530235430404
6023,0.044298105555134894
6024,0.09532570362584843
6025,0.035194756820265335
6026,0.07903125771029479
6027,0.06326265912384453
6028,0.1253937758578759
6029,0.08155796530189055
6030,0.06326265912384453
6031,0.05744527367010645
6032,0.09241538285980007
6033,0.07657630222726251
6034,0.07187511267178946
6035,0.023622642765858633
6036,0.07657630222726251
6037,0.05385008895239068
6038,0.09831774697482025
6039,0.0340511524412236
6040,0.05562035029109824
6041,0.07657630222726251
6042,0.1370913686325979
6043,0.02790753622320684
6044,0.09532570362584843
6045,0.04148951147230672
6046,0.06532098566628583
6047,0.08415807244319695
6048,0.05562035029109824
6049,0.1253937758578759
6050,0.030831530235430404
6051,0.031870571610423684
6052,0.07903125771029479
6053,0.03885174918700678
6054,0.06532098566628583
6055,0.04287184471684473
6056,0.04014987964502801
6057,0.04885310630405945
6058,0.050467859648565414
6059,0.0521330604156563
6060,0.030831530235430404
6061,0.07419146202147729
6062,0.11807880307813506
6063,0.03637532268518375
6064,0.01868507284109021
6065,0.05744527367010645
6066,0.0521330604156563
6067,0.11807880307813506
6068,0.08415807244319695
6069,0.06744146074358998
6070,0.07187511267178946
6071,0.02790753622320684
6072,0.09241538285980007
6073,0.06326265912384453
6074,0.0521330604156563
6075,0.02136725069186659
6076,0.06744146074358998
6077,0.037593946162112056
6078,0.037593946162112056
6079,0.0340511524412236
6080,0.031870571610423684
6081,0.05562035029109824
6082,0.10780082751501731
6083,0.09532570362584843
6084,0.08683323524129412
6085,0.02525362158524688
6086,0.10455365490510782
6087,0.07903125771029479
6088,0.031870571610423684
6089,0.12168894794618093
6090,0.037593946162112056
6091,0.04287184471684473
6092,0.0521330604156563
6093,0.05744527367010645
6094,0.15861467629411466
6095,0.1370913686325979
6096,0.10780082751501731
6097,0.04014987964502801
6098,0.06744146074358998
6099,0.09241538285980007
6100,0.07657630222726251
6101,0.11113633246221037
6102,0.10455365490510782
6103,0.07419146202147729
6104,0.08155796530189055
6105,0.059326311972524026
6106,0.05562035029109824
6107,0.06326265912384453
6108,0.023622642765858633
6109,0.03637532268518375
6110,0.050467859648565414
6111,0.1013931778423964
6112,0.026109748256448687
6113,0.0895851163769912
6114,0.04148951147230672
6115,0.1411897434506853
6116,0.05562035029109824
6117,0.08155796530189055
6118,0.09831774697482025
6119,0.035194756820265335
6120,0.11807880307813506
6121,0.029825320005255892
6122,0.11113633246221037
6123,0.05562035029109824
6124,0.059326311972524026
6125,0.06532098566628583
6126,0.15410125929925808
6127,0.0472874451224437
6128,0.07419146202147729
6129,0.06126494107819702
6130,0.08415807244319695
6131,0.06532098566628583
6132,0.08415807244319695
6133,0.031870571610423684
6134,0.026994094835726477
6135,0.10780082751501731
6136,0.12919480614845036
6137,0.07419146202147729
6138,0.05744527367010645
6139,0.1370913686325979
6140,0.037593946162112056
6141,0.14969342319192988
6142,0.04014987964502801
6143,0.1253937758578759
6144,0.07187511267178946
6145,0.04576954626093176
6146,0.06532098566628583
6147,0.06126494107819702
6148,0.05385008895239068
6149,0.0895851163769912
6150,0.050467859648565414
6151,0.0472874451224437
6152,0.04287184471684473
6153,0.04014987964502801
6154,0.13309352252567752
6155,0.04576954626093176
6156,0.06962564382891834
6157,0.07419146202147729
6158,0.08683323524129412
6159,0.07657630222726251
6160,0.07187511267178946
6161,0.04014987964502801
6162,0.06744146074358998
6163,0.026109748256448687
6164,0.1253937758578759
6165,0.08155796530189055
6166,0.037593946162112056
6167,0.13309352252567752
6168,0.05744527367010645
6169,0.09532570362584843
6170,0.08415807244319695
6171,0.1411897434506853
6172,0.04014987964502801
6173,0.1013931778423964
6174,0.06744146074358998
6175,0.02885097064418959
6176,0.09241538285980007
6177,0.016892943165924136
6178,0.07419146202147729
6179,0.12919480614845036
6180,0.035194756820265335
6181,0.07657630222726251
6182,0.11113633246221037
6183,0.059326311972524026
6184,0.10780082751501731
6185,0.14538999654972165
6186,0.02525362158524688
6187,0.08683323524129412
6188,0.0340511524412236
6189,0.05385008895239068
6190,0.059326311972524026
6191,0.044298105555134894
6192,0.06744146074358998
6193,0.059326311972524026
6194,0.03637532268518375
6195,0.08683323524129412
6196,0.14969342319192988
6197,0.031870571610423684
6198,0.10780082751501731
6199,0.06126494107819702
6200,0.044298105555134894
6201,0.01579318133211142
6202,0.10780082751501731
6203,0.07419146202147729
6204,0.04148951147230672
6205,0.01806788128844435
6206,0.035194756820265335
6207,0.04014987964502801
6208,0.0472874451224437
6209,0.10780082751501731
6210,0.1253937758578759
6211,0.037593946162112056
6212,0.06744146074358998
6213,0.05385008895239068
6214,0.035194756820265335
6215,0.0521330604156563
6216,0.02790753622320684
6217,0.044298105555134894
6218,0.04287184471684473
6219,0.0521330604156563
6220,0.04014987964502801
6221,0.06962564382891834
6222,0.06532098566628583
6223,0.05562035029109824
6224,0.01868507284109021
6225,0.04287184471684473
6226,0.0521330604156563
6227,0.044298105555134894
6228,0.09241538285980007
6229,0.06532098566628583
6230,0.11456179056371053
6231,0.03637532268518375
6232,0.059326311972524026
6233,0.11113633246221037
6234,0.09831774697482025
6235,0.04287184471684473
6236,0.0895851163769912
6237,0.07903125771029479
6238,0.08155796530189055
6239,0.07419146202147729
6240,0.07903125771029479
6241,0.02885097064418959
6242,0.044298105555134894
6243,0.08155796530189055
6244,0.06532098566628583
6245,0.050467859648565414
6246,0.0472874451224437
6247,0.08415807244319695
6248,0.06532098566628583
6249,0.0472874451224437
6250,0.08683323524129412
6251,0.04014987964502801
6252,0.07187511267178946
6253,0.07419146202147729
6254,0.031870571610423684
6255,0.04014987964502801
6256,0.0521330604156563
6257,0.05562035029109824
6258,0.017470713401722432
6259,0.14538999654972165
6260,0.02790753622320684
6261,0.035194756820265335
6262,0.06744146074358998
6263,0.08155796530189055
6264,0.09532570362584843
6265,0.08155796530189055
6266,0.05562035029109824
6267,0.0521330604156563
6268,0.03637532268518375
6269,0.14969342319192988
6270,0.07187511267178946
6271,0.05562035029109824
6272,0.04576954626093176
6273,0.05385008895239068
6274,0.026994094835726477
6275,0.10780082751501731
6276,0.06326265912384453
6277,0.10455365490510782
6278,0.11807880307813506
6279,0.030831530235430404
6280,0.03885174918700678
6281,0.04014987964502801
6282,0.04148951147230672
6283,0.04885310630405945
6284,0.04885310630405945
6285,0.04148951147230672
6286,0.11807880307813506
6287,0.02284615406529167
6288,0.05744527367010645
6289,0.08155796530189055
6290,0.06962564382891834
6291,0.1411897434506853
6292,0.04885310630405945
6293,0.1013931778423964
6294,0.06962564382891834
6295,0.06962564382891834
6296,0.05385008895239068
6297,0.0895851163769912
6298,0.04885310630405945
6299,0.06326265912384453
6300,0.06326265912384453
6301,0.0895851163769912
6302,0.03294343905785485
6303,0.05385008895239068
6304,0.059326311972524026
6305,0.05385008895239068
6306,0.030831530235430404
6307,0.04287184471684473
6308,0.03885174918700678
6309,0.13309352252567752
6310,0.06326265912384453
6311,0.1253937758578759
6312,0.07903125771029479
6313,0.06326265912384453
6314,0.07187511267178946
6315,0.07657630222726251
6316,0.06744146074358998
6317,0.02442486287796552
6318,0.01998212368725082
6319,0.06744146074358998
6320,0.11456179056371053
6321,0.1253937758578759
6322,0.06326265912384453
6323,0.0340511524412236
6324,0.04287184471684473
6325,0.023622642765858633
6326,0.05385008895239068
6327,0.09831774697482025
6328,0.07657630222726251
6329,0.04014987964502801
6330,0.09241538285980007
6331,0.1370913686325979
6332,0.12919480614845036
6333,0.04885310630405945
6334,0.15410125929925808
6335,0.07187511267178946
6336,0.031870571610423684
6337,0.07657630222726251
6338,0.04014987964502801
6339,0.05744527367010645
6340,0.06744146074358998
6341,0.02790753622320684
6342,0.11113633246221037
6343,0.15861467629411466
6344,0.050467859648565414
6345,0.04287184471684473
6346,0.01633396259861487
6347,0.1253937758578759
6348,0.04287184471684473
6349,0.10780082751501731
6350,0.029825320005255892
6351,0.06532098566628583
6352,0.08155796530189055
6353,0.037593946162112056
6354,0.11113633246221037
6355,0.08415807244319695
6356,0.03294343905785485
6357,0.11807880307813506
6358,0.035194756820265335
6359,0.13309352252567752
6360,0.09532570362584843
6361,0.05562035029109824
6362,0.05744527367010645
6363,0.023622642765858633
6364,0.08683323524129412
6365,0.05744527367010645
6366,0.03885174918700678
6367,0.09831774697482025
6368,0.0895851163769912
6369,0.0521330604156563
6370,0.04576954626093176
6371,0.04576954626093176
6372,0.07657630222726251
6373,0.07419146202147729
6374,0.06962564382891834
6375,0.030831530235430404
6376,0.11807880307813506
6377,0.05562035029109824
6378,0.08155796530189055
6379,0.019322932527049887
6380,0.04287184471684473
6381,0.04885310630405945
6382,0.05385008895239068
6383,0.07657630222726251
6384,0.02442486287796552
6385,0.06532098566628583
6386,0.07657630222726251
6387,0.04014987964502801
6388,0.044298105555134894
6389,0.07419146202147729
6390,0.15410125929925808
6391,0.07419146202147729
6392,0.029825320005255892
6393,0.06744146074358998
6394,0.06744146074358998
6395,0.06126494107819702
6396,0.050467859648565414
6397,0.07903125771029479
6398,0.05744527367010645
6399,0.05385008895239068
6400,0.09831774697482025
6401,0.06744146074358998
6402,0.05562035029109824
6403,0.07657630222726251
6404,0.01633396259861487
6405,0.07903125771029479
6406,0.08155796530189055
6407,0.09831774697482025
6408,0.07903125771029479
6409,0.03885174918700678
6410,0.08155796530189055
6411,0.026994094835726477
6412,0.04576954626093176
6413,0.06532098566628583
6414,0.035194756820265335
6415,0.1013931778423964
6416,0.14538999654972165
6417,0.07419146202147729
6418,0.06744146074358998
6419,0.07657630222726251
6420,0.06326265912384453
6421,0.09831774697482025
6422,0.07419146202147729
6423,0.11113633246221037
6424,0.07187511267178946
6425,0.1013931778423964
6426,0.04576954626093176
6427,0.05385008895239068
6428,0.09831774697482025
6429,0.06744146074358998
6430,0.03637532268518375
6431,0.07903125771029479
6432,0.0521330604156563
6433,0.035194756820265335
6434,0.030831530235430404
6435,0.04148951147230672
6436,0.1013931778423964
6437,0.10455365490510782
6438,0.06744146074358998
6439,0.08683323524129412
6440,0.03885174918700678
6441,0.07657630222726251
6442,0.044298105555134894
6443,0.10780082751501731
6444,0.05385008895239068
6445,0.050467859648565414
6446,0.04576954626093176
6447,0.05385008895239068
6448,0.07419146202147729
6449,0.03885174918700678
6450,0.14538999654972165
6451,0.0895851163769912
6452,0.12919480614845036
6453,0.08155796530189055
6454,0.06326265912384453
6455,0.09241538285980007
6456,0.0340511524412236
6457,0.0472874451224437
6458,0.05562035029109824
6459,0.07187511267178946
6460,0.09241538285980007
6461,0.08683323524129412
6462,0.03637532268518375
6463,0.11807880307813506
6464,0.035194756820265335
6465,0.050467859648565414
6466,0.11113633246221037
6467,0.04576954626093176
6468,0.07903125771029479
6469,0.09532570362584843
6470,0.06126494107819702
6471,0.09241538285980007
6472,0.07657630222726251
6473,0.059326311972524026
6474,0.1013931778423964
6475,0.14969342319192988
6476,0.10455365490510782
6477,0.04287184471684473
6478,0.11807880307813506
6479,0.0895851163769912
6480,0.050467859648565414
6481,0.08155796530189055
6482,0.0521330604156563
6483,0.06744146074358998
6484,0.08683323524129412
6485,0.07657630222726251
6486,0.05744527367010645
6487,0.05744527367010645
6488,0.04148951147230672
6489,0.030831530235430404
6490,0.04885310630405945
6491,0.0340511524412236
6492,0.10780082751501731
6493,0.1253937758578759
6494,0.07419146202147729
6495,0.0521330604156563
6496,0.08415807244319695
6497,0.05744527367010645
6498,0.04576954626093176
6499,0.15410125929925808
6500,0.09532570362584843
6501,0.08683323524129412
6502,0.0521330604156563
6503,0.12168894794618093
6504,0.06744146074358998
6505,0.0472874451224437
6506,0.10780082751501731
6507,0.11113633246221037
6508,0.07419146202147729
6509,0.04014987964502801
6510,0.026109748256448687
6511,0.15410125929925808
6512,0.019322932527049887
6513,0.06126494107819702
6514,0.059326311972524026
6515,0.15410125929925808
6516,0.07657630222726251
6517,0.030831530235430404
6518,0.05744527367010645
6519,0.02885097064418959
6520,0.02885097064418959
6521,0.06744146074358998
6522,0.06532098566628583
6523,0.02136725069186659
6524,0.03885174918700678
6525,0.06326265912384453
6526,0.08415807244319695
6527,0.09241538285980007
6528,0.05744527367010645
6529,0.09241538285980007
6530,0.050467859648565414
6531,0.04148951147230672
6532,0.04576954626093176
6533,0.04014987964502801
6534,0.035194756820265335
6535,0.0472874451224437
6536,0.030831530235430404
6537,0.04576954626093176
6538,0.02442486287796552
6539,0.08415807244319695
6540,0.12919480614845036
6541,0.059326311972524026
6542,0.06326265912384453
6543,0.04148951147230672
6544,0.03637532268518375
6545,0.08415807244319695
6546,0.06744146074358998
6547,0.019322932527049887
6548,0.1253937758578759
6549,0.12919480614845036
6550,0.10455365490510782
6551,0.07903125771029479
6552,0.050467859648565414
6553,0.06744146074358998
6554,0.08683323524129412
6555,0.04885310630405945
6556,0.09831774697482025
6557,0.08155796530189055
6558,0.08155796530189055
6559,0.09831774697482025
6560,0.06126494107819702
6561,0.0895851163769912
6562,0.037593946162112056
6563,0.04148951147230672
6564,0.04576954626093176
6565,0.07187511267178946
6566,0.035194756820265335
6567,0.06126494107819702
6568,0.044298105555134894
6569,0.0895851163769912
6570,0.044298105555134894
6571,0.0340511524412236
6572,0.06326265912384453
6573,0.09532570362584843
6574,0.09241538285980007
6575,0.06532098566628583
6576,0.05744527367010645
6577,0.06962564382891834
6578,0.04287184471684473
6579,0.04148951147230672
6580,0.059326311972524026
6581,0.02790753622320684
6582,0.037593946162112056
6583,0.06326265912384453
6584,0.05562035029109824
6585,0.06326265912384453
6586,0.04576954626093176
6587,0.04148951147230672
6588,0.11456179056371053
6589,0.06126494107819702
6590,0.08155796530189055
6591,0.11807880307813506
6592,0.04148951147230672
6593,0.1013931778423964
6594,0.044298105555134894
6595,0.026994094835726477
6596,0.0895851163769912
6597,0.044298105555134894
6598,0.07419146202147729
6599,0.10455365490510782
6600,0.1411897434506853
6601,0.07419146202147729
6602,0.0521330604156563
6603,0.06962564382891834
6604,0.026109748256448687
6605,0.04287184471684473
6606,0.06532098566628583
6607,0.08415807244319695
6608,0.026109748256448687
6609,0.07187511267178946
6610,0.11807880307813506
6611,0.05744527367010645
6612,0.026109748256448687
6613,0.02790753622320684
6614,0.06126494107819702
6615,0.11113633246221037
6616,0.06326265912384453
6617,0.0472874451224437
6618,0.12919480614845036
6619,0.08683323524129412
6620,0.03294343905785485
6621,0.11456179056371053
6622,0.06326265912384453
6623,0.07657630222726251
6624,0.0472874451224437
6625,0.10455365490510782
6626,0.06126494107819702
6627,0.09831774697482025
6628,0.020663328957880672
6629,0.07187511267178946
6630,0.06326265912384453
6631,0.14538999654972165
6632,0.09241538285980007
6633,0.07187511267178946
6634,0.06962564382891834
6635,0.11807880307813506
6636,0.02790753622320684
6637,0.11456179056371053
6638,0.030831530235430404
6639,0.044298105555134894
6640,0.07903125771029479
6641,0.026994094835726477
6642,0.06326265912384453
6643,0.03885174918700678
6644,0.08415807244319695
6645,0.09241538285980007
6646,0.059326311972524026
6647,0.13309352252567752
6648,0.05385008895239068
6649,0.10780082751501731
6650,0.02885097064418959
6651,0.04287184471684473
6652,0.1013931778423964
6653,0.07903125771029479
6654,0.10455365490510782
6655,0.06532098566628583
6656,0.04287184471684473
6657,0.04287184471684473
6658,0.11456179056371053
6659,0.11113633246221037
6660,0.03885174918700678
6661,0.050467859648565414
6662,0.044298105555134894
6663,0.0472874451224437
6664,0.050467859648565414
6665,0.0472874451224437
6666,0.1253937758578759
6667,0.06532098566628583
6668,0.04885310630405945
6669,0.07187511267178946
6670,0.0521330604156563
6671,0.11456179056371053
6672,0.06326265912384453
6673,0.06744146074358998
6674,0.05385008895239068
6675,0.05562035029109824
6676,0.044298105555134894
6677,0.05385008895239068
6678,0.06532098566628583
6679,0.07419146202147729
6680,0.1013931778423964
6681,0.15410125929925808
6682,0.05744527367010645
6683,0.017470713401722432
6684,0.08415807244319695
6685,0.07657630222726251
6686,0.11113633246221037
6687,0.07187511267178946
6688,0.020663328957880672
6689,0.10455365490510782
6690,0.05744527367010645
6691,0.059326311972524026
6692,0.13309352252567752
6693,0.030831530235430404
6694,0.07187511267178946
6695,0.07657630222726251
6696,0.050467859648565414
6697,0.06326265912384453
6698,0.09532570362584843
6699,0.04148951147230672
6700,0.0472874451224437
6701,0.031870571610423684
6702,0.020663328957880672
6703,0.037593946162112056
6704,0.04885310630405945
6705,0.0895851163769912
6706,0.01633396259861487
6707,0.059326311972524026
6708,0.1253937758578759
6709,0.07419146202147729
6710,0.0895851163769912
6711,0.05562035029109824
6712,0.05562035029109824
6713,0.09241538285980007
6714,0.08683323524129412
6715,0.06326265912384453
6716,0.0895851163769912
6717,0.08683323524129412
6718,0.03637532268518375
6719,0.11456179056371053
6720,0.10780082751501731
6721,0.044298105555134894
6722,0.023622642765858633
6723,0.11113633246221037
6724,0.0472874451224437
6725,0.04576954626093176
6726,0.06962564382891834
6727,0.05744527367010645
6728,0.037593946162112056
6729,0.02284615406529167
6730,0.044298105555134894
6731,0.03294343905785485
6732,0.13309352252567752
6733,0.08683323524129412
6734,0.08155796530189055
6735,0.05562035029109824
6736,0.044298105555134894
6737,0.06126494107819702
6738,0.08683323524129412
6739,0.1253937758578759
6740,0.09241538285980007
6741,0.03637532268518375
6742,0.04148951147230672
6743,0.07657630222726251
6744,0.04014987964502801
6745,0.06126494107819702
6746,0.06532098566628583
6747,0.059326311972524026
6748,0.1411897434506853
6749,0.05562035029109824
6750,0.06126494107819702
6751,0.07657630222726251
6752,0.031870571610423684
6753,0.07419146202147729
6754,0.04576954626093176
6755,0.06744146074358998
6756,0.0895851163769912
6757,0.06532098566628583
6758,0.05562035029109824
6759,0.06744146074358998
6760,0.11807880307813506
6761,0.03885174918700678
6762,0.12919480614845036
6763,0.1253937758578759
6764,0.12919480614845036
6765,0.04287184471684473
6766,0.09532570362584843
6767,0.09241538285980007
6768,0.031870571610423684
6769,0.03637532268518375
6770,0.07419146202147729
6771,0.05744527367010645
6772,0.10780082751501731
6773,0.11807880307813506
6774,0.03885174918700678
6775,0.1370913686325979
6776,0.0472874451224437
6777,0.0895851163769912
6778,0.1253937758578759
6779,0.04148951147230672
6780,0.07187511267178946
6781,0.02136725069186659
6782,0.037593946162112056
6783,0.050467859648565414
6784,0.03637532268518375
6785,0.05385008895239068
6786,0.0521330604156563
6787,0.0895851163769912
6788,0.05744527367010645
6789,0.0340511524412236
6790,0.037593946162112056
6791,0.05562035029109824
6792,0.04287184471684473
6793,0.11113633246221037
6794,0.0521330604156563
6795,0.0521330604156563
6796,0.1370913686325979
6797,0.08155796530189055
6798,0.05385008895239068
6799,0.04576954626093176
6800,0.04287184471684473
6801,0.10455365490510782
6802,0.06326265912384453
6803,0.06532098566628583
6804,0.10455365490510782
6805,0.02885097064418959
6806,0.08415807244319695
6807,0.026109748256448687
6808,0.04576954626093176
6809,0.04287184471684473
6810,0.0895851163769912
6811,0.06126494107819702
6812,0.0521330604156563
6813,0.0521330604156563
6814,0.1370913686325979
6815,0.10780082751501731
6816,0.03885174918700678
6817,0.10455365490510782
6818,0.1253937758578759
6819,0.0895851163769912
6820,0.044298105555134894
6821,0.08415807244319695
6822,0.04885310630405945
6823,0.026109748256448687
6824,0.08155796530189055
6825,0.0472874451224437
6826,0.05744527367010645
6827,0.026109748256448687
6828,0.05385008895239068
6829,0.030831530235430404
6830,0.050467859648565414
6831,0.07903125771029479
6832,0.03294343905785485
6833,0.023622642765858633
6834,0.06744146074358998
6835,0.03885174918700678
6836,0.05744527367010645
6837,0.050467859648565414
6838,0.08155796530189055
6839,0.11113633246221037
6840,0.0472874451224437
6841,0.04014987964502801
6842,0.11113633246221037
6843,0.06326265912384453
6844,0.08415807244319695
6845,0.04148951147230672
6846,0.09532570362584843
6847,0.04014987964502801
6848,0.0895851163769912
6849,0.13309352252567752
6850,0.08415807244319695
6851,0.06326265912384453
6852,0.08683323524129412
6853,0.059326311972524026
6854,0.059326311972524026
6855,0.05385008895239068
6856,0.050467859648565414
6857,0.11456179056371053
6858,0.1411897434506853
6859,0.0895851163769912
6860,0.07419146202147729
6861,0.04148951147230672
6862,0.02525362158524688
6863,0.0521330604156563
6864,0.06962564382891834
6865,0.07419146202147729
6866,0.12168894794618093
6867,0.06326265912384453
6868,0.037593946162112056
6869,0.09532570362584843
6870,0.04576954626093176
6871,0.029825320005255892
6872,0.10780082751501731
6873,0.06744146074358998
6874,0.02790753622320684
6875,0.09241538285980007
6876,0.06962564382891834
6877,0.1013931778423964
6878,0.08683323524129412
6879,0.03885174918700678
6880,0.06744146074358998
6881,0.06744146074358998
6882,0.09532570362584843
6883,0.09241538285980007
6884,0.07419146202147729
6885,0.04014987964502801
6886,0.07187511267178946
6887,0.07187511267178946
6888,0.06744146074358998
6889,0.02525362158524688
6890,0.06126494107819702
6891,0.1253937758578759
6892,0.08415807244319695
6893,0.14538999654972165
6894,0.11456179056371053
6895,0.07187511267178946
6896,0.14538999654972165
6897,0.06962564382891834
6898,0.10455365490510782
6899,0.1370913686325979
6900,0.05744527367010645
6901,0.026994094835726477
6902,0.05562035029109824
6903,0.1370913686325979
6904,0.030831530235430404
6905,0.08415807244319695
6906,0.07187511267178946
6907,0.10455365490510782
6908,0.06744146074358998
6909,0.1253937758578759
6910,0.050467859648565414
6911,0.04014987964502801
6912,0.050467859648565414
6913,0.08155796530189055
6914,0.12168894794618093
6915,0.08683323524129412
6916,0.0521330604156563
6917,0.11113633246221037
6918,0.07657630222726251
6919,0.08155796530189055
6920,0.09241538285980007
6921,0.07903125771029479
6922,0.08683323524129412
6923,0.12919480614845036
6924,0.04287184471684473
6925,0.059326311972524026
6926,0.04014987964502801
6927,0.06744146074358998
6928,0.04014987964502801
6929,0.04576954626093176
6930,0.14969342319192988
6931,0.09831774697482025
6932,0.02284615406529167
6933,0.11456179056371053
6934,0.0472874451224437
6935,0.07903125771029479
6936,0.05385008895239068
6937,0.02442486287796552
6938,0.09831774697482025
6939,0.04576954626093176
6940,0.04885310630405945
6941,0.037593946162112056
6942,0.10780082751501731
6943,0.08155796530189055
6944,0.0895851163769912
6945,0.06532098566628583
6946,0.03637532268518375
6947,0.04576954626093176
6948,0.10780082751501731
6949,0.04287184471684473
6950,0.02885097064418959
6951,0.10780082751501731
6952,0.0895851163769912
6953,0.08683323524129412
6954,0.14969342319192988
6955,0.08683323524129412
6956,0.11807880307813506
6957,0.06326265912384453
6958,0.05385008895239068
6959,0.050467859648565414
6960,0.08415807244319695
6961,0.07419146202147729
6962,0.04148951147230672
6963,0.09241538285980007
6964,0.059326311972524026
6965,0.1411897434506853
6966,0.09532570362584843
6967,0.06962564382891834
6968,0.09241538285980007
6969,0.07903125771029479
6970,0.07903125771029479
6971,0.05744527367010645
6972,0.035194756820265335
6973,0.050467859648565414
6974,0.11807880307813506
6975,0.04287184471684473
6976,0.04148951147230672
6977,0.03637532268518375
6978,0.04148951147230672
6979,0.01868507284109021
6980,0.04014987964502801
6981,0.07187511267178946
6982,0.04014987964502801
6983,0.035194756820265335
6984,0.10780082751501731
6985,0.04576954626093176
6986,0.0895851163769912
6987,0.05385008895239068
6988,0.04885310630405945
6989,0.05744527367010645
6990,0.06744146074358998
6991,0.04287184471684473
6992,0.017470713401722432
6993,0.07903125771029479
6994,0.03885174918700678
6995,0.07657630222726251
6996,0.031870571610423684
6997,0.07657630222726251
6998,0.07419146202147729
6999,0.06532098566628583
7000,0.044298105555134894
7001,0.08415807244319695
7002,0.07657630222726251
7003,0.10780082751501731
7004,0.05744527367010645
7005,0.06962564382891834
7006,0.12168894794618093
7007,0.06126494107819702
7008,0.05385008895239068
7009,0.06126494107819702
7010,0.044298105555134894
7011,0.07187511267178946
7012,0.11807880307813506
7013,0.07903125771029479
7014,0.02442486287796552
7015,0.06962564382891834
7016,0.11807880307813506
7017,0.035194756820265335
7018,0.07419146202147729
7019,0.05385008895239068
7020,0.0521330604156563
7021,0.11807880307813506
7022,0.06744146074358998
7023,0.050467859648565414
7024,0.1253937758578759
7025,0.07657630222726251
7026,0.06744146074358998
7027,0.09532570362584843
7028,0.04576954626093176
7029,0.044298105555134894
7030,0.0895851163769912
7031,0.059326311972524026
7032,0.07903125771029479
7033,0.07903125771029479
7034,0.04014987964502801
7035,0.02442486287796552
7036,0.1013931778423964
7037,0.06532098566628583
7038,0.09532570362584843
7039,0.11113633246221037
7040,0.09241538285980007
7041,0.0895851163769912
7042,0.09831774697482025
7043,0.14538999654972165
7044,0.11456179056371053
7045,0.1013931778423964
7046,0.0521330604156563
7047,0.08155796530189055
7048,0.13309352252567752
7049,0.04014987964502801
7050,0.07657630222726251
7051,0.09532570362584843
7052,0.09831774697482025
7053,0.11807880307813506
7054,0.06126494107819702
7055,0.029825320005255892
7056,0.1411897434506853
7057,0.11113633246221037
7058,0.059326311972524026
7059,0.059326311972524026
7060,0.0521330604156563
7061,0.11807880307813506
7062,0.0895851163769912
7063,0.07419146202147729
7064,0.0472874451224437
7065,0.04148951147230672
7066,0.07903125771029479
7067,0.14969342319192988
7068,0.11113633246221037
7069,0.10780082751501731
7070,0.05385008895239068
7071,0.07903125771029479
7072,0.020663328957880672
7073,0.059326311972524026
7074,0.08155796530189055
7075,0.08683323524129412
7076,0.07419146202147729
7077,0.04014987964502801
7078,0.059326311972524026
7079,0.06126494107819702
7080,0.08155796530189055
7081,0.1013931778423964
7082,0.04885310630405945
7083,0.04148951147230672
7084,0.0472874451224437
7085,0.06326265912384453
7086,0.04287184471684473
7087,0.05562035029109824
7088,0.031870571610423684
7089,0.06744146074358998
7090,0.04576954626093176
7091,0.06126494107819702
7092,0.09831774697482025
7093,0.06532098566628583
7094,0.1370913686325979
7095,0.06744146074358998
7096,0.11807880307813506
7097,0.05385008895239068
7098,0.1411897434506853
7099,0.020663328957880672
7100,0.029825320005255892
7101,0.05744527367010645
7102,0.03885174918700678
7103,0.06126494107819702
7104,0.07419146202147729
7105,0.05744527367010645
7106,0.08155796530189055
7107,0.026994094835726477
7108,0.0521330604156563
7109,0.059326311972524026
7110,0.05562035029109824
7111,0.09241538285980007
7112,0.06326265912384453
7113,0.07903125771029479
7114,0.04287184471684473
7115,0.10455365490510782
7116,0.12919480614845036
7117,0.044298105555134894
7118,0.14538999654972165
7119,0.06962564382891834
7120,0.06744146074358998
7121,0.059326311972524026
7122,0.1013931778423964
7123,0.10455365490510782
7124,0.026109748256448687
7125,0.06744146074358998
7126,0.050467859648565414
7127,0.044298105555134894
7128,0.07657630222726251
7129,0.07187511267178946
7130,0.02284615406529167
7131,0.050467859648565414
7132,0.05744527367010645
7133,0.04287184471684473
7134,0.059326311972524026
7135,0.0340511524412236
7136,0.07419146202147729
7137,0.06962564382891834
7138,0.10780082751501731
7139,0.10780082751501731
7140,0.06962564382891834
7141,0.08155796530189055
7142,0.1253937758578759
7143,0.07419146202147729
7144,0.06126494107819702
7145,0.08155796530189055
7146,0.044298105555134894
7147,0.08415807244319695
7148,0.050467859648565414
7149,0.044298105555134894
7150,0.044298105555134894
7151,0.10455365490510782
7152,0.03885174918700678
7153,0.11807880307813506
7154,0.12168894794618093
7155,0.059326311972524026
7156,0.1253937758578759
7157,0.12919480614845036
7158,0.1013931778423964
7159,0.05385008895239068
7160,0.06126494107819702
7161,0.08683323524129412
7162,0.04287184471684473
7163,0.05744527367010645
7164,0.1013931778423964
7165,0.037593946162112056
7166,0.10455365490510782
7167,0.07187511267178946
7168,0.06532098566628583
7169,0.04576954626093176
7170,0.059326311972524026
7171,0.0521330604156563
7172,0.05562035029109824
7173,0.02284615406529167
7174,0.030831530235430404
7175,0.08415807244319695
7176,0.03294343905785485
7177,0.03637532268518375
7178,0.02442486287796552
7179,0.07419146202147729
7180,0.07657630222726251
7181,0.05744527367010645
7182,0.05562035029109824
7183,0.08415807244319695
7184,0.06962564382891834
7185,0.0895851163769912
7186,0.06126494107819702
7187,0.04287184471684473
7188,0.1253937758578759
7189,0.04148951147230672
7190,0.03885174918700678
7191,0.02284615406529167
7192,0.04885310630405945
7193,0.03885174918700678
7194,0.07657630222726251
7195,0.0521330604156563
7196,0.026994094835726477
7197,0.026109748256448687
7198,0.09241538285980007
7199,0.0895851163769912
7200,0.044298105555134894
7201,0.06532098566628583
7202,0.08683323524129412
7203,0.07419146202147729
7204,0.02284615406529167
7205,0.11113633246221037
7206,0.05385008895239068
7207,0.06126494107819702
7208,0.02525362158524688
7209,0.08683323524129412
7210,0.08683323524129412
7211,0.026994094835726477
7212,0.1013931778423964
7213,0.059326311972524026
7214,0.05385008895239068
7215,0.059326311972524026
7216,0.016892943165924136
7217,0.09831774697482025
7218,0.05744527367010645
7219,0.026994094835726477
7220,0.04148951147230672
7221,0.04148951147230672
7222,0.1013931778423964
7223,0.10780082751501731
7224,0.06126494107819702
7225,0.0521330604156563
7226,0.03294343905785485
7227,0.07903125771029479
7228,0.04576954626093176
7229,0.03294343905785485
7230,0.01806788128844435
7231,0.04148951147230672
7232,0.06126494107819702
7233,0.044298105555134894
7234,0.06962564382891834
7235,0.07187511267178946
7236,0.050467859648565414
7237,0.029825320005255892
7238,0.09831774697482025
7239,0.1013931778423964
7240,0.1370913686325979
7241,0.09831774697482025
7242,0.050467859648565414
7243,0.1370913686325979
7244,0.06326265912384453
7245,0.059326311972524026
7246,0.07419146202147729
7247,0.11113633246221037
7248,0.08683323524129412
7249,0.04287184471684473
7250,0.05385008895239068
7251,0.06532098566628583
7252,0.07187511267178946
7253,0.1253937758578759
7254,0.07657630222726251
7255,0.0521330604156563
7256,0.037593946162112056
7257,0.0521330604156563
7258,0.044298105555134894
7259,0.07419146202147729
7260,0.0521330604156563
7261,0.0340511524412236
7262,0.08155796530189055
7263,0.059326311972524026
7264,0.044298105555134894
7265,0.10455365490510782
7266,0.06962564382891834
7267,0.0895851163769912
7268,0.08155796530189055
7269,0.03637532268518375
7270,0.031870571610423684
7271,0.11807880307813506
7272,0.07657630222726251
7273,0.059326311972524026
7274,0.11807880307813506
7275,0.06326265912384453
7276,0.044298105555134894
7277,0.0895851163769912
7278,0.02136725069186659
7279,0.08155796530189055
7280,0.03637532268518375
7281,0.13309352252567752
7282,0.05744527367010645
7283,0.04885310630405945
7284,0.044298105555134894
7285,0.08155796530189055
7286,0.11456179056371053
7287,0.08155796530189055
7288,0.06126494107819702
7289,0.059326311972524026
7290,0.07657630222726251
7291,0.035194756820265335
7292,0.04885310630405945
7293,0.0340511524412236
7294,0.08415807244319695
7295,0.11456179056371053
7296,0.11113633246221037
7297,0.07903125771029479
7298,0.02284615406529167
7299,0.06126494107819702
7300,0.08415807244319695
7301,0.037593946162112056
7302,0.07187511267178946
7303,0.044298105555134894
7304,0.09241538285980007
7305,0.09532570362584843
7306,0.1253937758578759
7307,0.05385008895239068
7308,0.0472874451224437
7309,0.03885174918700678
7310,0.12168894794618093
7311,0.14969342319192988
7312,0.0895851163769912
7313,0.05744527367010645
7314,0.037593946162112056
7315,0.09532570362584843
7316,0.04287184471684473
7317,0.030831530235430404
7318,0.06532098566628583
7319,0.06532098566628583
7320,0.10455365490510782
7321,0.022094611379221522
7322,0.04576954626093176
7323,0.07657630222726251
7324,0.07419146202147729
7325,0.07657630222726251
7326,0.08155796530189055
7327,0.12168894794618093
7328,0.03294343905785485
7329,0.06326265912384453
7330,0.07187511267178946
7331,0.02885097064418959
7332,0.03637532268518375
7333,0.08415807244319695
7334,0.030831530235430404
7335,0.02525362158524688
7336,0.13309352252567752
7337,0.07187511267178946
7338,0.06744146074358998
7339,0.020663328957880672
7340,0.05744527367010645
7341,0.029825320005255892
7342,0.04287184471684473
7343,0.11456179056371053
7344,0.11456179056371053
7345,0.03637532268518375
7346,0.07657630222726251
7347,0.03885174918700678
7348,0.1253937758578759
7349,0.07187511267178946
7350,0.035194756820265335
7351,0.1253937758578759
7352,0.06962564382891834
7353,0.07657630222726251
7354,0.08683323524129412
7355,0.06126494107819702
7356,0.04576954626093176
7357,0.09532570362584843
7358,0.13309352252567752
7359,0.044298105555134894
7360,0.03885174918700678
7361,0.06126494107819702
7362,0.09241538285980007
7363,0.08155796530189055
7364,0.09532570362584843
7365,0.037593946162112056
7366,0.08683323524129412
7367,0.03637532268518375
7368,0.050467859648565414
7369,0.0895851163769912
7370,0.02790753622320684
7371,0.07657630222726251
7372,0.09241538285980007
7373,0.07657630222726251
7374,0.059326311972524026
7375,0.0472874451224437
7376,0.04148951147230672
7377,0.08683323524129412
7378,0.05562035029109824
7379,0.035194756820265335
7380,0.0895851163769912
7381,0.037593946162112056
7382,0.11113633246221037
7383,0.07903125771029479
7384,0.03294343905785485
7385,0.022094611379221522
7386,0.11807880307813506
7387,0.1411897434506853
7388,0.07187511267178946
7389,0.07657630222726251
7390,0.04287184471684473
7391,0.030831530235430404
7392,0.059326311972524026
7393,0.05744527367010645
7394,0.10455365490510782
7395,0.059326311972524026
7396,0.03637532268518375
7397,0.050467859648565414
7398,0.059326311972524026
7399,0.11113633246221037
7400,0.12919480614845036
7401,0.11807880307813506
7402,0.07419146202147729
7403,0.08683323524129412
7404,0.14538999654972165
7405,0.06532098566628583
7406,0.09831774697482025
7407,0.06962564382891834
7408,0.09241538285980007
7409,0.08683323524129412
7410,0.12919480614845036
7411,0.12168894794618093
7412,0.02885097064418959
7413,0.01868507284109021
7414,0.07903125771029479
7415,0.07419146202147729
7416,0.059326311972524026
7417,0.02442486287796552
7418,0.05562035029109824
7419,0.06962564382891834
7420,0.06962564382891834
7421,0.035194756820265335
7422,0.03294343905785485
7423,0.05744527367010645
7424,0.06962564382891834
7425,0.0472874451224437
7426,0.10780082751501731
7427,0.04014987964502801
7428,0.04885310630405945
7429,0.11807880307813506
7430,0.050467859648565414
7431,0.08155796530189055
7432,0.06326265912384453
7433,0.03637532268518375
7434,0.1253937758578759
7435,0.06126494107819702
7436,0.11113633246221037
7437,0.05744527367010645
7438,0.06326265912384453
7439,0.11807880307813506
7440,0.059326311972524026
7441,0.07657630222726251
7442,0.08415807244319695
7443,0.04148951147230672
7444,0.06744146074358998
7445,0.05562035029109824
7446,0.059326311972524026
7447,0.0895851163769912
7448,0.05562035029109824
7449,0.031870571610423684
7450,0.030831530235430404
7451,0.1253937758578759
7452,0.04148951147230672
7453,0.037593946162112056
7454,0.1013931778423964
7455,0.0521330604156563
7456,0.0521330604156563
7457,0.10455365490510782
7458,0.06532098566628583
7459,0.08415807244319695
7460,0.13309352252567752
7461,0.02136725069186659
7462,0.11456179056371053
7463,0.06126494107819702
7464,0.0340511524412236
7465,0.0472874451224437
7466,0.04287184471684473
7467,0.11456179056371053
7468,0.044298105555134894
7469,0.06126494107819702
7470,0.050467859648565414
7471,0.06126494107819702
7472,0.059326311972524026
7473,0.07187511267178946
7474,0.037593946162112056
7475,0.06532098566628583
7476,0.15410125929925808
7477,0.0521330604156563
7478,0.12168894794618093
7479,0.05744527367010645
7480,0.050467859648565414
7481,0.06326265912384453
7482,0.10455365490510782
7483,0.05744527367010645
7484,0.12919480614845036
7485,0.020663328957880672
7486,0.04576954626093176
7487,0.037593946162112056
7488,0.06326265912384453
7489,0.059326311972524026
7490,0.04576954626093176
7491,0.06532098566628583
7492,0.10780082751501731
7493,0.050467859648565414
7494,0.06532098566628583
7495,0.09831774697482025
7496,0.04885310630405945
7497,0.04576954626093176
7498,0.04148951147230672
7499,0.07419146202147729
7500,0.05385008895239068
7501,0.1370913686325979
7502,0.07657630222726251
7503,0.07419146202147729
7504,0.06126494107819702
7505,0.09831774697482025
7506,0.04014987964502801
7507,0.04148951147230672
7508,0.04148951147230672
7509,0.06962564382891834
7510,0.03637532268518375
7511,0.0472874451224437
7512,0.0472874451224437
7513,0.017470713401722432
7514,0.07187511267178946
7515,0.05385008895239068
7516,0.04014987964502801
7517,0.07187511267178946
7518,0.0472874451224437
7519,0.03885174918700678
7520,0.0340511524412236
7521,0.11113633246221037
7522,0.08415807244319695
7523,0.04576954626093176
7524,0.050467859648565414
7525,0.044298105555134894
7526,0.07187511267178946
7527,0.050467859648565414
7528,0.07187511267178946
7529,0.07903125771029479
7530,0.026994094835726477
7531,0.08415807244319695
7532,0.09532570362584843
7533,0.14969342319192988
7534,0.06962564382891834
7535,0.06326265912384453
7536,0.07187511267178946
7537,0.0340511524412236
7538,0.08683323524129412
7539,0.044298105555134894
7540,0.11113633246221037
7541,0.09241538285980007
7542,0.0895851163769912
7543,0.09831774697482025
7544,0.01868507284109021
7545,0.059326311972524026
7546,0.029825320005255892
7547,0.05562035029109824
7548,0.0472874451224437
7549,0.026109748256448687
7550,0.04576954626093176
7551,0.07657630222726251
7552,0.04148951147230672
7553,0.06744146074358998
7554,0.04885310630405945
7555,0.031870571610423684
7556,0.08415807244319695
7557,0.026994094835726477
7558,0.1411897434506853
7559,0.1013931778423964
7560,0.06326265912384453
7561,0.044298105555134894
7562,0.03885174918700678
7563,0.029825320005255892
7564,0.019322932527049887
7565,0.1253937758578759
7566,0.04885310630405945
7567,0.04287184471684473
7568,0.06962564382891834
7569,0.03637532268518375
7570,0.04287184471684473
7571,0.06126494107819702
7572,0.08155796530189055
7573,0.11807880307813506
7574,0.06126494107819702
7575,0.04014987964502801
7576,0.10455365490510782
7577,0.05744527367010645
7578,0.08683323524129412
7579,0.04014987964502801
7580,0.06744146074358998
7581,0.06744146074358998
7582,0.09241538285980007
7583,0.11456179056371053
7584,0.014763940816671187
7585,0.11807880307813506
7586,0.08683323524129412
7587,0.037593946162112056
7588,0.059326311972524026
7589,0.05744527367010645
7590,0.14969342319192988
7591,0.09831774697482025
7592,0.044298105555134894
7593,0.09831774697482025
7594,0.14969342319192988
7595,0.1253937758578759
7596,0.04576954626093176
7597,0.14969342319192988
7598,0.06532098566628583
7599,0.04885310630405945
7600,0.04885310630405945
7601,0.06962564382891834
7602,0.10780082751501731
7603,0.06126494107819702
7604,0.09831774697482025
7605,0.04148951147230672
7606,0.15410125929925808
7607,0.06126494107819702
7608,0.1370913686325979
7609,0.06326265912384453
7610,0.12168894794618093
7611,0.07419146202147729
7612,0.03885174918700678
7613,0.06962564382891834
7614,0.11113633246221037
7615,0.11113633246221037
7616,0.06962564382891834
7617,0.0895851163769912
7618,0.09831774697482025
7619,0.06962564382891834
7620,0.05744527367010645
7621,0.03885174918700678
7622,0.03885174918700678
7623,0.07419146202147729
7624,0.05385008895239068
7625,0.06962564382891834
7626,0.04287184471684473
7627,0.05562035029109824
7628,0.06532098566628583
7629,0.14538999654972165
7630,0.03637532268518375
7631,0.02790753622320684
7632,0.019322932527049887
7633,0.10780082751501731
7634,0.10455365490510782
7635,0.0340511524412236
7636,0.037593946162112056
7637,0.0472874451224437
7638,0.050467859648565414
7639,0.0472874451224437
7640,0.10780082751501731
7641,0.06326265912384453
7642,0.029825320005255892
7643,0.11456179056371053
7644,0.07187511267178946
7645,0.09532570362584843
7646,0.06744146074358998
7647,0.05385008895239068
7648,0.0895851163769912
7649,0.04287184471684473
7650,0.06962564382891834
7651,0.06744146074358998
7652,0.04287184471684473
7653,0.11113633246221037
7654,0.050467859648565414
7655,0.11456179056371053
7656,0.029825320005255892
7657,0.05385008895239068
7658,0.026994094835726477
7659,0.030831530235430404
7660,0.0472874451224437
7661,0.04287184471684473
7662,0.02885097064418959
7663,0.06532098566628583
7664,0.1013931778423964
7665,0.026109748256448687
7666,0.02885097064418959
7667,0.10780082751501731
7668,0.037593946162112056
7669,0.037593946162112056
7670,0.0895851163769912
7671,0.08415807244319695
7672,0.04885310630405945
7673,0.05385008895239068
7674,0.12168894794618093
7675,0.08155796530189055
7676,0.02790753622320684
7677,0.0472874451224437
7678,0.08415807244319695
7679,0.06126494107819702
7680,0.07419146202147729
7681,0.050467859648565414
7682,0.05385008895239068
7683,0.09532570362584843
7684,0.044298105555134894
7685,0.09241538285980007
7686,0.06326265912384453
7687,0.09241538285980007
7688,0.07419146202147729
7689,0.059326311972524026
7690,0.04576954626093176
7691,0.08415807244319695
7692,0.0472874451224437
7693,0.11807880307813506
7694,0.06326265912384453
7695,0.07419146202147729
7696,0.08415807244319695
7697,0.03294343905785485
7698,0.04148951147230672
7699,0.05385008895239068
7700,0.0340511524412236
7701,0.04576954626093176
7702,0.03294343905785485
7703,0.05562035029109824
7704,0.044298105555134894
7705,0.08683323524129412
7706,0.04148951147230672
7707,0.06532098566628583
7708,0.06126494107819702
7709,0.06126494107819702
7710,0.0895851163769912
7711,0.13309352252567752
7712,0.07657630222726251
7713,0.037593946162112056
7714,0.04014987964502801
7715,0.0340511524412236
7716,0.050467859648565414
7717,0.09241538285980007
7718,0.050467859648565414
7719,0.06962564382891834
7720,0.06962564382891834
7721,0.06532098566628583
7722,0.0472874451224437
7723,0.14969342319192988
7724,0.0340511524412236
7725,0.06126494107819702
7726,0.05562035029109824
7727,0.12919480614845036
7728,0.0895851163769912
7729,0.03294343905785485
7730,0.0472874451224437
7731,0.03637532268518375
7732,0.07903125771029479
7733,0.020663328957880672
7734,0.037593946162112056
7735,0.0895851163769912
7736,0.059326311972524026
7737,0.0521330604156563
7738,0.09831774697482025
7739,0.04287184471684473
7740,0.02525362158524688
7741,0.023622642765858633
7742,0.07187511267178946
7743,0.06744146074358998
7744,0.12919480614845036
7745,0.07657630222726251
7746,0.05385008895239068
7747,0.050467859648565414
7748,0.05385008895239068
7749,0.044298105555134894
7750,0.029825320005255892
7751,0.07657630222726251
7752,0.08155796530189055
7753,0.03637532268518375
7754,0.0472874451224437
7755,0.05385008895239068
7756,0.0521330604156563
7757,0.09532570362584843
7758,0.1013931778423964
7759,0.07903125771029479
7760,0.01806788128844435
7761,0.01806788128844435
7762,0.07187511267178946
7763,0.059326311972524026
7764,0.11113633246221037
7765,0.04148951147230672
7766,0.05562035029109824
7767,0.02442486287796552
7768,0.07903125771029479
7769,0.05744527367010645
7770,0.06126494107819702
7771,0.10780082751501731
7772,0.059326311972524026
7773,0.07419146202147729
7774,0.11113633246221037
7775,0.01806788128844435
7776,0.02790753622320684
7777,0.026109748256448687
7778,0.06532098566628583
7779,0.02284615406529167
7780,0.06532098566628583
7781,0.13309352252567752
7782,0.07419146202147729
7783,0.035194756820265335
7784,0.04287184471684473
7785,0.02442486287796552
7786,0.050467859648565414
7787,0.02442486287796552
7788,0.0895851163769912
7789,0.09831774697482025
7790,0.1013931778423964
7791,0.0521330604156563
7792,0.07419146202147729
7793,0.044298105555134894
7794,0.04148951147230672
7795,0.04148951147230672
7796,0.0895851163769912
7797,0.08155796530189055
7798,0.0521330604156563
7799,0.08155796530189055
7800,0.06962564382891834
7801,0.06532098566628583
7802,0.04287184471684473
7803,0.08415807244319695
7804,0.04576954626093176
7805,0.030831530235430404
7806,0.04885310630405945
7807,0.10780082751501731
7808,0.04576954626093176
7809,0.05744527367010645
7810,0.0340511524412236
7811,0.04014987964502801
7812,0.11456179056371053
7813,0.09241538285980007
7814,0.09831774697482025
7815,0.03637532268518375
7816,0.1411897434506853
7817,0.04014987964502801
7818,0.12168894794618093
7819,0.14969342319192988
7820,0.09532570362584843
7821,0.04576954626093176
7822,0.07419146202147729
7823,0.020663328957880672
7824,0.04287184471684473
7825,0.05385008895239068
7826,0.03294343905785485
7827,0.05562035029109824
7828,0.11113633246221037
7829,0.06532098566628583
7830,0.11113633246221037
7831,0.0895851163769912
7832,0.13309352252567752
7833,0.11113633246221037
7834,0.0340511524412236
7835,0.10455365490510782
7836,0.044298105555134894
7837,0.06962564382891834
7838,0.05562035029109824
7839,0.11113633246221037
7840,0.11113633246221037
7841,0.08155796530189055
7842,0.0521330604156563
7843,0.04148951147230672
7844,0.059326311972524026
7845,0.050467859648565414
7846,0.07903125771029479
7847,0.12919480614845036
7848,0.06532098566628583
7849,0.06744146074358998
7850,0.044298105555134894
7851,0.04576954626093176
7852,0.10780082751501731
7853,0.05385008895239068
7854,0.06326265912384453
7855,0.04287184471684473
7856,0.12168894794618093
7857,0.0472874451224437
7858,0.03885174918700678
7859,0.13309352252567752
7860,0.0895851163769912
7861,0.13309352252567752
7862,0.11456179056371053
7863,0.06126494107819702
7864,0.09831774697482025
7865,0.06532098566628583
7866,0.07657630222726251
7867,0.05562035029109824
7868,0.09241538285980007
7869,0.01806788128844435
7870,0.05744527367010645
7871,0.10455365490510782
7872,0.10780082751501731
7873,0.05385008895239068
7874,0.029825320005255892
7875,0.09532570362584843
7876,0.04287184471684473
7877,0.07903125771029479
7878,0.07187511267178946
7879,0.04287184471684473
7880,0.04148951147230672
7881,0.06532098566628583
7882,0.04576954626093176
7883,0.050467859648565414
7884,0.08683323524129412
7885,0.050467859648565414
7886,0.09831774697482025
7887,0.05562035029109824
7888,0.0472874451224437
7889,0.07419146202147729
7890,0.07657630222726251
7891,0.07657630222726251
7892,0.0521330604156563
7893,0.050467859648565414
7894,0.06126494107819702
7895,0.03294343905785485
7896,0.02790753622320684
7897,0.059326311972524026
7898,0.08155796530189055
7899,0.02442486287796552
7900,0.07903125771029479
7901,0.09532570362584843
7902,0.05385008895239068
7903,0.037593946162112056
7904,0.04148951147230672
7905,0.1013931778423964
7906,0.0340511524412236
7907,0.1370913686325979
7908,0.06326265912384453
7909,0.06532098566628583
7910,0.09831774697482025
7911,0.07903125771029479
7912,0.044298105555134894
7913,0.02284615406529167
7914,0.03294343905785485
7915,0.04148951147230672
7916,0.11807880307813506
7917,0.08683323524129412
7918,0.0340511524412236
7919,0.030831530235430404
7920,0.12168894794618093
7921,0.059326311972524026
7922,0.05562035029109824
7923,0.05385008895239068
7924,0.06962564382891834
7925,0.07903125771029479
7926,0.08683323524129412
7927,0.10455365490510782
7928,0.08683323524129412
7929,0.07419146202147729
7930,0.07657630222726251
7931,0.04287184471684473
7932,0.09241538285980007
7933,0.07903125771029479
7934,0.06326265912384453
7935,0.09241538285980007
7936,0.08415807244319695
7937,0.14969342319192988
7938,0.023622642765858633
7939,0.06962564382891834
7940,0.04014987964502801
7941,0.10780082751501731
7942,0.037593946162112056
7943,0.07187511267178946
7944,0.06744146074358998
7945,0.1370913686325979
7946,0.04287184471684473
7947,0.0340511524412236
7948,0.0895851163769912
7949,0.023622642765858633
7950,0.07903125771029479
7951,0.07187511267178946
7952,0.03637532268518375
7953,0.09831774697482025
7954,0.09532570362584843
7955,0.11807880307813506
7956,0.02885097064418959
7957,0.06744146074358998
7958,0.02525362158524688
7959,0.1013931778423964
7960,0.1013931778423964
7961,0.06962564382891834
7962,0.03637532268518375
7963,0.06962564382891834
7964,0.031870571610423684
7965,0.07657630222726251
7966,0.05385008895239068
7967,0.06962564382891834
7968,0.05562035029109824
7969,0.11113633246221037
7970,0.10780082751501731
7971,0.15410125929925808
7972,0.04148951147230672
7973,0.08683323524129412
7974,0.050467859648565414
7975,0.09241538285980007
7976,0.06532098566628583
7977,0.06126494107819702
7978,0.10455365490510782
7979,0.0472874451224437
7980,0.10780082751501731
7981,0.11456179056371053
7982,0.07187511267178946
7983,0.0895851163769912
7984,0.1370913686325979
7985,0.10780082751501731
7986,0.059326311972524026
7987,0.09831774697482025
7988,0.029825320005255892
7989,0.10455365490510782
7990,0.07187511267178946
7991,0.029825320005255892
7992,0.04576954626093176
7993,0.07187511267178946
7994,0.04287184471684473
7995,0.05562035029109824
7996,0.07903125771029479
7997,0.06532098566628583
7998,0.04287184471684473
7999,0.04576954626093176
8000,0.050467859648565414
8001,0.02885097064418959
8002,0.06962564382891834
8003,0.0895851163769912
8004,0.02442486287796552
8005,0.01998212368725082
8006,0.12919480614845036
8007,0.0340511524412236
8008,0.06532098566628583
8009,0.037593946162112056
8010,0.06326265912384453
8011,0.04148951147230672
8012,0.03885174918700678
8013,0.0521330604156563
8014,0.07903125771029479
8015,0.11113633246221037
8016,0.03885174918700678
8017,0.1411897434506853
8018,0.11113633246221037
8019,0.12168894794618093
8020,0.08683323524129412
8021,0.022094611379221522
8022,0.06962564382891834
8023,0.04287184471684473
8024,0.026994094835726477
8025,0.04014987964502801
8026,0.07903125771029479
8027,0.03637532268518375
8028,0.0895851163769912
8029,0.04148951147230672
8030,0.07657630222726251
8031,0.031870571610423684
8032,0.04576954626093176
8033,0.08155796530189055
8034,0.07187511267178946
8035,0.07419146202147729
8036,0.019322932527049887
8037,0.0472874451224437
8038,0.050467859648565414
8039,0.03637532268518375
8040,0.1370913686325979
8041,0.0521330604156563
8042,0.04148951147230672
8043,0.07187511267178946
8044,0.09241538285980007
8045,0.05562035029109824
8046,0.035194756820265335
8047,0.07419146202147729
8048,0.04576954626093176
8049,0.11456179056371053
8050,0.07657630222726251
8051,0.11113633246221037
8052,0.07187511267178946
8053,0.09532570362584843
8054,0.05562035029109824
8055,0.1253937758578759
8056,0.02442486287796552
8057,0.030831530235430404
8058,0.035194756820265335
8059,0.1013931778423964
8060,0.03637532268518375
8061,0.04148951147230672
8062,0.03885174918700678
8063,0.07903125771029479
8064,0.044298105555134894
8065,0.07187511267178946
8066,0.08683323524129412
8067,0.08155796530189055
8068,0.0472874451224437
8069,0.11807880307813506
8070,0.13309352252567752
8071,0.06744146074358998
8072,0.11807880307813506
8073,0.07657630222726251
8074,0.06126494107819702
8075,0.031870571610423684
8076,0.0895851163769912
8077,0.020663328957880672
8078,0.09532570362584843
8079,0.06326265912384453
8080,0.06962564382891834
8081,0.026109748256448687
8082,0.05385008895239068
8083,0.09532570362584843
8084,0.05744527367010645
8085,0.06126494107819702
8086,0.08155796530189055
8087,0.03885174918700678
8088,0.059326311972524026
8089,0.06532098566628583
8090,0.10780082751501731
8091,0.059326311972524026
8092,0.10455365490510782
8093,0.1253937758578759
8094,0.08683323524129412
8095,0.10455365490510782
8096,0.11807880307813506
8097,0.04148951147230672
8098,0.07187511267178946
8099,0.050467859648565414
8100,0.059326311972524026
8101,0.08683323524129412
8102,0.08683323524129412
8103,0.03294343905785485
8104,0.10780082751501731
8105,0.09831774697482025
8106,0.03637532268518375
8107,0.07657630222726251
8108,0.08683323524129412
8109,0.14538999654972165
8110,0.035194756820265335
8111,0.09831774697482025
8112,0.0472874451224437
8113,0.04576954626093176
8114,0.050467859648565414
8115,0.10455365490510782
8116,0.08155796530189055
8117,0.10455365490510782
8118,0.10455365490510782
8119,0.06532098566628583
8120,0.09532570362584843
8121,0.06326265912384453
8122,0.07187511267178946
8123,0.04287184471684473
8124,0.026109748256448687
8125,0.05562035029109824
8126,0.1370913686325979
8127,0.10455365490510782
8128,0.1370913686325979
8129,0.06326265912384453
8130,0.059326311972524026
8131,0.03637532268518375
8132,0.07657630222726251
8133,0.08683323524129412
8134,0.07657630222726251
8135,0.06962564382891834
8136,0.014763940816671187
8137,0.02790753622320684
8138,0.050467859648565414
8139,0.08155796530189055
8140,0.06532098566628583
8141,0.08683323524129412
8142,0.07657630222726251
8143,0.1013931778423964
8144,0.08155796530189055
8145,0.044298105555134894
8146,0.04885310630405945
8147,0.04885310630405945
8148,0.03637532268518375
8149,0.03637532268518375
8150,0.09831774697482025
8151,0.1370913686325979
8152,0.08155796530189055
8153,0.07187511267178946
8154,0.08415807244319695
8155,0.06126494107819702
8156,0.0472874451224437
8157,0.06126494107819702
8158,0.11113633246221037
8159,0.13309352252567752
8160,0.08683323524129412
8161,0.06326265912384453
8162,0.07657630222726251
8163,0.0472874451224437
8164,0.05562035029109824
8165,0.07657630222726251
8166,0.08415807244319695
8167,0.026109748256448687
8168,0.09532570362584843
8169,0.02442486287796552
8170,0.0895851163769912
8171,0.050467859648565414
8172,0.13309352252567752
8173,0.06326265912384453
8174,0.0340511524412236
8175,0.06126494107819702
8176,0.05744527367010645
8177,0.0472874451224437
8178,0.050467859648565414
8179,0.06744146074358998
8180,0.050467859648565414
8181,0.050467859648565414
8182,0.06126494107819702
8183,0.11807880307813506
8184,0.07187511267178946
8185,0.050467859648565414
8186,0.06532098566628583
8187,0.0521330604156563
8188,0.03885174918700678
8189,0.08415807244319695
8190,0.04885310630405945
8191,0.07419146202147729
8192,0.12919480614845036
8193,0.044298105555134894
8194,0.0472874451224437
8195,0.04148951147230672
8196,0.023622642765858633
8197,0.07187511267178946
8198,0.11456179056371053
8199,0.1411897434506853
8200,0.08155796530189055
8201,0.02442486287796552
8202,0.03637532268518375
8203,0.03294343905785485
8204,0.11807880307813506
8205,0.07187511267178946
8206,0.0521330604156563
8207,0.14969342319192988
8208,0.07657630222726251
8209,0.03885174918700678
8210,0.0895851163769912
8211,0.11113633246221037
8212,0.029825320005255892
8213,0.05385008895239068
8214,0.1411897434506853
8215,0.059326311972524026
8216,0.12168894794618093
8217,0.05744527367010645
8218,0.06126494107819702
8219,0.02442486287796552
8220,0.08415807244319695
8221,0.059326311972524026
8222,0.08683323524129412
8223,0.11807880307813506
8224,0.09241538285980007
8225,0.0895851163769912
8226,0.11807880307813506
8227,0.05744527367010645
8228,0.06326265912384453
8229,0.06326265912384453
8230,0.050467859648565414
8231,0.04014987964502801
8232,0.10780082751501731
8233,0.02790753622320684
8234,0.02284615406529167
8235,0.06326265912384453
8236,0.07419146202147729
8237,0.05562035029109824
8238,0.04885310630405945
8239,0.09241538285980007
8240,0.06126494107819702
8241,0.08683323524129412
8242,0.11807880307813506
8243,0.059326311972524026
8244,0.05744527367010645
8245,0.0521330604156563
8246,0.050467859648565414
8247,0.03294343905785485
8248,0.04148951147230672
8249,0.06532098566628583
8250,0.06744146074358998
8251,0.044298105555134894
8252,0.09532570362584843
8253,0.04014987964502801
8254,0.059326311972524026
8255,0.08415807244319695
8256,0.04576954626093176
8257,0.030831530235430404
8258,0.07187511267178946
8259,0.12168894794618093
8260,0.1253937758578759
8261,0.029825320005255892
8262,0.07419146202147729
8263,0.03885174918700678
8264,0.06126494107819702
8265,0.05562035029109824
8266,0.05385008895239068
8267,0.1253937758578759
8268,0.04014987964502801
8269,0.026994094835726477
8270,0.06744146074358998
8271,0.08683323524129412
8272,0.07187511267178946
8273,0.05385008895239068
8274,0.06962564382891834
8275,0.13309352252567752
8276,0.14538999654972165
8277,0.06126494107819702
8278,0.01806788128844435
8279,0.029825320005255892
8280,0.06532098566628583
8281,0.08683323524129412
8282,0.08415807244319695
8283,0.0340511524412236
8284,0.07657630222726251
8285,0.08683323524129412
8286,0.06126494107819702
8287,0.05385008895239068
8288,0.07187511267178946
8289,0.01998212368725082
8290,0.05385008895239068
8291,0.044298105555134894
8292,0.04014987964502801
8293,0.05385008895239068
8294,0.04287184471684473
8295,0.07419146202147729
8296,0.03885174918700678
8297,0.019322932527049887
8298,0.029825320005255892
8299,0.022094611379221522
8300,0.09532570362584843
8301,0.0895851163769912
8302,0.07187511267178946
8303,0.11113633246221037
8304,0.12919480614845036
8305,0.08415807244319695
8306,0.026109748256448687
8307,0.10780082751501731
8308,0.031870571610423684
8309,0.04576954626093176
8310,0.0895851163769912
8311,0.023622642765858633
8312,0.09241538285980007
8313,0.09241538285980007
8314,0.059326311972524026
8315,0.031870571610423684
8316,0.044298105555134894
8317,0.023622642765858633
8318,0.0895851163769912
8319,0.06126494107819702
8320,0.07657630222726251
8321,0.11456179056371053
8322,0.0472874451224437
8323,0.06962564382891834
8324,0.04148951147230672
8325,0.02790753622320684
8326,0.07657630222726251
8327,0.07187511267178946
8328,0.03294343905785485
8329,0.1013931778423964
8330,0.11113633246221037
8331,0.08683323524129412
8332,0.059326311972524026
8333,0.06326265912384453
8334,0.031870571610423684
8335,0.0340511524412236
8336,0.09532570362584843
8337,0.059326311972524026
8338,0.06962564382891834
8339,0.03637532268518375
8340,0.031870571610423684
8341,0.11456179056371053
8342,0.03885174918700678
8343,0.050467859648565414
8344,0.04148951147230672
8345,0.06126494107819702
8346,0.07419146202147729
8347,0.05385008895239068
8348,0.04885310630405945
8349,0.1013931778423964
8350,0.050467859648565414
8351,0.06532098566628583
8352,0.06326265912384453
8353,0.06962564382891834
8354,0.06126494107819702
8355,0.04576954626093176
8356,0.03294343905785485
8357,0.0895851163769912
8358,0.07419146202147729
8359,0.08683323524129412
8360,0.08415807244319695
8361,0.035194756820265335
8362,0.059326311972524026
8363,0.12919480614845036
8364,0.04576954626093176
8365,0.06744146074358998
8366,0.04014987964502801
8367,0.15410125929925808
8368,0.09241538285980007
8369,0.05562035029109824
8370,0.030831530235430404
8371,0.06126494107819702
8372,0.06532098566628583
8373,0.06532098566628583
8374,0.050467859648565414
8375,0.08683323524129412
8376,0.14538999654972165
8377,0.15861467629411466
8378,0.07419146202147729
8379,0.050467859648565414
8380,0.04576954626093176
8381,0.037593946162112056
8382,0.0895851163769912
8383,0.0521330604156563
8384,0.12168894794618093
8385,0.1013931778423964
8386,0.07187511267178946
8387,0.03637532268518375
8388,0.12919480614845036
8389,0.06744146074358998
8390,0.0895851163769912
8391,0.050467859648565414
8392,0.026109748256448687
8393,0.07419146202147729
8394,0.0521330604156563
8395,0.1370913686325979
8396,0.13309352252567752
8397,0.09241538285980007
8398,0.04576954626093176
8399,0.08415807244319695
8400,0.030831530235430404
8401,0.04014987964502801
8402,0.06532098566628583
8403,0.06532098566628583
8404,0.03294343905785485
8405,0.02442486287796552
8406,0.06326265912384453
8407,0.01806788128844435
8408,0.11456179056371053
8409,0.04576954626093176
8410,0.05562035029109824
8411,0.035194756820265335
8412,0.06532098566628583
8413,0.10455365490510782
8414,0.09241538285980007
8415,0.05562035029109824
8416,0.02790753622320684
8417,0.08155796530189055
8418,0.12168894794618093
8419,0.06962564382891834
8420,0.12919480614845036
8421,0.035194756820265335
8422,0.09241538285980007
8423,0.08415807244319695
8424,0.10780082751501731
8425,0.09831774697482025
8426,0.014763940816671187
8427,0.04576954626093176
8428,0.029825320005255892
8429,0.07187511267178946
8430,0.05744527367010645
8431,0.09532570362584843
8432,0.12919480614845036
8433,0.031870571610423684
8434,0.04287184471684473
8435,0.07187511267178946
8436,0.03637532268518375
8437,0.1013931778423964
8438,0.08155796530189055
8439,0.03637532268518375
8440,0.05562035029109824
8441,0.06126494107819702
8442,0.06532098566628583
8443,0.07187511267178946
8444,0.0472874451224437
8445,0.08155796530189055
8446,0.07657630222726251
8447,0.026109748256448687
8448,0.06532098566628583
8449,0.0472874451224437
8450,0.04885310630405945
8451,0.06532098566628583
8452,0.13309352252567752
8453,0.06962564382891834
8454,0.07419146202147729
8455,0.09831774697482025
8456,0.04885310630405945
8457,0.037593946162112056
8458,0.0521330604156563
8459,0.02885097064418959
8460,0.07187511267178946
8461,0.05562035029109824
8462,0.06126494107819702
8463,0.06532098566628583
8464,0.06532098566628583
8465,0.05744527367010645
8466,0.07419146202147729
8467,0.02790753622320684
8468,0.07903125771029479
8469,0.10780082751501731
8470,0.06326265912384453
8471,0.030831530235430404
8472,0.05385008895239068
8473,0.030831530235430404
8474,0.11456179056371053
8475,0.07903125771029479
8476,0.04287184471684473
8477,0.11113633246221037
8478,0.0521330604156563
8479,0.07419146202147729
8480,0.1013931778423964
8481,0.026109748256448687
8482,0.04014987964502801
8483,0.06744146074358998
8484,0.13309352252567752
8485,0.05385008895239068
8486,0.15410125929925808
8487,0.059326311972524026
8488,0.08155796530189055
8489,0.07187511267178946
8490,0.031870571610423684
8491,0.04014987964502801
8492,0.08683323524129412
8493,0.04287184471684473
8494,0.1370913686325979
8495,0.04148951147230672
8496,0.0521330604156563
8497,0.06326265912384453
8498,0.029825320005255892
8499,0.04014987964502801
8500,0.06326265912384453
8501,0.10455365490510782
8502,0.05385008895239068
8503,0.050467859648565414
8504,0.07419146202147729
8505,0.06532098566628583
8506,0.04287184471684473
8507,0.06744146074358998
8508,0.050467859648565414
8509,0.030831530235430404
8510,0.05562035029109824
8511,0.08155796530189055
8512,0.07419146202147729
8513,0.0895851163769912
8514,0.10780082751501731
8515,0.08683323524129412
8516,0.02136725069186659
8517,0.08683323524129412
8518,0.11456179056371053
8519,0.04885310630405945
8520,0.06326265912384453
8521,0.02885097064418959
8522,0.02284615406529167
8523,0.15410125929925808
8524,0.01998212368725082
8525,0.0472874451224437
8526,0.06744146074358998
8527,0.08683323524129412
8528,0.0895851163769912
8529,0.044298105555134894
8530,0.08415807244319695
8531,0.08415807244319695
8532,0.02885097064418959
8533,0.06744146074358998
8534,0.059326311972524026
8535,0.05562035029109824
8536,0.06126494107819702
8537,0.11456179056371053
8538,0.08683323524129412
8539,0.06326265912384453
8540,0.11456179056371053
8541,0.15861467629411466
8542,0.02790753622320684
8543,0.0340511524412236
8544,0.1013931778423964
8545,0.050467859648565414
8546,0.07419146202147729
8547,0.07903125771029479
8548,0.08683323524129412
8549,0.04287184471684473
8550,0.026994094835726477
8551,0.1013931778423964
8552,0.06962564382891834
8553,0.029825320005255892
8554,0.044298105555134894
8555,0.11456179056371053
8556,0.04014987964502801
8557,0.06962564382891834
8558,0.10455365490510782
8559,0.06532098566628583
8560,0.09532570362584843
8561,0.05562035029109824
8562,0.07657630222726251
8563,0.0472874451224437
8564,0.026109748256448687
8565,0.0472874451224437
8566,0.04148951147230672
8567,0.1411897434506853
8568,0.0521330604156563
8569,0.12168894794618093
8570,0.05385008895239068
8571,0.13309352252567752
8572,0.06744146074358998
8573,0.0895851163769912
8574,0.016892943165924136
8575,0.04576954626093176
8576,0.1370913686325979
8577,0.09241538285980007
8578,0.1253937758578759
8579,0.12919480614845036
8580,0.06744146074358998
8581,0.026994094835726477
8582,0.07187511267178946
8583,0.02885097064418959
8584,0.05744527367010645
8585,0.09532570362584843
8586,0.08415807244319695
8587,0.059326311972524026
8588,0.07419146202147729
8589,0.08155796530189055
8590,0.07657630222726251
8591,0.0472874451224437
8592,0.06744146074358998
8593,0.0521330604156563
8594,0.059326311972524026
8595,0.1411897434506853
8596,0.06126494107819702
8597,0.07187511267178946
8598,0.1013931778423964
8599,0.07419146202147729
8600,0.06962564382891834
8601,0.0340511524412236
8602,0.0472874451224437
8603,0.1411897434506853
8604,0.037593946162112056
8605,0.030831530235430404
8606,0.08155796530189055
8607,0.05562035029109824
8608,0.11113633246221037
8609,0.0472874451224437
8610,0.10780082751501731
8611,0.050467859648565414
8612,0.07657630222726251
8613,0.05562035029109824
8614,0.035194756820265335
8615,0.04287184471684473
8616,0.037593946162112056
8617,0.07187511267178946
8618,0.06326265912384453
8619,0.07657630222726251
8620,0.050467859648565414
8621,0.03637532268518375
8622,0.0521330604156563
8623,0.11113633246221037
8624,0.09241538285980007
8625,0.1253937758578759
8626,0.0472874451224437
8627,0.0521330604156563
8628,0.07903125771029479
8629,0.12168894794618093
8630,0.03294343905785485
8631,0.026994094835726477
8632,0.09831774697482025
8633,0.06744146074358998
8634,0.10455365490510782
8635,0.06744146074358998
8636,0.01806788128844435
8637,0.0895851163769912
8638,0.050467859648565414
8639,0.07187511267178946
8640,0.0895851163769912
8641,0.0340511524412236
8642,0.05744527367010645
8643,0.06962564382891834
8644,0.06326265912384453
8645,0.05562035029109824
8646,0.1411897434506853
8647,0.11807880307813506
8648,0.08683323524129412
8649,0.07903125771029479
8650,0.02442486287796552
8651,0.11113633246221037
8652,0.09532570362584843
8653,0.030831530235430404
8654,0.07187511267178946
8655,0.04148951147230672
8656,0.04148951147230672
8657,0.11456179056371053
8658,0.044298105555134894
8659,0.0521330604156563
8660,0.12168894794618093
8661,0.04885310630405945
8662,0.0472874451224437
8663,0.0472874451224437
8664,0.1370913686325979
8665,0.08683323524129412
8666,0.06744146074358998
8667,0.06126494107819702
8668,0.0521330604156563
8669,0.11807880307813506
8670,0.10780082751501731
8671,0.04576954626093176
8672,0.050467859648565414
8673,0.06744146074358998
8674,0.06326265912384453
8675,0.059326311972524026
8676,0.08155796530189055
8677,0.050467859648565414
8678,0.01806788128844435
8679,0.020663328957880672
8680,0.07419146202147729
8681,0.044298105555134894
8682,0.044298105555134894
8683,0.02790753622320684
8684,0.07903125771029479
8685,0.12168894794618093
8686,0.08155796530189055
8687,0.07187511267178946
8688,0.035194756820265335
8689,0.0521330604156563
8690,0.09241538285980007
8691,0.06532098566628583
8692,0.04576954626093176
8693,0.05744527367010645
8694,0.14538999654972165
8695,0.04576954626093176
8696,0.12919480614845036
8697,0.11456179056371053
8698,0.05562035029109824
8699,0.09532570362584843
8700,0.06532098566628583
8701,0.1013931778423964
8702,0.06532098566628583
8703,0.1370913686325979
8704,0.08155796530189055
8705,0.05562035029109824
8706,0.07657630222726251
8707,0.01998212368725082
8708,0.07187511267178946
8709,0.1013931778423964
8710,0.08415807244319695
8711,0.06962564382891834
8712,0.04576954626093176
8713,0.05744527367010645
8714,0.05744527367010645
8715,0.016892943165924136
8716,0.02885097064418959
8717,0.06126494107819702
8718,0.06962564382891834
8719,0.03885174918700678
8720,0.031870571610423684
8721,0.06532098566628583
8722,0.031870571610423684
8723,0.08415807244319695
8724,0.07903125771029479
8725,0.1013931778423964
8726,0.06326265912384453
8727,0.03885174918700678
8728,0.04885310630405945
8729,0.04287184471684473
8730,0.07419146202147729
8731,0.044298105555134894
8732,0.06744146074358998
8733,0.031870571610423684
8734,0.1253937758578759
8735,0.023622642765858633
8736,0.05385008895239068
8737,0.05744527367010645
8738,0.044298105555134894
8739,0.044298105555134894
8740,0.1013931778423964
8741,0.04148951147230672
8742,0.0895851163769912
8743,0.04576954626093176
8744,0.029825320005255892
8745,0.07187511267178946
8746,0.12168894794618093
8747,0.019322932527049887
8748,0.15410125929925808
8749,0.04148951147230672
8750,0.04576954626093176
8751,0.05744527367010645
8752,0.1013931778423964
8753,0.1411897434506853
8754,0.12919480614845036
8755,0.07187511267178946
8756,0.07657630222726251
8757,0.0340511524412236
8758,0.02442486287796552
8759,0.037593946162112056
8760,0.1370913686325979
8761,0.10780082751501731
8762,0.044298105555134894
8763,0.11807880307813506
8764,0.05385008895239068
8765,0.06126494107819702
8766,0.0521330604156563
8767,0.11807880307813506
8768,0.03885174918700678
8769,0.09831774697482025
8770,0.019322932527049887
8771,0.03885174918700678
8772,0.08683323524129412
8773,0.0472874451224437
8774,0.06532098566628583
8775,0.023622642765858633
8776,0.15410125929925808
8777,0.03637532268518375
8778,0.050467859648565414
8779,0.0472874451224437
8780,0.07657630222726251
8781,0.04148951147230672
8782,0.03885174918700678
8783,0.10455365490510782
8784,0.03885174918700678
8785,0.04148951147230672
8786,0.07657630222726251
8787,0.07903125771029479
8788,0.06532098566628583
8789,0.030831530235430404
8790,0.05385008895239068
8791,0.07903125771029479
8792,0.06962564382891834
8793,0.0895851163769912
8794,0.0472874451224437
8795,0.0340511524412236
8796,0.14538999654972165
8797,0.06326265912384453
8798,0.14969342319192988
8799,0.04885310630405945
8800,0.05744527367010645
8801,0.06962564382891834
8802,0.059326311972524026
8803,0.1411897434506853
8804,0.12168894794618093
8805,0.08415807244319695
8806,0.1370913686325979
8807,0.04287184471684473
8808,0.04148951147230672
8809,0.05385008895239068
8810,0.03294343905785485
8811,0.05744527367010645
8812,0.06326265912384453
8813,0.04576954626093176
8814,0.08155796530189055
8815,0.026109748256448687
8816,0.0472874451224437
8817,0.06326265912384453
8818,0.05744527367010645
8819,0.059326311972524026
8820,0.1013931778423964
8821,0.037593946162112056
8822,0.017470713401722432
8823,0.07657630222726251
8824,0.02442486287796552
8825,0.09241538285980007
8826,0.1013931778423964
8827,0.11113633246221037
8828,0.09532570362584843
8829,0.06126494107819702
8830,0.02136725069186659
8831,0.11807880307813506
8832,0.037593946162112056
8833,0.07903125771029479
8834,0.1013931778423964
8835,0.04287184471684473
8836,0.04287184471684473
8837,0.06126494107819702
8838,0.06532098566628583
8839,0.0472874451224437
8840,0.02442486287796552
8841,0.044298105555134894
8842,0.11807880307813506
8843,0.07187511267178946
8844,0.07419146202147729
8845,0.04287184471684473
8846,0.06532098566628583
8847,0.11807880307813506
8848,0.07419146202147729
8849,0.05562035029109824
8850,0.08415807244319695
8851,0.06126494107819702
8852,0.1013931778423964
8853,0.04014987964502801
8854,0.14969342319192988
8855,0.02790753622320684
8856,0.06744146074358998
8857,0.1411897434506853
8858,0.059326311972524026
8859,0.0472874451224437
8860,0.01998212368725082
8861,0.07419146202147729
8862,0.07903125771029479
8863,0.050467859648565414
8864,0.06532098566628583
8865,0.044298105555134894
8866,0.029825320005255892
8867,0.06962564382891834
8868,0.12919480614845036
8869,0.09241538285980007
8870,0.07657630222726251
8871,0.0472874451224437
8872,0.0472874451224437
8873,0.09831774697482025
8874,0.05744527367010645
8875,0.07657630222726251
8876,0.037593946162112056
8877,0.0472874451224437
8878,0.023622642765858633
8879,0.06126494107819702
8880,0.13309352252567752
8881,0.07903125771029479
8882,0.0472874451224437
8883,0.02885097064418959
8884,0.037593946162112056
8885,0.04576954626093176
8886,0.09532570362584843
8887,0.04148951147230672
8888,0.08415807244319695
8889,0.0340511524412236
8890,0.09532570362584843
8891,0.07419146202147729
8892,0.029825320005255892
8893,0.04148951147230672
8894,0.08155796530189055
8895,0.06744146074358998
8896,0.11807880307813506
8897,0.06962564382891834
8898,0.1013931778423964
8899,0.06532098566628583
8900,0.08415807244319695
8901,0.08415807244319695
8902,0.06126494107819702
8903,0.0521330604156563
8904,0.06326265912384453
8905,0.06326265912384453
8906,0.09241538285980007
8907,0.04287184471684473
8908,0.05385008895239068
8909,0.06744146074358998
8910,0.026994094835726477
8911,0.0472874451224437
8912,0.0340511524412236
8913,0.0521330604156563
8914,0.023622642765858633
8915,0.08155796530189055
8916,0.037593946162112056
8917,0.0472874451224437
8918,0.05385008895239068
8919,0.04885310630405945
8920,0.030831530235430404
8921,0.04576954626093176
8922,0.07657630222726251
8923,0.06532098566628583
8924,0.1411897434506853
8925,0.15861467629411466
8926,0.05385008895239068
8927,0.10455365490510782
8928,0.03637532268518375
8929,0.12919480614845036
8930,0.0340511524412236
8931,0.04576954626093176
8932,0.14969342319192988
8933,0.059326311972524026
8934,0.02790753622320684
8935,0.05744527367010645
8936,0.12168894794618093
8937,0.06532098566628583
8938,0.035194756820265335
8939,0.11113633246221037
8940,0.06326265912384453
8941,0.059326311972524026
8942,0.044298105555134894
8943,0.06532098566628583
8944,0.03294343905785485
8945,0.04885310630405945
8946,0.1370913686325979
8947,0.0895851163769912
8948,0.04885310630405945
8949,0.050467859648565414
8950,0.08683323524129412
8951,0.04576954626093176
8952,0.05385008895239068
8953,0.030831530235430404
8954,0.14969342319192988
8955,0.04287184471684473
8956,0.12168894794618093
8957,0.05385008895239068
8958,0.04576954626093176
8959,0.06744146074358998
8960,0.050467859648565414
8961,0.13309352252567752
8962,0.05744527367010645
8963,0.06962564382891834
8964,0.019322932527049887
8965,0.050467859648565414
8966,0.04014987964502801
8967,0.1013931778423964
8968,0.037593946162112056
8969,0.07187511267178946
8970,0.06126494107819702
8971,0.05562035029109824
8972,0.03637532268518375
8973,0.06962564382891834
8974,0.04576954626093176
8975,0.10455365490510782
8976,0.04576954626093176
8977,0.09241538285980007
8978,0.08415807244319695
8979,0.037593946162112056
8980,0.02790753622320684
8981,0.08155796530189055
8982,0.04885310630405945
8983,0.12919480614845036
8984,0.03637532268518375
8985,0.03637532268518375
8986,0.05385008895239068
8987,0.03294343905785485
8988,0.13309352252567752
8989,0.07187511267178946
8990,0.06532098566628583
8991,0.08155796530189055
8992,0.05385008895239068
8993,0.07657630222726251
8994,0.1370913686325979
8995,0.10780082751501731
8996,0.12168894794618093
8997,0.1411897434506853
8998,0.08415807244319695
8999,0.06532098566628583
9000,0.11113633246221037
9001,0.04287184471684473
9002,0.03294343905785485
9003,0.13309352252567752
9004,0.06326265912384453
9005,0.02790753622320684
9006,0.12168894794618093
9007,0.10780082751501731
9008,0.06326265912384453
9009,0.07419146202147729
9010,0.11113633246221037
9011,0.06126494107819702
9012,0.05562035029109824
9013,0.12919480614845036
9014,0.10780082751501731
9015,0.02525362158524688
9016,0.0472874451224437
9017,0.07419146202147729
9018,0.06744146074358998
9019,0.044298105555134894
9020,0.044298105555134894
9021,0.04014987964502801
9022,0.03637532268518375
9023,0.0895851163769912
9024,0.04014987964502801
9025,0.08415807244319695
9026,0.04287184471684473
9027,0.09241538285980007
9028,0.06126494107819702
9029,0.11113633246221037
9030,0.10455365490510782
9031,0.07903125771029479
9032,0.07187511267178946
9033,0.015270026198302424
9034,0.05744527367010645
9035,0.1370913686325979
9036,0.08415807244319695
9037,0.14538999654972165
9038,0.0895851163769912
9039,0.07419146202147729
9040,0.15410125929925808
9041,0.030831530235430404
9042,0.04885310630405945
9043,0.04576954626093176
9044,0.05744527367010645
9045,0.07187511267178946
9046,0.06532098566628583
9047,0.04014987964502801
9048,0.09532570362584843
9049,0.06126494107819702
9050,0.11456179056371053
9051,0.04287184471684473
9052,0.08415807244319695
9053,0.050467859648565414
9054,0.022094611379221522
9055,0.05744527367010645
9056,0.05385008895239068
9057,0.0895851163769912
9058,0.06744146074358998
9059,0.02885097064418959
9060,0.06744146074358998
9061,0.04576954626093176
9062,0.07657630222726251
9063,0.09532570362584843
9064,0.03885174918700678
9065,0.06744146074358998
9066,0.030831530235430404
9067,0.07187511267178946
9068,0.07903125771029479
9069,0.05562035029109824
9070,0.07419146202147729
9071,0.04014987964502801
9072,0.1013931778423964
9073,0.0521330604156563
9074,0.09532570362584843
9075,0.059326311972524026
9076,0.05385008895239068
9077,0.03885174918700678
9078,0.08415807244319695
9079,0.05385008895239068
9080,0.10455365490510782
9081,0.04576954626093176
9082,0.0521330604156563
9083,0.0895851163769912
9084,0.10780082751501731
9085,0.059326311972524026
9086,0.14538999654972165
9087,0.05385008895239068
9088,0.12168894794618093
9089,0.059326311972524026
9090,0.04576954626093176
9091,0.11113633246221037
9092,0.05562035029109824
9093,0.09241538285980007
9094,0.0521330604156563
9095,0.01998212368725082
9096,0.06326265912384453
9097,0.05744527367010645
9098,0.06744146074358998
9099,0.04885310630405945
9100,0.019322932527049887
9101,0.1253937758578759
9102,0.09241538285980007
9103,0.05744527367010645
9104,0.04576954626093176
9105,0.09532570362584843
9106,0.02284615406529167
9107,0.06744146074358998
9108,0.04014987964502801
9109,0.06126494107819702
9110,0.030831530235430404
9111,0.12919480614845036
9112,0.06962564382891834
9113,0.026109748256448687
9114,0.0895851163769912
9115,0.07903125771029479
9116,0.1253937758578759
9117,0.06326265912384453
9118,0.09241538285980007
9119,0.059326311972524026
9120,0.08683323524129412
9121,0.0895851163769912
9122,0.044298105555134894
9123,0.0521330604156563
9124,0.0340511524412236
9125,0.05385008895239068
9126,0.11113633246221037
9127,0.059326311972524026
9128,0.11807880307813506
9129,0.04287184471684473
9130,0.04014987964502801
9131,0.04148951147230672
9132,0.11807880307813506
9133,0.0521330604156563
9134,0.08683323524129412
9135,0.044298105555134894
9136,0.07903125771029479
9137,0.1013931778423964
9138,0.04287184471684473
9139,0.04148951147230672
9140,0.01806788128844435
9141,0.0521330604156563
9142,0.10455365490510782
9143,0.06532098566628583
9144,0.04148951147230672
9145,0.07419146202147729
9146,0.11807880307813506
9147,0.050467859648565414
9148,0.06744146074358998
9149,0.04014987964502801
9150,0.05385008895239068
9151,0.04014987964502801
9152,0.035194756820265335
9153,0.0472874451224437
9154,0.13309352252567752
9155,0.12919480614845036
9156,0.10780082751501731
9157,0.059326311972524026
9158,0.031870571610423684
9159,0.0895851163769912
9160,0.02284615406529167
9161,0.031870571610423684
9162,0.08683323524129412
9163,0.029825320005255892
9164,0.09831774697482025
9165,0.0895851163769912
9166,0.04885310630405945
9167,0.07657630222726251
9168,0.03294343905785485
9169,0.02284615406529167
9170,0.12919480614845036
9171,0.11456179056371053
9172,0.07657630222726251
9173,0.04148951147230672
9174,0.04014987964502801
9175,0.04287184471684473
9176,0.03637532268518375
9177,0.08683323524129412
9178,0.035194756820265335
9179,0.06126494107819702
9180,0.05744527367010645
9181,0.04576954626093176
9182,0.06744146074358998
9183,0.07419146202147729
9184,0.06326265912384453
9185,0.07187511267178946
9186,0.07657630222726251
9187,0.044298105555134894
9188,0.06744146074358998
9189,0.06744146074358998
9190,0.05744527367010645
9191,0.08155796530189055
9192,0.037593946162112056
9193,0.020663328957880672
9194,0.030831530235430404
9195,0.06326265912384453
9196,0.04287184471684473
9197,0.050467859648565414
9198,0.07419146202147729
9199,0.044298105555134894
9200,0.04287184471684473
9201,0.044298105555134894
9202,0.03885174918700678
9203,0.07419146202147729
9204,0.04148951147230672
9205,0.037593946162112056
9206,0.07657630222726251
9207,0.06744146074358998
9208,0.10780082751501731
9209,0.02284615406529167
9210,0.02790753622320684
9211,0.05744527367010645
9212,0.037593946162112056
9213,0.04885310630405945
9214,0.026109748256448687
9215,0.10780082751501731
9216,0.06962564382891834
9217,0.09831774697482025
9218,0.04576954626093176
9219,0.06532098566628583
9220,0.050467859648565414
9221,0.03294343905785485
9222,0.07419146202147729
9223,0.02442486287796552
9224,0.07187511267178946
9225,0.05744527367010645
9226,0.06532098566628583
9227,0.09532570362584843
9228,0.09241538285980007
9229,0.11456179056371053
9230,0.04885310630405945
9231,0.07187511267178946
9232,0.04148951147230672
9233,0.14969342319192988
9234,0.0472874451224437
9235,0.02525362158524688
9236,0.06962564382891834
9237,0.08683323524129412
9238,0.06744146074358998
9239,0.10780082751501731
9240,0.11113633246221037
9241,0.023622642765858633
9242,0.11807880307813506
9243,0.0472874451224437
9244,0.035194756820265335
9245,0.1253937758578759
9246,0.11113633246221037
9247,0.020663328957880672
9248,0.03885174918700678
9249,0.11456179056371053
9250,0.04148951147230672
9251,0.08683323524129412
9252,0.07903125771029479
9253,0.02442486287796552
9254,0.044298105555134894
9255,0.08155796530189055
9256,0.050467859648565414
9257,0.044298105555134894
9258,0.050467859648565414
9259,0.04576954626093176
9260,0.04885310630405945
9261,0.1253937758578759
9262,0.0895851163769912
9263,0.06126494107819702
9264,0.05385008895239068
9265,0.03294343905785485
9266,0.04014987964502801
9267,0.059326311972524026
9268,0.02790753622320684
9269,0.1253937758578759
9270,0.06126494107819702
9271,0.0472874451224437
9272,0.03294343905785485
9273,0.08155796530189055
9274,0.06326265912384453
9275,0.059326311972524026
9276,0.09831774697482025
9277,0.06326265912384453
9278,0.04576954626093176
9279,0.06744146074358998
9280,0.04576954626093176
9281,0.07187511267178946
9282,0.0895851163769912
9283,0.04885310630405945
9284,0.02284615406529167
9285,0.06962564382891834
9286,0.030831530235430404
9287,0.0340511524412236
9288,0.0895851163769912
9289,0.050467859648565414
9290,0.059326311972524026
9291,0.06744146074358998
9292,0.02442486287796552
9293,0.0895851163769912
9294,0.0340511524412236
9295,0.05744527367010645
9296,0.04576954626093176
9297,0.030831530235430404
9298,0.0895851163769912
9299,0.05385008895239068
9300,0.03294343905785485
9301,0.10780082751501731
9302,0.07419146202147729
9303,0.07419146202147729
9304,0.035194756820265335
9305,0.04148951147230672
9306,0.07903125771029479
9307,0.037593946162112056
9308,0.0340511524412236
9309,0.01998212368725082
9310,0.10780082751501731
9311,0.04014987964502801
9312,0.04885310630405945
9313,0.050467859648565414
9314,0.08415807244319695
9315,0.07903125771029479
9316,0.1253937758578759
9317,0.059326311972524026
9318,0.06532098566628583
9319,0.1411897434506853
9320,0.05562035029109824
9321,0.0521330604156563
9322,0.04287184471684473
9323,0.07187511267178946
9324,0.059326311972524026
9325,0.04885310630405945
9326,0.09241538285980007
9327,0.05562035029109824
9328,0.0895851163769912
9329,0.08415807244319695
9330,0.09831774697482025
9331,0.05562035029109824
9332,0.07419146202147729
9333,0.059326311972524026
9334,0.04885310630405945
9335,0.059326311972524026
9336,0.0340511524412236
9337,0.1370913686325979
9338,0.0895851163769912
9339,0.029825320005255892
9340,0.050467859648565414
9341,0.0521330604156563
9342,0.07657630222726251
9343,0.06326265912384453
9344,0.04148951147230672
9345,0.07187511267178946
9346,0.03885174918700678
9347,0.12168894794618093
9348,0.08415807244319695
9349,0.059326311972524026
9350,0.08683323524129412
9351,0.05744527367010645
9352,0.08683323524129412
9353,0.13309352252567752
9354,0.12919480614845036
9355,0.02525362158524688
9356,0.05562035029109824
9357,0.06744146074358998
9358,0.023622642765858633
9359,0.06532098566628583
9360,0.03885174918700678
9361,0.07419146202147729
9362,0.11113633246221037
9363,0.07657630222726251
9364,0.08683323524129412
9365,0.1411897434506853
9366,0.031870571610423684
9367,0.13309352252567752
9368,0.06326265912384453
9369,0.1370913686325979
9370,0.06744146074358998
9371,0.0895851163769912
9372,0.13309352252567752
9373,0.04014987964502801
9374,0.06962564382891834
9375,0.07419146202147729
9376,0.07187511267178946
9377,0.04014987964502801
9378,0.07187511267178946
9379,0.09241538285980007
9380,0.09241538285980007
9381,0.04014987964502801
9382,0.044298105555134894
9383,0.0472874451224437
9384,0.07419146202147729
9385,0.11456179056371053
9386,0.029825320005255892
9387,0.09532570362584843
9388,0.07903125771029479
9389,0.10780082751501731
9390,0.044298105555134894
9391,0.06744146074358998
9392,0.037593946162112056
9393,0.11456179056371053
9394,0.0472874451224437
9395,0.044298105555134894
9396,0.03885174918700678
9397,0.04576954626093176
9398,0.06326265912384453
9399,0.04885310630405945
9400,0.06744146074358998
9401,0.0895851163769912
9402,0.14969342319192988
9403,0.044298105555134894
9404,0.07657630222726251
9405,0.04148951147230672
9406,0.01868507284109021
9407,0.11113633246221037
9408,0.05562035029109824
9409,0.10455365490510782
9410,0.050467859648565414
9411,0.017470713401722432
9412,0.15410125929925808
9413,0.06744146074358998
9414,0.06126494107819702
9415,0.0895851163769912
9416,0.04576954626093176
9417,0.0895851163769912
9418,0.05744527367010645
9419,0.08415807244319695
9420,0.05562035029109824
9421,0.05562035029109824
9422,0.1253937758578759
9423,0.09241538285980007
9424,0.029825320005255892
9425,0.06126494107819702
9426,0.1253937758578759
9427,0.10455365490510782
9428,0.059326311972524026
9429,0.0895851163769912
9430,0.04576954626093176
9431,0.08683323524129412
9432,0.04148951147230672
9433,0.044298105555134894
9434,0.0340511524412236
9435,0.06126494107819702
9436,0.0472874451224437
9437,0.11113633246221037
9438,0.0895851163769912
9439,0.07419146202147729
9440,0.03294343905785485
9441,0.13309352252567752
9442,0.04885310630405945
9443,0.044298105555134894
9444,0.09831774697482025
9445,0.04885310630405945
9446,0.030831530235430404
9447,0.08683323524129412
9448,0.07419146202147729
9449,0.08415807244319695
9450,0.07419146202147729
9451,0.04148951147230672
9452,0.05385008895239068
9453,0.08683323524129412
9454,0.03885174918700678
9455,0.1411897434506853
9456,0.08683323524129412
9457,0.14969342319192988
9458,0.12919480614845036
9459,0.15410125929925808
9460,0.04576954626093176
9461,0.1370913686325979
9462,0.04576954626093176
9463,0.02442486287796552
9464,0.02525362158524688
9465,0.037593946162112056
9466,0.07187511267178946
9467,0.023622642765858633
9468,0.11807880307813506
9469,0.07419146202147729
9470,0.03637532268518375
9471,0.02525362158524688
9472,0.0895851163769912
9473,0.07187511267178946
9474,0.12919480614845036
9475,0.044298105555134894
9476,0.059326311972524026
9477,0.06126494107819702
9478,0.06326265912384453
9479,0.037593946162112056
9480,0.06962564382891834
9481,0.08683323524129412
9482,0.04576954626093176
9483,0.05744527367010645
9484,0.059326311972524026
9485,0.04576954626093176
9486,0.044298105555134894
9487,0.0895851163769912
9488,0.08155796530189055
9489,0.04576954626093176
9490,0.09831774697482025
9491,0.059326311972524026
9492,0.044298105555134894
9493,0.0340511524412236
9494,0.0521330604156563
9495,0.08683323524129412
9496,0.0472874451224437
9497,0.0521330604156563
9498,0.12168894794618093
9499,0.09241538285980007
9500,0.04148951147230672
9501,0.050467859648565414
9502,0.05385008895239068
9503,0.035194756820265335
9504,0.0472874451224437
9505,0.04148951147230672
9506,0.08683323524129412
9507,0.029825320005255892
9508,0.04148951147230672
9509,0.0340511524412236
9510,0.07187511267178946
9511,0.07419146202147729
9512,0.10455365490510782
9513,0.11456179056371053
9514,0.06326265912384453
9515,0.1370913686325979
9516,0.035194756820265335
9517,0.05744527367010645
9518,0.0521330604156563
9519,0.0895851163769912
9520,0.06962564382891834
9521,0.1013931778423964
9522,0.030831530235430404
9523,0.09241538285980007
9524,0.050467859648565414
9525,0.029825320005255892
9526,0.05385008895239068
9527,0.07187511267178946
9528,0.08415807244319695
9529,0.07187511267178946
9530,0.07419146202147729
9531,0.03637532268518375
9532,0.04148951147230672
9533,0.08683323524129412
9534,0.05562035029109824
9535,0.01868507284109021
9536,0.06744146074358998
9537,0.01633396259861487
9538,0.09831774697482025
9539,0.12919480614845036
9540,0.06326265912384453
9541,0.1411897434506853
9542,0.05385008895239068
9543,0.13309352252567752
9544,0.031870571610423684
9545,0.06326265912384453
9546,0.03885174918700678
9547,0.029825320005255892
9548,0.03885174918700678
9549,0.059326311972524026
9550,0.037593946162112056
9551,0.04148951147230672
9552,0.13309352252567752
9553,0.037593946162112056
9554,0.07187511267178946
9555,0.059326311972524026
9556,0.07419146202147729
9557,0.1013931778423964
9558,0.11456179056371053
9559,0.026109748256448687
9560,0.08683323524129412
9561,0.029825320005255892
9562,0.0472874451224437
9563,0.09241538285980007
9564,0.03294343905785485
9565,0.04576954626093176
9566,0.08683323524129412
9567,0.05744527367010645
9568,0.0472874451224437
9569,0.026109748256448687
9570,0.1253937758578759
9571,0.11456179056371053
9572,0.06744146074358998
9573,0.06126494107819702
9574,0.029825320005255892
9575,0.05562035029109824
9576,0.06532098566628583
9577,0.0895851163769912
9578,0.08683323524129412
9579,0.01579318133211142
9580,0.14538999654972165
9581,0.03294343905785485
9582,0.023622642765858633
9583,0.01998212368725082
9584,0.06126494107819702
9585,0.030831530235430404
9586,0.05562035029109824
9587,0.13309352252567752
9588,0.06532098566628583
9589,0.09241538285980007
9590,0.06744146074358998
9591,0.044298105555134894
9592,0.037593946162112056
9593,0.044298105555134894
9594,0.04287184471684473
9595,0.035194756820265335
9596,0.07419146202147729
9597,0.06326265912384453
9598,0.05744527367010645
9599,0.0472874451224437
9600,0.11113633246221037
9601,0.0895851163769912
9602,0.050467859648565414
9603,0.07657630222726251
9604,0.02525362158524688
9605,0.14538999654972165
9606,0.07657630222726251
9607,0.059326311972524026
9608,0.10780082751501731
9609,0.01868507284109021
9610,0.09532570362584843
9611,0.10780082751501731
9612,0.07419146202147729
9613,0.0472874451224437
9614,0.03885174918700678
9615,0.0340511524412236
9616,0.08683323524129412
9617,0.06532098566628583
9618,0.037593946162112056
9619,0.1370913686325979
9620,0.1253937758578759
9621,0.06962564382891834
9622,0.05562035029109824
9623,0.03294343905785485
9624,0.020663328957880672
9625,0.0521330604156563
9626,0.06326265912384453
9627,0.08415807244319695
9628,0.07657630222726251
9629,0.06744146074358998
9630,0.04014987964502801
9631,0.08683323524129412
9632,0.06962564382891834
9633,0.059326311972524026
9634,0.14969342319192988
9635,0.06962564382891834
9636,0.0521330604156563
9637,0.1253937758578759
9638,0.04014987964502801
9639,0.05385008895239068
9640,0.08683323524129412
9641,0.11807880307813506
9642,0.06744146074358998
9643,0.04287184471684473
9644,0.030831530235430404
9645,0.050467859648565414
9646,0.14538999654972165
9647,0.07187511267178946
9648,0.035194756820265335
9649,0.023622642765858633
9650,0.035194756820265335
9651,0.05385008895239068
9652,0.07657630222726251
9653,0.06744146074358998
9654,0.05562035029109824
9655,0.1253937758578759
9656,0.07187511267178946
9657,0.04287184471684473
9658,0.031870571610423684
9659,0.0895851163769912
9660,0.08155796530189055
9661,0.050467859648565414
9662,0.026994094835726477
9663,0.08415807244319695
9664,0.029825320005255892
9665,0.05385008895239068
9666,0.01998212368725082
9667,0.05385008895239068
9668,0.050467859648565414
9669,0.02885097064418959
9670,0.06532098566628583
9671,0.02885097064418959
9672,0.08155796530189055
9673,0.035194756820265335
9674,0.06744146074358998
9675,0.08155796530189055
9676,0.09831774697482025
9677,0.06326265912384453
9678,0.07903125771029479
9679,0.059326311972524026
9680,0.04885310630405945
9681,0.02790753622320684
9682,0.044298105555134894
9683,0.02790753622320684
9684,0.1370913686325979
9685,0.11807880307813506
9686,0.026994094835726477
9687,0.0521330604156563
9688,0.1370913686325979
9689,0.07187511267178946
9690,0.09532570362584843
9691,0.09831774697482025
9692,0.07419146202147729
9693,0.06532098566628583
9694,0.04287184471684473
9695,0.03637532268518375
9696,0.035194756820265335
9697,0.0895851163769912
9698,0.023622642765858633
9699,0.04287184471684473
9700,0.05744527367010645
9701,0.0521330604156563
9702,0.06126494107819702
9703,0.06326265912384453
9704,0.03885174918700678
9705,0.14969342319192988
9706,0.07903125771029479
9707,0.11113633246221037
9708,0.0472874451224437
9709,0.07187511267178946
9710,0.03637532268518375
9711,0.1013931778423964
9712,0.0340511524412236
9713,0.04287184471684473
9714,0.0472874451224437
9715,0.044298105555134894
9716,0.022094611379221522
9717,0.07187511267178946
9718,0.03294343905785485
9719,0.06744146074358998
9720,0.037593946162112056
9721,0.07903125771029479
9722,0.030831530235430404
9723,0.05562035029109824
9724,0.07903125771029479
9725,0.11807880307813506
9726,0.07657630222726251
9727,0.08415807244319695
9728,0.059326311972524026
9729,0.07419146202147729
9730,0.05744527367010645
9731,0.06744146074358998
9732,0.0895851163769912
9733,0.11113633246221037
9734,0.08683323524129412
9735,0.07903125771029479
9736,0.044298105555134894
9737,0.050467859648565414
9738,0.06744146074358998
9739,0.0521330604156563
9740,0.0340511524412236
9741,0.08155796530189055
9742,0.02790753622320684
9743,0.07187511267178946
9744,0.12168894794618093
9745,0.059326311972524026
9746,0.07187511267178946
9747,0.044298105555134894
9748,0.1013931778423964
9749,0.035194756820265335
9750,0.04576954626093176
9751,0.026109748256448687
9752,0.07657630222726251
9753,0.11113633246221037
9754,0.06744146074358998
9755,0.09241538285980007
9756,0.07419146202147729
9757,0.11456179056371053
9758,0.059326311972524026
9759,0.04576954626093176
9760,0.04885310630405945
9761,0.11807880307813506
9762,0.1253937758578759
9763,0.06326265912384453
9764,0.044298105555134894
9765,0.06326265912384453
9766,0.05562035029109824
9767,0.035194756820265335
9768,0.03885174918700678
9769,0.08155796530189055
9770,0.0521330604156563
9771,0.06962564382891834
9772,0.059326311972524026
9773,0.0472874451224437
9774,0.04287184471684473
9775,0.07903125771029479
9776,0.09241538285980007
9777,0.11807880307813506
9778,0.1013931778423964
9779,0.02790753622320684
9780,0.06532098566628583
9781,0.05744527367010645
9782,0.08415807244319695
9783,0.04576954626093176
9784,0.08683323524129412
9785,0.04576954626093176
9786,0.11456179056371053
9787,0.037593946162112056
9788,0.026109748256448687
9789,0.15410125929925808
9790,0.03885174918700678
9791,0.04576954626093176
9792,0.12168894794618093
9793,0.044298105555134894
9794,0.07903125771029479
9795,0.04287184471684473
9796,0.04885310630405945
9797,0.1370913686325979
9798,0.059326311972524026
9799,0.0340511524412236
9800,0.05385008895239068
9801,0.07187511267178946
9802,0.04148951147230672
9803,0.04576954626093176
9804,0.02136725069186659
9805,0.03294343905785485
9806,0.04885310630405945
9807,0.07187511267178946
9808,0.09241538285980007
9809,0.1253937758578759
9810,0.13309352252567752
9811,0.06962564382891834
9812,0.020663328957880672
9813,0.06744146074358998
9814,0.06326265912384453
9815,0.14538999654972165
9816,0.07903125771029479
9817,0.0340511524412236
9818,0.04287184471684473
9819,0.14538999654972165
9820,0.04148951147230672
9821,0.044298105555134894
9822,0.020663328957880672
9823,0.06532098566628583
9824,0.06962564382891834
9825,0.0472874451224437
9826,0.06962564382891834
9827,0.10780082751501731
9828,0.08415807244319695
9829,0.022094611379221522
9830,0.06962564382891834
9831,0.07657630222726251
9832,0.07419146202147729
9833,0.06326265912384453
9834,0.08415807244319695
9835,0.0895851163769912
9836,0.09831774697482025
9837,0.09241538285980007
9838,0.0521330604156563
9839,0.04576954626093176
9840,0.09532570362584843
9841,0.06744146074358998
9842,0.11456179056371053
9843,0.1013931778423964
9844,0.04014987964502801
9845,0.06962564382891834
9846,0.07657630222726251
9847,0.06962564382891834
9848,0.030831530235430404
9849,0.03637532268518375
9850,0.06744146074358998
9851,0.1013931778423964
9852,0.0472874451224437
9853,0.03885174918700678
9854,0.07903125771029479
9855,0.06962564382891834
9856,0.03885174918700678
9857,0.029825320005255892
9858,0.05562035029109824
9859,0.044298105555134894
9860,0.05562035029109824
9861,0.10780082751501731
9862,0.11456179056371053
9863,0.05385008895239068
9864,0.06126494107819702
9865,0.03637532268518375
9866,0.037593946162112056
9867,0.026109748256448687
9868,0.01868507284109021
9869,0.11456179056371053
9870,0.13309352252567752
9871,0.07187511267178946
9872,0.0895851163769912
9873,0.03294343905785485
9874,0.0521330604156563
9875,0.05744527367010645
9876,0.09532570362584843
9877,0.05562035029109824
9878,0.02284615406529167
9879,0.050467859648565414
9880,0.10780082751501731
9881,0.04576954626093176
9882,0.09532570362584843
9883,0.06326265912384453
9884,0.03637532268518375
9885,0.035194756820265335
9886,0.07657630222726251
9887,0.06744146074358998
9888,0.09532570362584843
9889,0.1411897434506853
9890,0.04885310630405945
9891,0.07187511267178946
9892,0.019322932527049887
9893,0.09532570362584843
9894,0.050467859648565414
9895,0.1253937758578759
9896,0.03294343905785485
9897,0.0895851163769912
9898,0.029825320005255892
9899,0.07187511267178946
9900,0.035194756820265335
9901,0.05744527367010645
9902,0.07187511267178946
9903,0.031870571610423684
9904,0.050467859648565414
9905,0.013800835280468386
9906,0.1013931778423964
9907,0.07657630222726251
9908,0.04885310630405945
9909,0.14969342319192988
9910,0.08683323524129412
9911,0.08155796530189055
9912,0.13309352252567752
9913,0.08683323524129412
9914,0.037593946162112056
9915,0.11807880307813506
9916,0.07657630222726251
9917,0.03885174918700678
9918,0.04576954626093176
9919,0.044298105555134894
9920,0.10455365490510782
9921,0.02284615406529167
9922,0.08683323524129412
9923,0.05562035029109824
9924,0.11807880307813506
9925,0.0340511524412236
9926,0.1411897434506853
9927,0.11456179056371053
9928,0.05385008895239068
9929,0.026109748256448687
9930,0.07187511267178946
9931,0.07903125771029479
9932,0.09532570362584843
9933,0.04576954626093176
9934,0.06744146074358998
9935,0.1013931778423964
9936,0.05744527367010645
9937,0.12168894794618093
9938,0.12919480614845036
9939,0.08683323524129412
9940,0.02790753622320684
9941,0.031870571610423684
9942,0.0521330604156563
9943,0.05385008895239068
9944,0.07657630222726251
9945,0.07187511267178946
9946,0.08155796530189055
9947,0.07657630222726251
9948,0.14538999654972165
9949,0.044298105555134894
9950,0.04148951147230672
9951,0.09532570362584843
9952,0.1013931778423964
9953,0.09831774697482025
9954,0.11807880307813506
9955,0.09831774697482025
9956,0.07187511267178946
9957,0.0895851163769912
9958,0.1013931778423964
9959,0.06126494107819702
9960,0.07419146202147729
9961,0.02885097064418959
9962,0.059326311972524026
9963,0.1013931778423964
9964,0.09532570362584843
9965,0.09532570362584843
9966,0.050467859648565414
9967,0.06962564382891834
9968,0.026109748256448687
9969,0.04885310630405945
9970,0.06532098566628583
9971,0.06744146074358998
9972,0.07187511267178946
9973,0.06326265912384453
9974,0.020663328957880672
9975,0.06126494107819702
9976,0.1411897434506853
9977,0.09831774697482025
9978,0.04014987964502801
9979,0.11113633246221037
9980,0.07903125771029479
9981,0.12168894794618093
9982,0.06126494107819702
9983,0.030831530235430404
9984,0.06962564382891834
9985,0.11456179056371053
9986,0.06532098566628583
9987,0.050467859648565414
9988,0.04287184471684473
9989,0.1013931778423964
9990,0.05744527367010645
9991,0.06326265912384453
9992,0.06962564382891834
9993,0.035194756820265335
9994,0.04287184471684473
9995,0.04287184471684473
9996,0.04148951147230672
9997,0.07903125771029479
9998,0.05385008895239068
9999,0.06326265912384453
10000,0.07187511267178946
10001,0.11807880307813506
10002,0.11807880307813506
10003,0.06962564382891834
10004,0.03294343905785485
10005,0.05562035029109824
10006,0.044298105555134894
10007,0.07903125771029479
10008,0.09241538285980007
10009,0.06532098566628583
10010,0.05562035029109824
10011,0.05385008895239068
10012,0.11113633246221037
10013,0.059326311972524026
10014,0.050467859648565414
10015,0.09831774697482025
10016,0.03885174918700678
10017,0.07903125771029479
10018,0.037593946162112056
10019,0.029825320005255892
10020,0.03885174918700678
10021,0.029825320005255892
10022,0.1013931778423964
10023,0.1013931778423964
10024,0.05744527367010645
10025,0.04885310630405945
10026,0.04287184471684473
10027,0.11456179056371053
10028,0.09831774697482025
10029,0.050467859648565414
10030,0.1013931778423964
10031,0.13309352252567752
10032,0.04576954626093176
10033,0.02885097064418959
10034,0.04885310630405945
10035,0.11456179056371053
10036,0.044298105555134894
10037,0.09532570362584843
10038,0.06532098566628583
10039,0.03294343905785485
10040,0.04148951147230672
10041,0.10780082751501731
10042,0.11113633246221037
10043,0.08415807244319695
10044,0.09831774697482025
10045,0.0340511524412236
10046,0.07419146202147729
10047,0.06126494107819702
10048,0.0895851163769912
10049,0.03294343905785485
10050,0.06326265912384453
10051,0.1253937758578759
10052,0.11807880307813506
10053,0.10780082751501731
10054,0.07187511267178946
10055,0.11456179056371053
10056,0.0340511524412236
10057,0.059326311972524026
10058,0.06744146074358998
10059,0.044298105555134894
10060,0.037593946162112056
10061,0.09532570362584843
10062,0.0472874451224437
10063,0.029825320005255892
10064,0.06326265912384453
10065,0.02885097064418959
10066,0.11113633246221037
10067,0.12168894794618093
10068,0.050467859648565414
10069,0.02525362158524688
10070,0.06532098566628583
10071,0.08415807244319695
10072,0.0521330604156563
10073,0.044298105555134894
10074,0.07903125771029479
10075,0.08415807244319695
10076,0.14969342319192988
10077,0.1370913686325979
10078,0.04014987964502801
10079,0.050467859648565414
10080,0.04576954626093176
10081,0.059326311972524026
10082,0.05385008895239068
10083,0.15861467629411466
10084,0.04885310630405945
10085,0.022094611379221522
10086,0.06744146074358998
10087,0.11807880307813506
10088,0.04148951147230672
10089,0.08415807244319695
10090,0.06744146074358998
10091,0.09831774697482025
10092,0.03294343905785485
10093,0.03637532268518375
10094,0.06962564382891834
10095,0.02284615406529167
10096,0.02885097064418959
10097,0.07419146202147729
10098,0.06126494107819702
10099,0.05562035029109824
10100,0.029825320005255892
10101,0.023622642765858633
10102,0.08415807244319695
10103,0.04885310630405945
10104,0.0472874451224437
10105,0.06126494107819702
10106,0.06962564382891834
10107,0.1411897434506853
10108,0.04885310630405945
10109,0.06326265912384453
10110,0.01806788128844435
10111,0.04287184471684473
10112,0.059326311972524026
10113,0.08155796530189055
10114,0.11807880307813506
10115,0.0472874451224437
10116,0.030831530235430404
10117,0.037593946162112056
10118,0.02442486287796552
10119,0.1370913686325979
10120,0.06326265912384453
10121,0.14969342319192988
10122,0.04885310630405945
10123,0.0472874451224437
10124,0.04576954626093176
10125,0.009841003902021493
10126,0.03294343905785485
10127,0.10455365490510782
10128,0.11113633246221037
10129,0.1253937758578759
10130,0.05385008895239068
10131,0.04287184471684473
10132,0.02885097064418959
10133,0.059326311972524026
10134,0.05744527367010645
10135,0.035194756820265335
10136,0.07187511267178946
10137,0.03637532268518375
10138,0.07657630222726251
10139,0.04014987964502801
10140,0.07419146202147729
10141,0.06962564382891834
10142,0.10455365490510782
10143,0.07657630222726251
10144,0.0472874451224437
10145,0.0340511524412236
10146,0.0895851163769912
10147,0.044298105555134894
10148,0.1370913686325979
10149,0.07657630222726251
10150,0.03885174918700678
10151,0.01806788128844435
10152,0.031870571610423684
10153,0.0472874451224437
10154,0.037593946162112056
10155,0.06126494107819702
10156,0.07187511267178946
10157,0.07657630222726251
10158,0.035194756820265335
10159,0.04287184471684473
10160,0.044298105555134894
10161,0.06326265912384453
10162,0.02136725069186659
10163,0.02790753622320684
10164,0.04287184471684473
10165,0.11456179056371053
10166,0.07187511267178946
10167,0.15410125929925808
10168,0.07419146202147729
10169,0.07657630222726251
10170,0.035194756820265335
10171,0.07419146202147729
10172,0.04287184471684473
10173,0.08415807244319695
10174,0.05562035029109824
10175,0.06744146074358998
10176,0.05744527367010645
10177,0.04014987964502801
10178,0.050467859648565414
10179,0.05385008895239068
10180,0.13309352252567752
10181,0.08683323524129412
10182,0.03637532268518375
10183,0.06744146074358998
10184,0.07419146202147729
10185,0.02442486287796552
10186,0.11807880307813506
10187,0.029825320005255892
10188,0.02885097064418959
10189,0.02525362158524688
10190,0.04148951147230672
10191,0.06532098566628583
10192,0.03294343905785485
10193,0.02885097064418959
10194,0.08415807244319695
10195,0.08415807244319695
10196,0.03637532268518375
10197,0.08415807244319695
10198,0.07903125771029479
10199,0.06532098566628583
10200,0.09241538285980007
10201,0.044298105555134894
10202,0.04014987964502801
10203,0.019322932527049887
10204,0.07419146202147729
10205,0.08155796530189055
10206,0.0895851163769912
10207,0.1253937758578759
10208,0.0472874451224437
10209,0.01998212368725082
10210,0.031870571610423684
10211,0.14538999654972165
10212,0.06532098566628583
10213,0.06326265912384453
10214,0.07187511267178946
10215,0.10780082751501731
10216,0.03637532268518375
10217,0.06126494107819702
10218,0.06744146074358998
10219,0.04576954626093176
10220,0.08155796530189055
10221,0.09532570362584843
10222,0.02790753622320684
10223,0.07657630222726251
10224,0.08155796530189055
10225,0.026994094835726477
10226,0.07657630222726251
10227,0.07903125771029479
10228,0.0521330604156563
10229,0.017470713401722432
10230,0.0472874451224437
10231,0.05385008895239068
10232,0.026994094835726477
10233,0.1013931778423964
10234,0.04576954626093176
10235,0.06532098566628583
10236,0.08155796530189055
10237,0.05562035029109824
10238,0.13309352252567752
10239,0.050467859648565414
10240,0.029825320005255892
10241,0.08155796530189055
10242,0.04148951147230672
10243,0.09532570362584843
10244,0.02136725069186659
10245,0.07419146202147729
10246,0.04576954626093176
10247,0.0521330604156563
10248,0.04148951147230672
10249,0.035194756820265335
10250,0.05744527367010645
10251,0.044298105555134894
10252,0.030831530235430404
10253,0.06744146074358998
10254,0.07419146202147729
10255,0.13309352252567752
10256,0.07187511267178946
10257,0.06126494107819702
10258,0.044298105555134894
10259,0.1013931778423964
10260,0.03885174918700678
10261,0.059326311972524026
10262,0.12919480614845036
10263,0.10455365490510782
10264,0.08155796530189055
10265,0.11113633246221037
10266,0.08415807244319695
10267,0.04014987964502801
10268,0.04576954626093176
10269,0.04576954626093176
10270,0.07419146202147729
10271,0.07657630222726251
10272,0.06126494107819702
10273,0.1253937758578759
10274,0.03294343905785485
10275,0.04576954626093176
10276,0.10455365490510782
10277,0.10780082751501731
10278,0.08155796530189055
10279,0.09532570362584843
10280,0.10455365490510782
10281,0.06326265912384453
10282,0.08683323524129412
10283,0.0895851163769912
10284,0.15410125929925808
10285,0.08683323524129412
10286,0.06962564382891834
10287,0.04576954626093176
10288,0.11807880307813506
10289,0.05744527367010645
10290,0.10455365490510782
10291,0.04014987964502801
10292,0.04885310630405945
10293,0.04148951147230672
10294,0.04148951147230672
10295,0.06532098566628583
10296,0.06326265912384453
10297,0.030831530235430404
10298,0.02284615406529167
10299,0.06744146074358998
10300,0.023622642765858633
10301,0.06744146074358998
10302,0.050467859648565414
10303,0.0895851163769912
10304,0.04576954626093176
10305,0.05385008895239068
10306,0.026109748256448687
10307,0.0521330604156563
10308,0.037593946162112056
10309,0.03294343905785485
10310,0.12168894794618093
10311,0.07903125771029479
10312,0.12919480614845036
10313,0.03294343905785485
10314,0.050467859648565414
10315,0.04885310630405945
10316,0.07903125771029479
10317,0.04885310630405945
10318,0.0472874451224437
10319,0.07419146202147729
10320,0.01868507284109021
10321,0.06962564382891834
10322,0.037593946162112056
10323,0.07419146202147729
10324,0.08415807244319695
10325,0.1370913686325979
10326,0.07419146202147729
10327,0.07187511267178946
10328,0.02525362158524688
10329,0.06532098566628583
10330,0.07903125771029479
10331,0.02136725069186659
10332,0.02525362158524688
10333,0.07903125771029479
10334,0.04287184471684473
10335,0.13309352252567752
10336,0.02525362158524688
10337,0.02885097064418959
10338,0.050467859648565414
10339,0.0340511524412236
10340,0.050467859648565414
10341,0.06126494107819702
10342,0.05385008895239068
10343,0.044298105555134894
10344,0.08155796530189055
10345,0.01806788128844435
10346,0.09241538285980007
10347,0.1253937758578759
10348,0.02885097064418959
10349,0.11807880307813506
10350,0.06962564382891834
10351,0.04014987964502801
10352,0.08155796530189055
10353,0.023622642765858633
10354,0.04885310630405945
10355,0.029825320005255892
10356,0.02525362158524688
10357,0.1253937758578759
10358,0.06962564382891834
10359,0.15861467629411466
10360,0.029825320005255892
10361,0.14538999654972165
10362,0.030831530235430404
10363,0.08155796530189055
10364,0.08415807244319695
10365,0.06532098566628583
10366,0.05744527367010645
10367,0.06744146074358998
10368,0.08415807244319695
10369,0.06962564382891834
10370,0.023622642765858633
10371,0.06126494107819702
10372,0.12168894794618093
10373,0.08155796530189055
10374,0.11113633246221037
10375,0.0521330604156563
10376,0.030831530235430404
10377,0.06126494107819702
10378,0.059326311972524026
10379,0.04885310630405945
10380,0.1013931778423964
10381,0.06962564382891834
10382,0.03294343905785485
10383,0.06326265912384453
10384,0.09241538285980007
10385,0.05562035029109824
10386,0.07187511267178946
10387,0.07187511267178946
10388,0.06962564382891834
10389,0.029825320005255892
10390,0.05385008895239068
10391,0.059326311972524026
10392,0.031870571610423684
10393,0.08415807244319695
10394,0.050467859648565414
10395,0.11807880307813506
10396,0.08155796530189055
10397,0.0472874451224437
10398,0.10455365490510782
10399,0.06326265912384453
10400,0.07187511267178946
10401,0.07419146202147729
10402,0.02525362158524688
10403,0.023622642765858633
10404,0.02525362158524688
10405,0.05385008895239068
10406,0.1370913686325979
10407,0.04287184471684473
10408,0.1370913686325979
10409,0.11456179056371053
10410,0.026994094835726477
10411,0.1411897434506853
10412,0.0521330604156563
10413,0.09241538285980007
10414,0.0521330604156563
10415,0.03294343905785485
10416,0.030831530235430404
10417,0.06126494107819702
10418,0.07187511267178946
10419,0.11807880307813506
10420,0.04885310630405945
10421,0.04576954626093176
10422,0.030831530235430404
10423,0.029825320005255892
10424,0.031870571610423684
10425,0.06126494107819702
10426,0.06744146074358998
10427,0.06126494107819702
10428,0.06326265912384453
10429,0.0521330604156563
10430,0.06962564382891834
10431,0.08155796530189055
10432,0.07419146202147729
10433,0.035194756820265335
10434,0.023622642765858633
10435,0.1013931778423964
10436,0.02442486287796552
10437,0.029825320005255892
10438,0.06126494107819702
10439,0.07419146202147729
10440,0.026994094835726477
10441,0.05562035029109824
10442,0.0472874451224437
10443,0.06126494107819702
10444,0.05562035029109824
10445,0.12168894794618093
10446,0.02885097064418959
10447,0.04014987964502801
10448,0.035194756820265335
10449,0.022094611379221522
10450,0.05385008895239068
10451,0.07419146202147729
10452,0.09241538285980007
10453,0.07419146202147729
10454,0.04287184471684473
10455,0.09241538285980007
10456,0.044298105555134894
10457,0.04014987964502801
10458,0.044298105555134894
10459,0.044298105555134894
10460,0.06532098566628583
10461,0.07657630222726251
10462,0.06126494107819702
10463,0.02442486287796552
10464,0.059326311972524026
10465,0.07657630222726251
10466,0.06326265912384453
10467,0.06962564382891834
10468,0.1370913686325979
10469,0.07187511267178946
10470,0.050467859648565414
10471,0.07187511267178946
10472,0.031870571610423684
10473,0.029825320005255892
10474,0.12168894794618093
10475,0.08683323524129412
10476,0.14538999654972165
10477,0.07419146202147729
10478,0.0521330604156563
10479,0.04576954626093176
10480,0.1253937758578759
10481,0.07419146202147729
10482,0.03637532268518375
10483,0.05744527367010645
10484,0.029825320005255892
10485,0.12919480614845036
10486,0.07419146202147729
10487,0.044298105555134894
10488,0.04576954626093176
10489,0.06962564382891834
10490,0.07657630222726251
10491,0.037593946162112056
10492,0.1013931778423964
10493,0.04576954626093176
10494,0.04885310630405945
10495,0.031870571610423684
10496,0.06532098566628583
10497,0.03637532268518375
10498,0.08683323524129412
10499,0.08155796530189055
10500,0.11456179056371053
10501,0.07187511267178946
10502,0.06962564382891834
10503,0.09241538285980007
10504,0.08683323524129412
10505,0.06326265912384453
10506,0.026109748256448687
10507,0.05744527367010645
10508,0.12919480614845036
10509,0.06532098566628583
10510,0.06532098566628583
10511,0.07419146202147729
10512,0.04287184471684473
10513,0.09241538285980007
10514,0.050467859648565414
10515,0.09831774697482025
10516,0.05744527367010645
10517,0.059326311972524026
10518,0.031870571610423684
10519,0.07419146202147729
10520,0.04148951147230672
10521,0.06744146074358998
10522,0.08155796530189055
10523,0.06326265912384453
10524,0.10780082751501731
10525,0.02136725069186659
10526,0.04287184471684473
10527,0.05744527367010645
10528,0.07657630222726251
10529,0.08155796530189055
10530,0.08415807244319695
10531,0.059326311972524026
10532,0.05562035029109824
10533,0.05744527367010645
10534,0.044298105555134894
10535,0.0521330604156563
10536,0.05562035029109824
10537,0.09241538285980007
10538,0.0895851163769912
10539,0.09241538285980007
10540,0.1411897434506853
10541,0.05562035029109824
10542,0.08415807244319695
10543,0.07657630222726251
10544,0.10780082751501731
10545,0.0521330604156563
10546,0.10455365490510782
10547,0.1370913686325979
10548,0.04287184471684473
10549,0.01633396259861487
10550,0.020663328957880672
10551,0.1370913686325979
10552,0.037593946162112056
10553,0.1013931778423964
10554,0.05562035029109824
10555,0.05744527367010645
10556,0.06744146074358998
10557,0.0895851163769912
10558,0.1253937758578759
10559,0.0472874451224437
10560,0.13309352252567752
10561,0.08415807244319695
10562,0.026109748256448687
10563,0.06326265912384453
10564,0.07903125771029479
10565,0.0472874451224437
10566,0.11456179056371053
10567,0.11807880307813506
10568,0.04885310630405945
10569,0.05744527367010645
10570,0.09241538285980007
10571,0.031870571610423684
10572,0.08155796530189055
10573,0.06962564382891834
10574,0.07419146202147729
10575,0.10780082751501731
10576,0.04148951147230672
10577,0.04287184471684473
10578,0.07187511267178946
10579,0.04014987964502801
10580,0.0340511524412236
10581,0.08683323524129412
10582,0.14538999654972165
10583,0.05385008895239068
10584,0.0895851163769912
10585,0.0895851163769912
10586,0.11113633246221037
10587,0.04014987964502801
10588,0.059326311972524026
10589,0.06532098566628583
10590,0.08155796530189055
10591,0.07657630222726251
10592,0.059326311972524026
10593,0.0521330604156563
10594,0.08415807244319695
10595,0.06126494107819702
10596,0.0521330604156563
10597,0.05385008895239068
10598,0.059326311972524026
10599,0.06744146074358998
10600,0.02790753622320684
10601,0.04287184471684473
10602,0.04287184471684473
10603,0.06126494107819702
10604,0.06126494107819702
10605,0.05744527367010645
10606,0.11807880307813506
10607,0.031870571610423684
10608,0.06962564382891834
10609,0.11113633246221037
10610,0.09241538285980007
10611,0.07657630222726251
10612,0.019322932527049887
10613,0.06532098566628583
10614,0.07903125771029479
10615,0.12919480614845036
10616,0.03637532268518375
10617,0.07903125771029479
10618,0.07187511267178946
10619,0.0472874451224437
10620,0.06126494107819702
10621,0.0472874451224437
10622,0.04287184471684473
10623,0.14538999654972165
10624,0.04148951147230672
10625,0.029825320005255892
10626,0.09241538285980007
10627,0.06126494107819702
10628,0.04885310630405945
10629,0.06326265912384453
10630,0.08415807244319695
10631,0.07903125771029479
10632,0.0895851163769912
10633,0.037593946162112056
10634,0.06744146074358998
10635,0.11113633246221037
10636,0.037593946162112056
10637,0.02136725069186659
10638,0.04287184471684473
10639,0.044298105555134894
10640,0.03294343905785485
10641,0.08155796530189055
10642,0.07187511267178946
10643,0.10455365490510782
10644,0.023622642765858633
10645,0.10455365490510782
10646,0.06744146074358998
10647,0.05385008895239068
10648,0.1013931778423964
10649,0.06326265912384453
10650,0.09831774697482025
10651,0.044298105555134894
10652,0.02885097064418959
10653,0.04014987964502801
10654,0.06126494107819702
10655,0.04014987964502801
10656,0.0521330604156563
10657,0.06532098566628583
10658,0.059326311972524026
10659,0.08683323524129412
10660,0.07187511267178946
10661,0.12168894794618093
10662,0.07187511267178946
10663,0.07187511267178946
10664,0.037593946162112056
10665,0.09241538285980007
10666,0.01998212368725082
10667,0.05562035029109824
10668,0.07187511267178946
10669,0.05385008895239068
10670,0.04287184471684473
10671,0.07903125771029479
10672,0.11807880307813506
10673,0.09241538285980007
10674,0.06532098566628583
10675,0.1253937758578759
10676,0.06962564382891834
10677,0.04014987964502801
10678,0.12168894794618093
10679,0.11807880307813506
10680,0.07657630222726251
10681,0.05744527367010645
10682,0.06962564382891834
10683,0.09241538285980007
10684,0.02790753622320684
10685,0.06962564382891834
10686,0.06126494107819702
10687,0.0340511524412236
10688,0.08683323524129412
10689,0.05562035029109824
10690,0.05562035029109824
10691,0.04287184471684473
10692,0.08683323524129412
10693,0.04885310630405945
10694,0.08155796530189055
10695,0.06962564382891834
10696,0.09532570362584843
10697,0.06532098566628583
10698,0.09241538285980007
10699,0.06744146074358998
10700,0.07187511267178946
10701,0.07187511267178946
10702,0.059326311972524026
10703,0.07657630222726251
10704,0.1370913686325979
10705,0.02790753622320684
10706,0.026109748256448687
10707,0.02525362158524688
10708,0.07419146202147729
10709,0.06744146074358998
10710,0.044298105555134894
10711,0.035194756820265335
10712,0.02885097064418959
10713,0.035194756820265335
10714,0.044298105555134894
10715,0.0895851163769912
10716,0.050467859648565414
10717,0.10455365490510782
10718,0.06532098566628583
10719,0.04576954626093176
10720,0.01998212368725082
10721,0.06532098566628583
10722,0.0895851163769912
10723,0.0895851163769912
10724,0.07187511267178946
10725,0.05744527367010645
10726,0.05744527367010645
10727,0.07187511267178946
10728,0.09831774697482025
10729,0.09532570362584843
10730,0.12919480614845036
10731,0.026109748256448687
10732,0.08683323524129412
10733,0.13309352252567752
10734,0.06744146074358998
10735,0.11456179056371053
10736,0.0521330604156563
10737,0.05744527367010645
10738,0.0895851163769912
10739,0.02136725069186659
10740,0.031870571610423684
10741,0.1411897434506853
10742,0.05744527367010645
10743,0.14969342319192988
10744,0.10455365490510782
10745,0.0340511524412236
10746,0.05744527367010645
10747,0.030831530235430404
10748,0.06326265912384453
10749,0.05744527367010645
10750,0.07419146202147729
10751,0.03637532268518375
10752,0.04576954626093176
10753,0.05385008895239068
10754,0.12168894794618093
10755,0.0472874451224437
10756,0.07419146202147729
10757,0.12919480614845036
10758,0.05385008895239068
10759,0.11456179056371053
10760,0.06126494107819702
10761,0.10780082751501731
10762,0.04287184471684473
10763,0.1013931778423964
10764,0.026994094835726477
10765,0.050467859648565414
10766,0.059326311972524026
10767,0.050467859648565414
10768,0.0895851163769912
10769,0.050467859648565414
10770,0.059326311972524026
10771,0.1253937758578759
10772,0.08683323524129412
10773,0.07187511267178946
10774,0.09241538285980007
10775,0.07187511267178946
10776,0.06126494107819702
10777,0.06744146074358998
10778,0.04148951147230672
10779,0.04287184471684473
10780,0.07903125771029479
10781,0.08415807244319695
10782,0.05562035029109824
10783,0.04287184471684473
10784,0.06532098566628583
10785,0.11456179056371053
10786,0.0472874451224437
10787,0.14538999654972165
10788,0.050467859648565414
10789,0.14538999654972165
10790,0.059326311972524026
10791,0.05744527367010645
10792,0.07657630222726251
10793,0.05562035029109824
10794,0.06962564382891834
10795,0.02525362158524688
10796,0.035194756820265335
10797,0.05385008895239068
10798,0.11456179056371053
10799,0.07903125771029479
10800,0.06744146074358998
10801,0.0472874451224437
10802,0.0340511524412236
10803,0.0521330604156563
10804,0.044298105555134894
10805,0.04885310630405945
10806,0.08683323524129412
10807,0.07187511267178946
10808,0.12168894794618093
10809,0.05744527367010645
10810,0.02885097064418959
10811,0.059326311972524026
10812,0.11807880307813506
10813,0.05562035029109824
10814,0.06126494107819702
10815,0.02136725069186659
10816,0.05385008895239068
10817,0.08415807244319695
10818,0.08683323524129412
10819,0.0340511524412236
10820,0.11456179056371053
10821,0.04287184471684473
10822,0.06532098566628583
10823,0.07187511267178946
10824,0.035194756820265335
10825,0.04576954626093176
10826,0.06126494107819702
10827,0.016892943165924136
10828,0.059326311972524026
10829,0.08415807244319695
10830,0.031870571610423684
10831,0.12168894794618093
10832,0.05744527367010645
10833,0.11807880307813506
10834,0.059326311972524026
10835,0.07903125771029479
10836,0.04014987964502801
10837,0.10455365490510782
10838,0.08683323524129412
10839,0.10780082751501731
10840,0.06744146074358998
10841,0.07657630222726251
10842,0.030831530235430404
10843,0.05385008895239068
10844,0.04885310630405945
10845,0.06326265912384453
10846,0.10780082751501731
10847,0.026109748256448687
10848,0.08683323524129412
10849,0.035194756820265335
10850,0.11456179056371053
10851,0.11456179056371053
10852,0.02284615406529167
10853,0.050467859648565414
10854,0.07419146202147729
10855,0.05744527367010645
10856,0.09831774697482025
10857,0.04014987964502801
10858,0.0521330604156563
10859,0.037593946162112056
10860,0.03885174918700678
10861,0.05744527367010645
10862,0.06962564382891834
10863,0.11807880307813506
10864,0.0340511524412236
10865,0.026994094835726477
10866,0.03885174918700678
10867,0.0521330604156563
10868,0.1253937758578759
10869,0.029825320005255892
10870,0.04885310630405945
10871,0.06962564382891834
10872,0.08683323524129412
10873,0.09831774697482025
10874,0.04148951147230672
10875,0.06962564382891834
10876,0.059326311972524026
10877,0.10455365490510782
10878,0.06744146074358998
10879,0.04885310630405945
10880,0.06126494107819702
10881,0.05385008895239068
10882,0.02284615406529167
10883,0.08155796530189055
10884,0.12168894794618093
10885,0.01868507284109021
10886,0.12919480614845036
10887,0.10780082751501731
10888,0.031870571610423684
10889,0.04576954626093176
10890,0.044298105555134894
10891,0.03885174918700678
10892,0.07187511267178946
10893,0.05385008895239068
10894,0.08683323524129412
10895,0.0472874451224437
10896,0.06326265912384453
10897,0.04576954626093176
10898,0.04014987964502801
10899,0.09532570362584843
10900,0.04576954626093176
10901,0.09532570362584843
10902,0.10780082751501731
10903,0.05744527367010645
10904,0.05744527367010645
10905,0.050467859648565414
10906,0.04287184471684473
10907,0.14969342319192988
10908,0.07419146202147729
10909,0.0521330604156563
10910,0.14969342319192988
10911,0.06962564382891834
10912,0.06532098566628583
10913,0.09532570362584843
10914,0.035194756820265335
10915,0.05744527367010645
10916,0.11113633246221037
10917,0.08415807244319695
10918,0.08155796530189055
10919,0.044298105555134894
10920,0.07187511267178946
10921,0.07419146202147729
10922,0.07419146202147729
10923,0.0472874451224437
10924,0.1411897434506853
10925,0.06532098566628583
10926,0.044298105555134894
10927,0.06126494107819702
10928,0.10780082751501731
10929,0.06962564382891834
10930,0.029825320005255892
10931,0.06744146074358998
10932,0.050467859648565414
10933,0.044298105555134894
10934,0.11807880307813506
10935,0.059326311972524026
10936,0.03294343905785485
10937,0.08155796530189055
10938,0.13309352252567752
10939,0.09831774697482025
10940,0.0521330604156563
10941,0.09532570362584843
10942,0.02284615406529167
10943,0.07187511267178946
10944,0.11807880307813506
10945,0.04014987964502801
10946,0.0895851163769912
10947,0.07657630222726251
10948,0.08683323524129412
10949,0.059326311972524026
10950,0.07419146202147729
10951,0.029825320005255892
10952,0.059326311972524026
10953,0.06532098566628583
10954,0.08415807244319695
10955,0.07419146202147729
10956,0.12919480614845036
10957,0.0472874451224437
10958,0.02885097064418959
10959,0.07903125771029479
10960,0.08683323524129412
10961,0.04014987964502801
10962,0.05744527367010645
10963,0.030831530235430404
10964,0.08683323524129412
10965,0.044298105555134894
10966,0.06532098566628583
10967,0.12919480614845036
10968,0.04885310630405945
10969,0.050467859648565414
10970,0.07187511267178946
10971,0.05744527367010645
10972,0.07903125771029479
10973,0.031870571610423684
10974,0.06326265912384453
10975,0.031870571610423684
10976,0.08683323524129412
10977,0.07187511267178946
10978,0.0895851163769912
10979,0.04576954626093176
10980,0.050467859648565414
10981,0.07657630222726251
10982,0.04014987964502801
10983,0.08683323524129412
10984,0.02885097064418959
10985,0.04287184471684473
10986,0.08415807244319695
10987,0.06744146074358998
10988,0.06744146074358998
10989,0.07903125771029479
10990,0.12919480614845036
10991,0.02790753622320684
10992,0.06532098566628583
10993,0.0472874451224437
10994,0.08415807244319695
10995,0.03637532268518375
10996,0.09241538285980007
10997,0.11456179056371053
10998,0.03885174918700678
10999,0.11113633246221037
11000,0.03637532268518375
11001,0.08683323524129412
11002,0.02284615406529167
11003,0.031870571610423684
11004,0.07903125771029479
11005,0.08155796530189055
11006,0.08155796530189055
11007,0.06962564382891834
11008,0.015270026198302424
11009,0.06962564382891834
11010,0.07657630222726251
11011,0.10780082751501731
11012,0.05744527367010645
11013,0.15410125929925808
11014,0.06126494107819702
11015,0.11113633246221037
11016,0.04287184471684473
11017,0.06962564382891834
11018,0.04885310630405945
11019,0.1013931778423964
11020,0.0895851163769912
11021,0.10780082751501731
11022,0.05744527367010645
11023,0.07657630222726251
11024,0.026994094835726477
11025,0.11113633246221037
11026,0.08683323524129412
11027,0.09241538285980007
11028,0.050467859648565414
11029,0.11456179056371053
11030,0.04287184471684473
11031,0.0521330604156563
11032,0.04287184471684473
11033,0.059326311972524026
11034,0.08415807244319695
11035,0.044298105555134894
11036,0.0521330604156563
11037,0.07657630222726251
11038,0.09831774697482025
11039,0.04576954626093176
11040,0.08155796530189055
11041,0.05744527367010645
11042,0.04576954626093176
11043,0.0340511524412236
11044,0.06326265912384453
11045,0.044298105555134894
11046,0.08155796530189055
11047,0.05562035029109824
11048,0.1013931778423964
11049,0.11113633246221037
11050,0.020663328957880672
11051,0.050467859648565414
11052,0.1013931778423964
11053,0.09532570362584843
11054,0.0340511524412236
11055,0.09241538285980007
11056,0.06744146074358998
11057,0.11456179056371053
11058,0.11456179056371053
11059,0.04148951147230672
11060,0.05385008895239068
11061,0.0472874451224437
11062,0.020663328957880672
11063,0.06326265912384453
11064,0.037593946162112056
11065,0.02885097064418959
11066,0.06962564382891834
11067,0.04014987964502801
11068,0.026109748256448687
11069,0.14969342319192988
11070,0.0895851163769912
11071,0.0895851163769912
11072,0.03294343905785485
11073,0.07419146202147729
11074,0.02885097064418959
11075,0.05385008895239068
11076,0.08683323524129412
11077,0.07187511267178946
11078,0.09831774697482025
11079,0.02442486287796552
11080,0.07903125771029479
11081,0.030831530235430404
11082,0.037593946162112056
11083,0.02525362158524688
11084,0.030831530235430404
11085,0.06532098566628583
11086,0.05385008895239068
11087,0.05744527367010645
11088,0.07657630222726251
11089,0.08415807244319695
11090,0.1411897434506853
11091,0.05562035029109824
11092,0.05385008895239068
11093,0.0521330604156563
11094,0.06126494107819702
11095,0.12168894794618093
11096,0.12919480614845036
11097,0.04576954626093176
11098,0.1253937758578759
11099,0.10455365490510782
11100,0.04885310630405945
11101,0.044298105555134894
11102,0.04287184471684473
11103,0.06126494107819702
11104,0.06962564382891834
11105,0.06126494107819702
11106,0.0895851163769912
11107,0.15410125929925808
11108,0.07903125771029479
11109,0.12168894794618093
11110,0.02885097064418959
11111,0.05385008895239068
11112,0.031870571610423684
11113,0.04287184471684473
11114,0.13309352252567752
11115,0.04014987964502801
11116,0.1370913686325979
11117,0.059326311972524026
11118,0.04287184471684473
11119,0.04576954626093176
11120,0.030831530235430404
11121,0.026109748256448687
11122,0.02284615406529167
11123,0.10455365490510782
11124,0.06532098566628583
11125,0.06532098566628583
11126,0.08155796530189055
11127,0.09241538285980007
11128,0.05562035029109824
11129,0.06126494107819702
11130,0.04287184471684473
11131,0.04287184471684473
11132,0.04287184471684473
11133,0.06744146074358998
11134,0.02790753622320684
11135,0.10455365490510782
11136,0.044298105555134894
11137,0.02136725069186659
11138,0.06532098566628583
11139,0.06532098566628583
11140,0.11456179056371053
11141,0.05744527367010645
11142,0.0472874451224437
11143,0.06962564382891834
11144,0.0895851163769912
11145,0.07419146202147729
11146,0.09831774697482025
11147,0.05385008895239068
11148,0.1013931778423964
11149,0.05744527367010645
11150,0.0521330604156563
11151,0.06326265912384453
11152,0.09831774697482025
11153,0.08155796530189055
11154,0.1370913686325979
11155,0.031870571610423684
11156,0.020663328957880672
11157,0.06532098566628583
11158,0.04287184471684473
11159,0.06962564382891834
11160,0.03294343905785485
11161,0.035194756820265335
11162,0.030831530235430404
11163,0.04576954626093176
11164,0.07657630222726251
11165,0.029825320005255892
11166,0.09532570362584843
11167,0.11113633246221037
11168,0.03637532268518375
11169,0.026109748256448687
11170,0.12919480614845036
11171,0.0895851163769912
11172,0.05562035029109824
11173,0.04287184471684473
11174,0.0472874451224437
11175,0.04576954626093176
11176,0.09532570362584843
11177,0.11456179056371053
11178,0.1013931778423964
11179,0.07187511267178946
11180,0.10780082751501731
11181,0.07419146202147729
11182,0.04148951147230672
11183,0.08155796530189055
11184,0.07419146202147729
11185,0.030831530235430404
11186,0.03637532268518375
11187,0.11807880307813506
11188,0.0521330604156563
11189,0.14538999654972165
11190,0.08683323524129412
11191,0.10455365490510782
11192,0.11113633246221037
11193,0.05385008895239068
11194,0.04576954626093176
11195,0.023622642765858633
11196,0.05744527367010645
11197,0.06532098566628583
11198,0.09532570362584843
11199,0.08155796530189055
11200,0.09532570362584843
11201,0.06962564382891834
11202,0.06532098566628583
11203,0.0521330604156563
11204,0.02790753622320684
11205,0.1013931778423964
11206,0.06126494107819702
11207,0.0521330604156563
11208,0.13309352252567752
11209,0.11456179056371053
11210,0.0472874451224437
11211,0.0521330604156563
11212,0.11456179056371053
11213,0.06326265912384453
11214,0.09241538285980007
11215,0.12168894794618093
11216,0.07187511267178946
11217,0.06744146074358998
11218,0.04148951147230672
11219,0.037593946162112056
11220,0.06744146074358998
11221,0.0340511524412236
11222,0.05385008895239068
11223,0.07903125771029479
11224,0.06744146074358998
11225,0.037593946162112056
11226,0.06744146074358998
11227,0.0895851163769912
11228,0.05744527367010645
11229,0.01868507284109021
11230,0.029825320005255892
11231,0.08155796530189055
11232,0.05744527367010645
11233,0.08683323524129412
11234,0.07419146202147729
11235,0.0895851163769912
11236,0.04148951147230672
11237,0.030831530235430404
11238,0.019322932527049887
11239,0.07657630222726251
11240,0.022094611379221522
11241,0.14969342319192988
11242,0.031870571610423684
11243,0.07903125771029479
11244,0.03885174918700678
11245,0.12919480614845036
11246,0.04287184471684473
11247,0.07903125771029479
11248,0.14538999654972165
11249,0.050467859648565414
11250,0.06962564382891834
11251,0.06126494107819702
11252,0.13309352252567752
11253,0.05385008895239068
11254,0.07657630222726251
11255,0.04287184471684473
11256,0.12168894794618093
11257,0.059326311972524026
11258,0.11456179056371053
11259,0.10780082751501731
11260,0.1013931778423964
11261,0.04885310630405945
11262,0.05744527367010645
11263,0.026994094835726477
11264,0.03885174918700678
11265,0.08683323524129412
11266,0.10780082751501731
11267,0.06126494107819702
11268,0.04014987964502801
11269,0.02442486287796552
11270,0.059326311972524026
11271,0.07419146202147729
11272,0.11113633246221037
11273,0.07187511267178946
11274,0.03885174918700678
11275,0.04148951147230672
11276,0.06126494107819702
11277,0.08415807244319695
11278,0.03294343905785485
11279,0.07187511267178946
11280,0.10455365490510782
11281,0.04148951147230672
11282,0.1013931778423964
11283,0.07903125771029479
11284,0.044298105555134894
11285,0.030831530235430404
11286,0.05562035029109824
11287,0.1253937758578759
11288,0.07419146202147729
11289,0.06532098566628583
11290,0.0895851163769912
11291,0.031870571610423684
11292,0.0521330604156563
11293,0.11456179056371053
11294,0.09241538285980007
11295,0.08415807244319695
11296,0.04148951147230672
11297,0.0340511524412236
11298,0.08155796530189055
11299,0.09241538285980007
11300,0.026109748256448687
11301,0.07419146202147729
11302,0.037593946162112056
11303,0.11113633246221037
11304,0.0340511524412236
11305,0.07657630222726251
11306,0.07187511267178946
11307,0.04148951147230672
11308,0.11456179056371053
11309,0.01868507284109021
11310,0.04148951147230672
11311,0.08683323524129412
11312,0.06962564382891834
11313,0.06532098566628583
11314,0.037593946162112056
11315,0.04576954626093176
11316,0.08155796530189055
11317,0.07903125771029479
11318,0.07657630222726251
11319,0.09532570362584843
11320,0.11807880307813506
11321,0.06326265912384453
11322,0.04885310630405945
11323,0.03294343905785485
11324,0.037593946162112056
11325,0.10455365490510782
11326,0.03294343905785485
11327,0.050467859648565414
11328,0.10780082751501731
11329,0.04148951147230672
11330,0.044298105555134894
11331,0.0521330604156563
11332,0.04287184471684473
11333,0.10455365490510782
11334,0.029825320005255892
11335,0.01806788128844435
11336,0.05385008895239068
11337,0.05385008895239068
11338,0.10455365490510782
11339,0.044298105555134894
11340,0.0472874451224437
11341,0.035194756820265335
11342,0.0521330604156563
11343,0.05385008895239068
11344,0.06126494107819702
11345,0.08683323524129412
11346,0.08415807244319695
11347,0.05385008895239068
11348,0.08155796530189055
11349,0.07657630222726251
11350,0.05385008895239068
11351,0.044298105555134894
11352,0.044298105555134894
11353,0.10780082751501731
11354,0.08415807244319695
11355,0.06532098566628583
11356,0.06126494107819702
11357,0.026109748256448687
11358,0.04287184471684473
11359,0.0472874451224437
11360,0.035194756820265335
11361,0.07657630222726251
11362,0.11807880307813506
11363,0.08415807244319695
11364,0.0472874451224437
11365,0.06532098566628583
11366,0.14969342319192988
11367,0.06744146074358998
11368,0.11113633246221037
11369,0.019322932527049887
11370,0.0521330604156563
11371,0.044298105555134894
11372,0.09532570362584843
11373,0.035194756820265335
11374,0.10455365490510782
11375,0.14969342319192988
11376,0.06962564382891834
11377,0.06962564382891834
11378,0.0895851163769912
11379,0.0895851163769912
11380,0.0521330604156563
11381,0.07903125771029479
11382,0.1253937758578759
11383,0.07903125771029479
11384,0.04014987964502801
11385,0.07903125771029479
11386,0.06126494107819702
11387,0.044298105555134894
11388,0.0340511524412236
11389,0.02442486287796552
11390,0.04576954626093176
11391,0.06126494107819702
11392,0.044298105555134894
11393,0.01633396259861487
11394,0.031870571610423684
11395,0.1370913686325979
11396,0.11456179056371053
11397,0.04576954626093176
11398,0.08155796530189055
11399,0.0521330604156563
11400,0.06744146074358998
11401,0.044298105555134894
11402,0.07187511267178946
11403,0.12919480614845036
11404,0.09241538285980007
11405,0.04287184471684473
11406,0.026994094835726477
11407,0.1013931778423964
11408,0.15410125929925808
11409,0.08155796530189055
11410,0.01633396259861487
11411,0.0521330604156563
11412,0.06744146074358998
11413,0.07903125771029479
11414,0.08415807244319695
11415,0.0521330604156563
11416,0.08683323524129412
11417,0.023622642765858633
11418,0.0340511524412236
11419,0.02885097064418959
11420,0.09831774697482025
11421,0.12168894794618093
11422,0.050467859648565414
11423,0.0895851163769912
11424,0.07419146202147729
11425,0.1370913686325979
11426,0.10780082751501731
11427,0.09831774697482025
11428,0.08415807244319695
11429,0.04148951147230672
11430,0.0340511524412236
11431,0.07903125771029479
11432,0.10780082751501731
11433,0.050467859648565414
11434,0.07903125771029479
11435,0.15861467629411466
11436,0.08415807244319695
11437,0.02790753622320684
11438,0.11113633246221037
11439,0.07419146202147729
11440,0.04148951147230672
11441,0.09831774697482025
11442,0.11807880307813506
11443,0.044298105555134894
11444,0.11113633246221037
11445,0.12168894794618093
11446,0.04576954626093176
11447,0.07187511267178946
11448,0.044298105555134894
11449,0.04287184471684473
11450,0.06744146074358998
11451,0.026994094835726477
11452,0.0895851163769912
11453,0.1013931778423964
11454,0.06126494107819702
11455,0.06532098566628583
11456,0.11807880307813506
11457,0.07419146202147729
11458,0.03294343905785485
11459,0.08155796530189055
11460,0.03637532268518375
11461,0.02525362158524688
11462,0.06532098566628583
11463,0.029825320005255892
11464,0.05744527367010645
11465,0.03885174918700678
11466,0.08683323524129412
11467,0.059326311972524026
11468,0.09241538285980007
11469,0.05744527367010645
11470,0.0895851163769912
11471,0.02525362158524688
11472,0.12919480614845036
11473,0.044298105555134894
11474,0.11456179056371053
11475,0.04014987964502801
11476,0.09532570362584843
11477,0.04576954626093176
11478,0.07187511267178946
11479,0.050467859648565414
11480,0.06532098566628583
11481,0.06744146074358998
11482,0.044298105555134894
11483,0.03294343905785485
11484,0.1253937758578759
11485,0.017470713401722432
11486,0.03637532268518375
11487,0.07903125771029479
11488,0.06326265912384453
11489,0.09831774697482025
11490,0.06326265912384453
11491,0.07657630222726251
11492,0.06962564382891834
11493,0.030831530235430404
11494,0.11456179056371053
11495,0.05385008895239068
11496,0.050467859648565414
11497,0.04148951147230672
11498,0.12168894794618093
11499,0.04576954626093176
11500,0.11456179056371053
11501,0.11807880307813506
11502,0.04885310630405945
11503,0.059326311972524026
11504,0.1370913686325979
11505,0.04287184471684473
11506,0.14538999654972165
11507,0.05385008895239068
11508,0.05385008895239068
11509,0.06532098566628583
11510,0.06126494107819702
11511,0.03885174918700678
11512,0.06962564382891834
11513,0.037593946162112056
11514,0.07187511267178946
11515,0.026994094835726477
11516,0.026994094835726477
11517,0.11807880307813506
11518,0.08155796530189055
11519,0.1411897434506853
11520,0.01806788128844435
11521,0.0472874451224437
11522,0.02525362158524688
11523,0.07187511267178946
11524,0.09532570362584843
11525,0.07419146202147729
11526,0.06326265912384453
11527,0.10455365490510782
11528,0.030831530235430404
11529,0.14538999654972165
11530,0.1013931778423964
11531,0.06326265912384453
11532,0.050467859648565414
11533,0.06962564382891834
11534,0.1013931778423964
11535,0.03885174918700678
11536,0.04885310630405945
11537,0.037593946162112056
11538,0.05562035029109824
11539,0.02885097064418959
11540,0.059326311972524026
11541,0.0521330604156563
11542,0.11807880307813506
11543,0.1253937758578759
11544,0.07187511267178946
11545,0.1411897434506853
11546,0.07187511267178946
11547,0.05385008895239068
11548,0.08155796530189055
11549,0.1013931778423964
11550,0.01868507284109021
11551,0.06962564382891834
11552,0.03885174918700678
11553,0.08415807244319695
11554,0.031870571610423684
11555,0.07419146202147729
11556,0.03637532268518375
11557,0.05385008895239068
11558,0.08155796530189055
11559,0.06326265912384453
11560,0.02442486287796552
11561,0.10780082751501731
11562,0.0895851163769912
11563,0.044298105555134894
11564,0.05385008895239068
11565,0.09831774697482025
11566,0.050467859648565414
11567,0.1013931778423964
11568,0.07419146202147729
11569,0.13309352252567752
11570,0.059326311972524026
11571,0.06744146074358998
11572,0.0521330604156563
11573,0.08683323524129412
11574,0.04148951147230672
11575,0.06744146074358998
11576,0.07419146202147729
11577,0.06326265912384453
11578,0.04148951147230672
11579,0.0521330604156563
11580,0.11113633246221037
11581,0.12168894794618093
11582,0.04576954626093176
11583,0.12919480614845036
11584,0.03637532268518375
11585,0.0521330604156563
11586,0.1013931778423964
11587,0.12168894794618093
11588,0.03637532268518375
11589,0.12168894794618093
11590,0.09241538285980007
11591,0.07419146202147729
11592,0.10455365490510782
11593,0.0521330604156563
11594,0.07657630222726251
11595,0.04148951147230672
11596,0.12168894794618093
11597,0.09241538285980007
11598,0.08683323524129412
11599,0.03294343905785485
11600,0.050467859648565414
11601,0.03294343905785485
11602,0.05385008895239068
11603,0.02790753622320684
11604,0.12168894794618093
11605,0.06744146074358998
11606,0.04576954626093176
11607,0.020663328957880672
11608,0.09241538285980007
11609,0.050467859648565414
11610,0.08155796530189055
11611,0.14969342319192988
11612,0.03637532268518375
11613,0.04148951147230672
11614,0.02525362158524688
11615,0.07419146202147729
11616,0.0521330604156563
11617,0.02284615406529167
11618,0.035194756820265335
11619,0.0472874451224437
11620,0.05562035029109824
11621,0.03885174918700678
11622,0.08155796530189055
11623,0.0895851163769912
11624,0.06126494107819702
11625,0.0521330604156563
11626,0.026109748256448687
11627,0.023622642765858633
11628,0.03885174918700678
11629,0.059326311972524026
11630,0.1370913686325979
11631,0.0895851163769912
11632,0.03637532268518375
11633,0.08683323524129412
11634,0.0472874451224437
11635,0.059326311972524026
11636,0.0472874451224437
11637,0.07657630222726251
11638,0.06126494107819702
11639,0.10455365490510782
11640,0.10455365490510782
11641,0.07187511267178946
11642,0.06744146074358998
11643,0.09831774697482025
11644,0.03637532268518375
11645,0.10780082751501731
11646,0.04576954626093176
11647,0.11456179056371053
11648,0.06962564382891834
11649,0.06962564382891834
11650,0.03885174918700678
11651,0.04576954626093176
11652,0.04885310630405945
11653,0.07903125771029479
11654,0.06962564382891834
11655,0.1013931778423964
11656,0.09241538285980007
11657,0.06326265912384453
11658,0.06962564382891834
11659,0.06744146074358998
11660,0.11113633246221037
11661,0.09241538285980007
11662,0.05385008895239068
11663,0.029825320005255892
11664,0.07657630222726251
11665,0.029825320005255892
11666,0.08155796530189055
11667,0.07657630222726251
11668,0.0521330604156563
11669,0.05562035029109824
11670,0.06326265912384453
11671,0.0521330604156563
11672,0.07187511267178946
11673,0.08415807244319695
11674,0.08683323524129412
11675,0.05744527367010645
11676,0.02525362158524688
11677,0.09241538285980007
11678,0.023622642765858633
11679,0.1370913686325979
11680,0.029825320005255892
11681,0.11456179056371053
11682,0.10780082751501731
11683,0.01998212368725082
11684,0.05562035029109824
11685,0.06326265912384453
11686,0.02885097064418959
11687,0.059326311972524026
11688,0.07419146202147729
11689,0.07187511267178946
11690,0.11113633246221037
11691,0.031870571610423684
11692,0.08155796530189055
11693,0.07419146202147729
11694,0.1253937758578759
11695,0.09831774697482025
11696,0.06744146074358998
11697,0.1370913686325979
11698,0.026994094835726477
11699,0.044298105555134894
11700,0.1253937758578759
11701,0.09532570362584843
11702,0.08683323524129412
11703,0.10780082751501731
11704,0.04576954626093176
11705,0.03637532268518375
11706,0.035194756820265335
11707,0.050467859648565414
11708,0.13309352252567752
11709,0.14538999654972165
11710,0.0895851163769912
11711,0.050467859648565414
11712,0.0340511524412236
11713,0.11807880307813506
11714,0.05744527367010645
11715,0.07657630222726251
11716,0.029825320005255892
11717,0.08683323524129412
11718,0.07187511267178946
11719,0.05385008895239068
11720,0.035194756820265335
11721,0.07419146202147729
11722,0.1013931778423964
11723,0.03885174918700678
11724,0.05744527367010645
11725,0.06532098566628583
11726,0.0521330604156563
11727,0.04148951147230672
11728,0.06326265912384453
11729,0.06532098566628583
11730,0.1013931778423964
11731,0.10780082751501731
11732,0.05744527367010645
11733,0.029825320005255892
11734,0.06126494107819702
11735,0.07419146202147729
11736,0.05744527367010645
11737,0.06126494107819702
11738,0.05562035029109824
11739,0.023622642765858633
11740,0.035194756820265335
11741,0.09241538285980007
11742,0.10780082751501731
11743,0.04148951147230672
11744,0.04885310630405945
11745,0.07903125771029479
11746,0.02284615406529167
11747,0.11113633246221037
11748,0.05385008895239068
11749,0.1411897434506853
11750,0.08683323524129412
11751,0.07903125771029479
11752,0.07657630222726251
11753,0.05744527367010645
11754,0.02284615406529167
11755,0.030831530235430404
11756,0.1370913686325979
11757,0.09831774697482025
11758,0.10780082751501731
11759,0.059326311972524026
11760,0.0895851163769912
11761,0.13309352252567752
11762,0.06532098566628583
11763,0.037593946162112056
11764,0.0895851163769912
11765,0.06962564382891834
11766,0.1013931778423964
11767,0.11456179056371053
11768,0.044298105555134894
11769,0.09241538285980007
11770,0.06962564382891834
11771,0.09831774697482025
11772,0.08683323524129412
11773,0.07419146202147729
11774,0.0895851163769912
11775,0.02525362158524688
11776,0.03885174918700678
11777,0.08683323524129412
11778,0.1013931778423964
11779,0.11807880307813506
11780,0.03637532268518375
11781,0.1253937758578759
11782,0.12919480614845036
11783,0.030831530235430404
11784,0.11113633246221037
11785,0.07657630222726251
11786,0.04576954626093176
11787,0.1370913686325979
11788,0.07187511267178946
11789,0.09532570362584843
11790,0.026994094835726477
11791,0.05562035029109824
11792,0.06326265912384453
11793,0.08683323524129412
11794,0.01868507284109021
11795,0.08683323524129412
11796,0.11807880307813506
11797,0.06744146074358998
11798,0.08683323524129412
11799,0.059326311972524026
11800,0.04885310630405945
11801,0.08415807244319695
11802,0.12919480614845036
11803,0.04287184471684473
11804,0.07187511267178946
11805,0.05385008895239068
11806,0.01998212368725082
11807,0.06532098566628583
11808,0.07419146202147729
11809,0.04576954626093176
11810,0.029825320005255892
11811,0.044298105555134894
11812,0.13309352252567752
11813,0.050467859648565414
11814,0.08683323524129412
11815,0.08415807244319695
11816,0.05562035029109824
11817,0.0340511524412236
11818,0.04576954626093176
11819,0.06744146074358998
11820,0.09831774697482025
11821,0.044298105555134894
11822,0.09532570362584843
11823,0.030831530235430404
11824,0.1253937758578759
11825,0.09241538285980007
11826,0.059326311972524026
11827,0.12168894794618093
11828,0.04014987964502801
11829,0.0895851163769912
11830,0.05385008895239068
11831,0.031870571610423684
11832,0.07903125771029479
11833,0.0340511524412236
11834,0.05562035029109824
11835,0.04885310630405945
11836,0.09241538285980007
11837,0.044298105555134894
11838,0.059326311972524026
11839,0.09241538285980007
11840,0.06962564382891834
11841,0.0472874451224437
11842,0.06532098566628583
11843,0.05385008895239068
11844,0.035194756820265335
11845,0.0895851163769912
11846,0.06962564382891834
11847,0.044298105555134894
11848,0.08683323524129412
11849,0.07903125771029479
11850,0.05385008895239068
11851,0.07419146202147729
11852,0.04148951147230672
11853,0.04287184471684473
11854,0.08155796530189055
11855,0.0521330604156563
11856,0.06126494107819702
11857,0.12168894794618093
11858,0.06962564382891834
11859,0.06744146074358998
11860,0.04576954626093176
11861,0.022094611379221522
11862,0.06962564382891834
11863,0.06744146074358998
11864,0.04885310630405945
11865,0.050467859648565414
11866,0.026109748256448687
11867,0.04014987964502801
11868,0.0340511524412236
11869,0.12919480614845036
11870,0.07419146202147729
11871,0.07903125771029479
11872,0.08683323524129412
11873,0.06326265912384453
11874,0.0521330604156563
11875,0.06126494107819702
11876,0.035194756820265335
11877,0.06126494107819702
11878,0.044298105555134894
11879,0.06532098566628583
11880,0.026994094835726477
11881,0.06326265912384453
11882,0.11456179056371053
11883,0.06744146074358998
11884,0.07187511267178946
11885,0.10455365490510782
11886,0.044298105555134894
11887,0.1253937758578759
11888,0.03885174918700678
11889,0.04287184471684473
11890,0.0521330604156563
11891,0.023622642765858633
11892,0.14969342319192988
11893,0.02885097064418959
11894,0.07419146202147729
11895,0.050467859648565414
11896,0.1013931778423964
11897,0.06126494107819702
11898,0.05562035029109824
11899,0.03637532268518375
11900,0.12919480614845036
11901,0.05562035029109824
11902,0.09241538285980007
11903,0.1013931778423964
11904,0.04287184471684473
11905,0.04885310630405945
11906,0.03294343905785485
11907,0.037593946162112056
11908,0.09831774697482025
11909,0.12919480614845036
11910,0.11807880307813506
11911,0.09831774697482025
11912,0.04576954626093176
11913,0.06962564382891834
11914,0.050467859648565414
11915,0.05744527367010645
11916,0.07419146202147729
11917,0.026994094835726477
11918,0.05744527367010645
11919,0.09831774697482025
11920,0.05385008895239068
11921,0.04576954626093176
11922,0.07187511267178946
11923,0.09241538285980007
11924,0.06126494107819702
11925,0.11113633246221037
11926,0.035194756820265335
11927,0.037593946162112056
11928,0.04287184471684473
11929,0.02790753622320684
11930,0.09241538285980007
11931,0.04148951147230672
11932,0.020663328957880672
11933,0.031870571610423684
11934,0.10780082751501731
11935,0.06326265912384453
11936,0.0472874451224437
11937,0.0521330604156563
11938,0.05562035029109824
11939,0.07657630222726251
11940,0.050467859648565414
11941,0.11113633246221037
11942,0.04576954626093176
11943,0.08683323524129412
11944,0.08415807244319695
11945,0.1253937758578759
11946,0.06962564382891834
11947,0.07903125771029479
11948,0.06532098566628583
11949,0.06962564382891834
11950,0.05744527367010645
11951,0.13309352252567752
11952,0.044298105555134894
11953,0.04576954626093176
11954,0.08155796530189055
11955,0.04576954626093176
11956,0.1253937758578759
11957,0.07903125771029479
11958,0.07187511267178946
11959,0.11113633246221037
11960,0.06126494107819702
11961,0.09831774697482025
11962,0.01633396259861487
11963,0.06962564382891834
11964,0.08683323524129412
11965,0.10780082751501731
11966,0.05744527367010645
11967,0.059326311972524026
11968,0.037593946162112056
11969,0.09532570362584843
11970,0.07187511267178946
11971,0.06126494107819702
11972,0.050467859648565414
11973,0.10455365490510782
11974,0.08415807244319695
11975,0.07419146202147729
11976,0.04014987964502801
11977,0.059326311972524026
11978,0.06532098566628583
11979,0.0340511524412236
11980,0.07187511267178946
11981,0.09831774697482025
11982,0.035194756820265335
11983,0.0521330604156563
11984,0.08683323524129412
11985,0.05744527367010645
11986,0.08415807244319695
11987,0.059326311972524026
11988,0.1013931778423964
11989,0.030831530235430404
11990,0.08155796530189055
11991,0.08415807244319695
11992,0.02885097064418959
11993,0.07419146202147729
11994,0.09241538285980007
11995,0.04576954626093176
11996,0.059326311972524026
11997,0.07419146202147729
11998,0.02442486287796552
11999,0.0340511524412236
12000,0.029825320005255892
12001,0.07187511267178946
12002,0.09831774697482025
12003,0.05385008895239068
12004,0.11456179056371053
12005,0.03637532268518375
12006,0.02885097064418959
12007,0.06326265912384453
12008,0.04287184471684473
12009,0.04014987964502801
12010,0.1253937758578759
12011,0.09241538285980007
12012,0.04148951147230672
12013,0.04148951147230672
12014,0.06532098566628583
12015,0.0521330604156563
12016,0.07903125771029479
12017,0.06326265912384453
12018,0.08415807244319695
12019,0.09241538285980007
12020,0.050467859648565414
12021,0.07657630222726251
12022,0.05744527367010645
12023,0.04576954626093176
12024,0.1013931778423964
12025,0.04287184471684473
12026,0.1013931778423964
12027,0.09241538285980007
12028,0.05744527367010645
12029,0.035194756820265335
12030,0.0521330604156563
12031,0.0895851163769912
12032,0.04885310630405945
12033,0.1253937758578759
12034,0.06962564382891834
12035,0.017470713401722432
12036,0.06326265912384453
12037,0.06326265912384453
12038,0.07419146202147729
12039,0.06962564382891834
12040,0.05562035029109824
12041,0.1411897434506853
12042,0.07657630222726251
12043,0.12919480614845036
12044,0.11113633246221037
12045,0.09241538285980007
12046,0.0472874451224437
12047,0.02885097064418959
12048,0.037593946162112056
12049,0.09241538285980007
12050,0.06126494107819702
12051,0.031870571610423684
12052,0.023622642765858633
12053,0.14538999654972165
12054,0.10455365490510782
12055,0.026109748256448687
12056,0.031870571610423684
12057,0.07419146202147729
12058,0.09241538285980007
12059,0.04576954626093176
12060,0.11456179056371053
12061,0.07657630222726251
12062,0.07419146202147729
12063,0.09241538285980007
12064,0.044298105555134894
12065,0.08415807244319695
12066,0.0472874451224437
12067,0.04287184471684473
12068,0.05562035029109824
12069,0.044298105555134894
12070,0.1253937758578759
12071,0.11807880307813506
12072,0.050467859648565414
12073,0.09241538285980007
12074,0.07187511267178946
12075,0.037593946162112056
12076,0.09532570362584843
12077,0.1253937758578759
12078,0.04287184471684473
12079,0.044298105555134894
12080,0.04885310630405945
12081,0.07657630222726251
12082,0.04148951147230672
12083,0.12168894794618093
12084,0.12919480614845036
12085,0.026994094835726477
12086,0.050467859648565414
12087,0.04148951147230672
12088,0.03885174918700678
12089,0.06126494107819702
12090,0.037593946162112056
12091,0.1370913686325979
12092,0.08155796530189055
12093,0.02885097064418959
12094,0.1013931778423964
12095,0.044298105555134894
12096,0.026994094835726477
12097,0.09831774697482025
12098,0.09532570362584843
12099,0.1411897434506853
12100,0.0472874451224437
12101,0.10455365490510782
12102,0.11113633246221037
12103,0.0521330604156563
12104,0.04885310630405945
12105,0.06744146074358998
12106,0.031870571610423684
12107,0.07187511267178946
12108,0.08415807244319695
12109,0.15410125929925808
12110,0.10780082751501731
12111,0.05385008895239068
12112,0.06962564382891834
12113,0.04287184471684473
12114,0.04287184471684473
12115,0.02790753622320684
12116,0.12919480614845036
12117,0.04576954626093176
12118,0.06326265912384453
12119,0.0472874451224437
12120,0.037593946162112056
12121,0.07419146202147729
12122,0.06126494107819702
12123,0.04885310630405945
12124,0.07903125771029479
12125,0.04287184471684473
12126,0.14969342319192988
12127,0.07187511267178946
12128,0.059326311972524026
12129,0.08683323524129412
12130,0.11807880307813506
12131,0.07657630222726251
12132,0.04576954626093176
12133,0.10780082751501731
12134,0.02790753622320684
12135,0.0472874451224437
12136,0.10780082751501731
12137,0.04885310630405945
12138,0.04885310630405945
12139,0.08155796530189055
12140,0.07187511267178946
12141,0.08683323524129412
12142,0.08155796530189055
12143,0.07903125771029479
12144,0.08155796530189055
12145,0.06744146074358998
12146,0.07657630222726251
12147,0.11113633246221037
12148,0.017470713401722432
12149,0.08155796530189055
12150,0.02136725069186659
12151,0.01998212368725082
12152,0.11113633246221037
12153,0.11456179056371053
12154,0.09241538285980007
12155,0.11113633246221037
12156,0.13309352252567752
12157,0.0521330604156563
12158,0.08683323524129412
12159,0.07657630222726251
12160,0.06326265912384453
12161,0.059326311972524026
12162,0.035194756820265335
12163,0.11113633246221037
12164,0.07187511267178946
12165,0.04885310630405945
12166,0.05744527367010645
12167,0.07419146202147729
12168,0.08415807244319695
12169,0.14969342319192988
12170,0.050467859648565414
12171,0.1013931778423964
12172,0.11113633246221037
12173,0.044298105555134894
12174,0.08415807244319695
12175,0.09532570362584843
12176,0.08683323524129412
12177,0.019322932527049887
12178,0.04576954626093176
12179,0.03885174918700678
12180,0.03294343905785485
12181,0.07657630222726251
12182,0.03885174918700678
12183,0.04287184471684473
12184,0.07903125771029479
12185,0.04576954626093176
12186,0.0340511524412236
12187,0.1411897434506853
12188,0.06744146074358998
12189,0.08155796530189055
12190,0.07657630222726251
12191,0.04885310630405945
12192,0.0340511524412236
12193,0.037593946162112056
12194,0.031870571610423684
12195,0.04287184471684473
12196,0.07419146202147729
12197,0.11807880307813506
12198,0.04885310630405945
12199,0.06326265912384453
12200,0.0895851163769912
12201,0.03637532268518375
12202,0.12168894794618093
12203,0.05385008895239068
12204,0.06532098566628583
12205,0.07903125771029479
12206,0.01998212368725082
12207,0.044298105555134894
12208,0.09532570362584843
12209,0.11113633246221037
12210,0.02284615406529167
12211,0.026994094835726477
12212,0.07903125771029479
12213,0.04014987964502801
12214,0.08155796530189055
12215,0.06532098566628583
12216,0.05562035029109824
12217,0.06126494107819702
12218,0.06532098566628583
12219,0.10455365490510782
12220,0.07903125771029479
12221,0.05385008895239068
12222,0.03637532268518375
12223,0.04576954626093176
12224,0.06744146074358998
12225,0.07657630222726251
12226,0.030831530235430404
12227,0.07187511267178946
12228,0.05744527367010645
12229,0.08155796530189055
12230,0.029825320005255892
12231,0.08683323524129412
12232,0.04014987964502801
12233,0.06126494107819702
12234,0.1411897434506853
12235,0.1013931778423964
12236,0.029825320005255892
12237,0.02284615406529167
12238,0.04885310630405945
12239,0.03294343905785485
12240,0.06744146074358998
12241,0.05562035029109824
12242,0.030831530235430404
12243,0.07187511267178946
12244,0.06744146074358998
12245,0.01868507284109021
12246,0.12168894794618093
12247,0.06962564382891834
12248,0.1253937758578759
12249,0.04287184471684473
12250,0.07419146202147729
12251,0.05744527367010645
12252,0.059326311972524026
12253,0.08155796530189055
12254,0.044298105555134894
12255,0.05562035029109824
12256,0.09532570362584843
12257,0.07419146202147729
12258,0.08415807244319695
12259,0.09831774697482025
12260,0.14969342319192988
12261,0.0340511524412236
12262,0.03294343905785485
12263,0.06326265912384453
12264,0.12168894794618093
12265,0.04885310630405945
12266,0.01868507284109021
12267,0.09831774697482025
12268,0.0472874451224437
12269,0.10780082751501731
12270,0.06744146074358998
12271,0.08155796530189055
12272,0.035194756820265335
12273,0.10455365490510782
12274,0.07419146202147729
12275,0.11113633246221037
12276,0.08415807244319695
12277,0.06962564382891834
12278,0.059326311972524026
12279,0.020663328957880672
12280,0.08155796530189055
12281,0.11807880307813506
12282,0.05385008895239068
12283,0.04287184471684473
12284,0.10780082751501731
12285,0.0472874451224437
12286,0.059326311972524026
12287,0.04148951147230672
12288,0.06326265912384453
12289,0.14538999654972165
12290,0.030831530235430404
12291,0.01998212368725082
12292,0.035194756820265335
12293,0.0472874451224437
12294,0.0472874451224437
12295,0.050467859648565414
12296,0.09532570362584843
12297,0.11113633246221037
12298,0.1013931778423964
12299,0.14538999654972165
12300,0.07657630222726251
12301,0.06126494107819702
12302,0.05385008895239068
12303,0.0340511524412236
12304,0.04885310630405945
12305,0.04885310630405945
12306,0.10780082751501731
12307,0.01806788128844435
12308,0.11807880307813506
12309,0.09241538285980007
12310,0.0521330604156563
12311,0.05385008895239068
12312,0.06326265912384453
12313,0.07419146202147729
12314,0.1013931778423964
12315,0.05562035029109824
12316,0.06532098566628583
12317,0.06326265912384453
12318,0.09831774697482025
12319,0.05385008895239068
12320,0.037593946162112056
12321,0.05562035029109824
12322,0.06326265912384453
12323,0.04148951147230672
12324,0.08155796530189055
12325,0.04148951147230672
12326,0.06126494107819702
12327,0.12168894794618093
12328,0.08155796530189055
12329,0.07657630222726251
12330,0.06532098566628583
12331,0.04885310630405945
12332,0.06126494107819702
12333,0.13309352252567752
12334,0.1370913686325979
12335,0.11113633246221037
12336,0.05385008895239068
12337,0.07419146202147729
12338,0.06962564382891834
12339,0.050467859648565414
12340,0.05562035029109824
12341,0.04287184471684473
12342,0.035194756820265335
12343,0.044298105555134894
12344,0.0340511524412236
12345,0.059326311972524026
12346,0.09831774697482025
12347,0.03637532268518375
12348,0.059326311972524026
12349,0.14969342319192988
12350,0.0472874451224437
12351,0.04148951147230672
12352,0.07903125771029479
12353,0.05744527367010645
12354,0.05744527367010645
12355,0.04014987964502801
12356,0.0340511524412236
12357,0.07657630222726251
12358,0.044298105555134894
12359,0.05562035029109824
12360,0.06532098566628583
12361,0.037593946162112056
12362,0.1253937758578759
12363,0.04148951147230672
12364,0.0472874451224437
12365,0.1253937758578759
12366,0.026109748256448687
12367,0.06326265912384453
12368,0.04576954626093176
12369,0.07657630222726251
12370,0.04576954626093176
12371,0.04576954626093176
12372,0.11807880307813506
12373,0.035194756820265335
12374,0.05562035029109824
12375,0.10455365490510782
12376,0.03637532268518375
12377,0.07419146202147729
12378,0.02885097064418959
12379,0.09241538285980007
12380,0.030831530235430404
12381,0.0340511524412236
12382,0.14538999654972165
12383,0.026109748256448687
12384,0.01579318133211142
12385,0.08415807244319695
12386,0.06532098566628583
12387,0.04148951147230672
12388,0.12168894794618093
12389,0.04576954626093176
12390,0.07657630222726251
12391,0.11807880307813506
12392,0.08415807244319695
12393,0.05744527367010645
12394,0.031870571610423684
12395,0.13309352252567752
12396,0.04885310630405945
12397,0.08683323524129412
12398,0.04885310630405945
12399,0.059326311972524026
12400,0.11113633246221037
12401,0.15861467629411466
12402,0.044298105555134894
12403,0.06532098566628583
12404,0.06326265912384453
12405,0.044298105555134894
12406,0.0895851163769912
12407,0.044298105555134894
12408,0.035194756820265335
12409,0.05744527367010645
12410,0.03885174918700678
12411,0.03885174918700678
12412,0.026994094835726477
12413,0.02885097064418959
12414,0.03637532268518375
12415,0.04885310630405945
12416,0.0521330604156563
12417,0.0472874451224437
12418,0.031870571610423684
12419,0.08155796530189055
12420,0.050467859648565414
12421,0.05744527367010645
12422,0.1013931778423964
12423,0.06532098566628583
12424,0.04148951147230672
12425,0.06126494107819702
12426,0.07903125771029479
12427,0.04148951147230672
12428,0.06532098566628583
12429,0.04014987964502801
12430,0.06962564382891834
12431,0.06126494107819702
12432,0.05562035029109824
12433,0.07419146202147729
12434,0.01806788128844435
12435,0.09532570362584843
12436,0.044298105555134894
12437,0.10780082751501731
12438,0.12919480614845036
12439,0.06744146074358998
12440,0.026994094835726477
12441,0.07187511267178946
12442,0.1370913686325979
12443,0.026994094835726477
12444,0.04014987964502801
12445,0.05385008895239068
12446,0.10780082751501731
12447,0.03637532268518375
12448,0.06326265912384453
12449,0.09831774697482025
12450,0.10455365490510782
12451,0.023622642765858633
12452,0.06326265912384453
12453,0.09831774697482025
12454,0.08415807244319695
12455,0.02136725069186659
12456,0.04287184471684473
12457,0.01806788128844435
12458,0.03294343905785485
12459,0.059326311972524026
12460,0.05385008895239068
12461,0.07903125771029479
12462,0.04287184471684473
12463,0.044298105555134894
12464,0.050467859648565414
12465,0.04287184471684473
12466,0.10455365490510782
12467,0.059326311972524026
12468,0.11807880307813506
12469,0.05744527367010645
12470,0.05385008895239068
12471,0.0340511524412236
12472,0.07657630222726251
12473,0.07419146202147729
12474,0.09241538285980007
12475,0.09241538285980007
12476,0.0472874451224437
12477,0.06326265912384453
12478,0.03294343905785485
12479,0.06326265912384453
12480,0.09532570362584843
12481,0.05744527367010645
12482,0.08415807244319695
12483,0.059326311972524026
12484,0.05744527367010645
12485,0.06126494107819702
12486,0.06962564382891834
12487,0.09532570362584843
12488,0.04014987964502801
12489,0.030831530235430404
12490,0.0340511524412236
12491,0.11807880307813506
12492,0.11456179056371053
12493,0.11456179056371053
12494,0.02525362158524688
12495,0.04014987964502801
12496,0.05744527367010645
12497,0.07187511267178946
12498,0.11807880307813506
12499,0.09241538285980007
12500,0.0521330604156563
12501,0.035194756820265335
12502,0.06326265912384453
12503,0.030831530235430404
12504,0.11113633246221037
12505,0.10780082751501731
12506,0.0895851163769912
12507,0.14538999654972165
12508,0.035194756820265335
12509,0.07903125771029479
12510,0.03294343905785485
12511,0.11113633246221037
12512,0.059326311972524026
12513,0.03637532268518375
12514,0.02442486287796552
12515,0.09241538285980007
12516,0.035194756820265335
12517,0.12168894794618093
12518,0.0340511524412236
12519,0.03294343905785485
12520,0.05562035029109824
12521,0.07419146202147729
12522,0.08415807244319695
12523,0.14969342319192988
12524,0.08683323524129412
12525,0.09831774697482025
12526,0.044298105555134894
12527,0.11807880307813506
12528,0.05744527367010645
12529,0.04287184471684473
12530,0.06744146074358998
12531,0.035194756820265335
12532,0.1411897434506853
12533,0.06532098566628583
12534,0.0472874451224437
12535,0.0895851163769912
12536,0.06326265912384453
12537,0.044298105555134894
12538,0.07419146202147729
12539,0.04287184471684473
12540,0.03885174918700678
12541,0.0521330604156563
12542,0.07419146202147729
12543,0.07187511267178946
12544,0.09831774697482025
12545,0.1013931778423964
12546,0.12168894794618093
12547,0.07419146202147729
12548,0.07903125771029479
12549,0.10780082751501731
12550,0.05562035029109824
12551,0.06326265912384453
12552,0.06532098566628583
12553,0.044298105555134894
12554,0.04148951147230672
12555,0.06962564382891834
12556,0.08415807244319695
12557,0.04287184471684473
12558,0.07657630222726251
12559,0.04885310630405945
12560,0.08155796530189055
12561,0.02136725069186659
12562,0.0895851163769912
12563,0.07187511267178946
12564,0.08415807244319695
12565,0.04287184471684473
12566,0.06532098566628583
12567,0.12919480614845036
12568,0.05562035029109824
12569,0.10780082751501731
12570,0.050467859648565414
12571,0.037593946162112056
12572,0.07903125771029479
12573,0.06532098566628583
12574,0.05562035029109824
12575,0.07903125771029479
12576,0.059326311972524026
12577,0.07903125771029479
12578,0.06962564382891834
12579,0.050467859648565414
12580,0.030831530235430404
12581,0.0895851163769912
12582,0.08683323524129412
12583,0.02525362158524688
12584,0.06326265912384453
12585,0.1013931778423964
12586,0.035194756820265335
12587,0.044298105555134894
12588,0.01868507284109021
12589,0.10455365490510782
12590,0.11456179056371053
12591,0.03294343905785485
12592,0.050467859648565414
12593,0.02525362158524688
12594,0.03885174918700678
12595,0.031870571610423684
12596,0.03885174918700678
12597,0.11113633246221037
12598,0.09532570362584843
12599,0.04287184471684473
12600,0.06744146074358998
12601,0.04287184471684473
12602,0.13309352252567752
12603,0.020663328957880672
12604,0.08155796530189055
12605,0.0472874451224437
12606,0.10455365490510782
12607,0.026994094835726477
12608,0.05562035029109824
12609,0.050467859648565414
12610,0.031870571610423684
12611,0.06532098566628583
12612,0.06126494107819702
12613,0.08155796530189055
12614,0.04014987964502801
12615,0.04576954626093176
12616,0.05385008895239068
12617,0.04885310630405945
12618,0.07657630222726251
12619,0.06126494107819702
12620,0.07187511267178946
12621,0.08415807244319695
12622,0.06744146074358998
12623,0.08415807244319695
12624,0.09241538285980007
12625,0.044298105555134894
12626,0.037593946162112056
12627,0.12168894794618093
12628,0.06126494107819702
12629,0.07419146202147729
12630,0.05744527367010645
12631,0.04885310630405945
12632,0.09532570362584843
12633,0.03637532268518375
12634,0.050467859648565414
12635,0.08683323524129412
12636,0.0521330604156563
12637,0.06326265912384453
12638,0.030831530235430404
12639,0.06744146074358998
12640,0.04287184471684473
12641,0.030831530235430404
12642,0.1253937758578759
12643,0.09831774697482025
12644,0.07657630222726251
12645,0.04287184471684473
12646,0.050467859648565414
12647,0.07657630222726251
12648,0.06744146074358998
12649,0.044298105555134894
12650,0.03294343905785485
12651,0.07419146202147729
12652,0.02525362158524688
12653,0.07187511267178946
12654,0.04885310630405945
12655,0.02885097064418959
12656,0.03637532268518375
12657,0.06126494107819702
12658,0.1370913686325979
12659,0.10780082751501731
12660,0.0895851163769912
12661,0.07419146202147729
12662,0.07903125771029479
12663,0.026109748256448687
12664,0.07657630222726251
12665,0.050467859648565414
12666,0.0521330604156563
12667,0.03637532268518375
12668,0.04148951147230672
12669,0.016892943165924136
12670,0.07903125771029479
12671,0.044298105555134894
12672,0.03294343905785485
12673,0.05744527367010645
12674,0.03294343905785485
12675,0.037593946162112056
12676,0.044298105555134894
12677,0.05385008895239068
12678,0.026109748256448687
12679,0.11113633246221037
12680,0.09241538285980007
12681,0.029825320005255892
12682,0.1370913686325979
12683,0.07419146202147729
12684,0.07419146202147729
12685,0.037593946162112056
12686,0.05385008895239068
12687,0.06326265912384453
12688,0.06744146074358998
12689,0.12168894794618093
12690,0.08155796530189055
12691,0.05385008895239068
12692,0.06962564382891834
12693,0.01806788128844435
12694,0.0895851163769912
12695,0.0472874451224437
12696,0.03637532268518375
12697,0.06962564382891834
12698,0.06744146074358998
12699,0.06532098566628583
12700,0.023622642765858633
12701,0.05744527367010645
12702,0.035194756820265335
12703,0.06962564382891834
12704,0.12919480614845036
12705,0.05385008895239068
12706,0.0472874451224437
12707,0.031870571610423684
12708,0.023622642765858633
12709,0.02136725069186659
12710,0.0472874451224437
12711,0.0895851163769912
12712,0.07187511267178946
12713,0.12919480614845036
12714,0.03637532268518375
12715,0.09831774697482025
12716,0.09241538285980007
12717,0.03294343905785485
12718,0.11807880307813506
12719,0.10455365490510782
12720,0.08155796530189055
12721,0.12919480614845036
12722,0.09241538285980007
12723,0.07187511267178946
12724,0.031870571610423684
12725,0.11807880307813506
12726,0.023622642765858633
12727,0.08155796530189055
12728,0.019322932527049887
12729,0.059326311972524026
12730,0.020663328957880672
12731,0.07657630222726251
12732,0.05744527367010645
12733,0.10780082751501731
12734,0.08683323524129412
12735,0.08683323524129412
12736,0.0472874451224437
12737,0.06962564382891834
12738,0.07657630222726251
12739,0.01868507284109021
12740,0.1370913686325979
12741,0.15861467629411466
12742,0.044298105555134894
12743,0.0472874451224437
12744,0.04014987964502801
12745,0.06962564382891834
12746,0.09241538285980007
12747,0.06126494107819702
12748,0.037593946162112056
12749,0.044298105555134894
12750,0.07903125771029479
12751,0.019322932527049887
12752,0.1411897434506853
12753,0.0472874451224437
12754,0.0472874451224437
12755,0.030831530235430404
12756,0.03294343905785485
12757,0.05385008895239068
12758,0.035194756820265335
12759,0.09831774697482025
12760,0.050467859648565414
12761,0.031870571610423684
12762,0.050467859648565414
12763,0.06962564382891834
12764,0.030831530235430404
12765,0.037593946162112056
12766,0.044298105555134894
12767,0.04287184471684473
12768,0.030831530235430404
12769,0.06326265912384453
12770,0.06744146074358998
12771,0.09532570362584843
12772,0.15861467629411466
12773,0.059326311972524026
12774,0.03885174918700678
12775,0.03885174918700678
12776,0.11807880307813506
12777,0.07903125771029479
12778,0.03885174918700678
12779,0.059326311972524026
12780,0.04287184471684473
12781,0.04148951147230672
12782,0.0340511524412236
12783,0.0472874451224437
12784,0.09241538285980007
12785,0.05385008895239068
12786,0.09831774697482025
12787,0.09532570362584843
12788,0.08415807244319695
12789,0.05562035029109824
12790,0.059326311972524026
12791,0.06744146074358998
12792,0.0472874451224437
12793,0.11456179056371053
12794,0.04014987964502801
12795,0.09241538285980007
12796,0.09532570362584843
12797,0.06326265912384453
12798,0.023622642765858633
12799,0.08683323524129412
12800,0.1370913686325979
12801,0.07903125771029479
12802,0.11807880307813506
12803,0.06744146074358998
12804,0.03637532268518375
12805,0.07657630222726251
12806,0.03885174918700678
12807,0.04148951147230672
12808,0.12919480614845036
12809,0.07657630222726251
12810,0.08155796530189055
12811,0.12919480614845036
12812,0.06532098566628583
12813,0.04148951147230672
12814,0.07903125771029479
12815,0.0895851163769912
12816,0.12919480614845036
12817,0.059326311972524026
12818,0.12168894794618093
12819,0.05562035029109824
12820,0.12168894794618093
12821,0.06744146074358998
12822,0.037593946162112056
12823,0.0895851163769912
12824,0.15410125929925808
12825,0.10780082751501731
12826,0.02885097064418959
12827,0.0895851163769912
12828,0.06532098566628583
12829,0.05744527367010645
12830,0.08155796530189055
12831,0.08415807244319695
12832,0.08683323524129412
12833,0.037593946162112056
12834,0.02442486287796552
12835,0.06326265912384453
12836,0.05744527367010645
12837,0.06326265912384453
12838,0.08683323524129412
12839,0.0521330604156563
12840,0.12919480614845036
12841,0.037593946162112056
12842,0.11113633246221037
12843,0.06126494107819702
12844,0.044298105555134894
12845,0.09241538285980007
12846,0.05744527367010645
12847,0.0472874451224437
12848,0.07419146202147729
12849,0.06326265912384453
12850,0.06326265912384453
12851,0.10455365490510782
12852,0.044298105555134894
12853,0.11113633246221037
12854,0.1013931778423964
12855,0.02885097064418959
12856,0.10780082751501731
12857,0.050467859648565414
12858,0.04576954626093176
12859,0.02284615406529167
12860,0.059326311972524026
12861,0.04148951147230672
12862,0.13309352252567752
12863,0.02442486287796552
12864,0.06326265912384453
12865,0.08155796530189055
12866,0.04885310630405945
12867,0.023622642765858633
12868,0.05562035029109824
12869,0.0895851163769912
12870,0.1253937758578759
12871,0.06532098566628583
12872,0.08683323524129412
12873,0.1013931778423964
12874,0.03637532268518375
12875,0.04287184471684473
12876,0.10455365490510782
12877,0.044298105555134894
12878,0.03637532268518375
12879,0.06326265912384453
12880,0.11456179056371053
12881,0.09532570362584843
12882,0.1253937758578759
12883,0.1253937758578759
12884,0.07419146202147729
12885,0.0895851163769912
12886,0.035194756820265335
12887,0.07657630222726251
12888,0.0521330604156563
12889,0.031870571610423684
12890,0.04885310630405945
12891,0.06532098566628583
12892,0.03885174918700678
12893,0.07903125771029479
12894,0.05385008895239068
12895,0.037593946162112056
12896,0.04014987964502801
12897,0.09831774697482025
12898,0.06962564382891834
12899,0.06744146074358998
12900,0.0521330604156563
12901,0.04148951147230672
12902,0.03885174918700678
12903,0.037593946162112056
12904,0.0895851163769912
12905,0.06326265912384453
12906,0.12168894794618093
12907,0.04576954626093176
12908,0.07903125771029479
12909,0.05385008895239068
12910,0.031870571610423684
12911,0.059326311972524026
12912,0.10780082751501731
12913,0.08415807244319695
12914,0.06126494107819702
12915,0.03885174918700678
12916,0.10780082751501731
12917,0.026994094835726477
12918,0.1013931778423964
12919,0.07187511267178946
12920,0.08683323524129412
12921,0.11113633246221037
12922,0.05744527367010645
12923,0.05744527367010645
12924,0.07419146202147729
12925,0.03885174918700678
12926,0.044298105555134894
12927,0.06744146074358998
12928,0.06126494107819702
12929,0.07419146202147729
12930,0.05562035029109824
12931,0.06962564382891834
12932,0.06532098566628583
12933,0.05385008895239068
12934,0.08683323524129412
12935,0.03885174918700678
12936,0.02885097064418959
12937,0.11807880307813506
12938,0.09831774697482025
12939,0.02442486287796552
12940,0.11807880307813506
12941,0.08683323524129412
12942,0.0895851163769912
12943,0.09532570362584843
12944,0.01579318133211142
12945,0.0472874451224437
12946,0.09241538285980007
12947,0.07903125771029479
12948,0.1013931778423964
12949,0.07657630222726251
12950,0.026109748256448687
12951,0.06962564382891834
12952,0.05562035029109824
12953,0.050467859648565414
12954,0.023622642765858633
12955,0.04287184471684473
12956,0.044298105555134894
12957,0.11456179056371053
12958,0.02442486287796552
12959,0.020663328957880672
12960,0.05385008895239068
12961,0.06126494107819702
12962,0.07419146202147729
12963,0.05385008895239068
12964,0.08415807244319695
12965,0.04576954626093176
12966,0.05744527367010645
12967,0.12919480614845036
12968,0.03637532268518375
12969,0.035194756820265335
12970,0.08415807244319695
12971,0.0895851163769912
12972,0.044298105555134894
12973,0.05744527367010645
12974,0.0895851163769912
12975,0.06744146074358998
12976,0.12168894794618093
12977,0.03294343905785485
12978,0.06126494107819702
12979,0.020663328957880672
12980,0.05385008895239068
12981,0.031870571610423684
12982,0.04576954626093176
12983,0.1253937758578759
12984,0.08683323524129412
12985,0.04287184471684473
12986,0.026994094835726477
12987,0.03294343905785485
12988,0.04014987964502801
12989,0.030831530235430404
12990,0.10780082751501731
12991,0.07657630222726251
12992,0.05562035029109824
12993,0.1013931778423964
12994,0.06126494107819702
12995,0.07903125771029479
12996,0.044298105555134894
12997,0.0521330604156563
12998,0.03637532268518375
12999,0.10780082751501731
13000,0.09241538285980007
13001,0.05744527367010645
13002,0.04148951147230672
13003,0.06126494107819702
13004,0.1253937758578759
13005,0.02885097064418959
13006,0.07187511267178946
13007,0.059326311972524026
13008,0.03637532268518375
13009,0.0895851163769912
13010,0.09831774697482025
13011,0.12168894794618093
13012,0.05385008895239068
13013,0.04287184471684473
13014,0.029825320005255892
13015,0.07187511267178946
13016,0.05385008895239068
13017,0.0340511524412236
13018,0.05744527367010645
13019,0.10455365490510782
13020,0.11807880307813506
13021,0.09831774697482025
13022,0.0521330604156563
13023,0.0895851163769912
13024,0.0895851163769912
13025,0.06532098566628583
13026,0.050467859648565414
13027,0.06744146074358998
13028,0.026109748256448687
13029,0.03885174918700678
13030,0.1253937758578759
13031,0.0340511524412236
13032,0.026109748256448687
13033,0.04885310630405945
13034,0.06744146074358998
13035,0.04576954626093176
13036,0.05562035029109824
13037,0.06326265912384453
13038,0.04576954626093176
13039,0.10455365490510782
13040,0.05562035029109824
13041,0.05744527367010645
13042,0.0521330604156563
13043,0.05744527367010645
13044,0.03885174918700678
13045,0.09241538285980007
13046,0.12168894794618093
13047,0.06744146074358998
13048,0.07903125771029479
13049,0.1013931778423964
13050,0.07657630222726251
13051,0.035194756820265335
13052,0.030831530235430404
13053,0.06744146074358998
13054,0.07657630222726251
13055,0.15861467629411466
13056,0.06744146074358998
13057,0.08155796530189055
13058,0.12919480614845036
13059,0.059326311972524026
13060,0.09241538285980007
13061,0.1411897434506853
13062,0.06962564382891834
13063,0.03637532268518375
13064,0.07419146202147729
13065,0.04148951147230672
13066,0.0472874451224437
13067,0.09241538285980007
13068,0.06326265912384453
13069,0.059326311972524026
13070,0.044298105555134894
13071,0.04148951147230672
13072,0.044298105555134894
13073,0.12919480614845036
13074,0.03637532268518375
13075,0.07903125771029479
13076,0.02284615406529167
13077,0.02790753622320684
13078,0.04576954626093176
13079,0.1411897434506853
13080,0.035194756820265335
13081,0.06744146074358998
13082,0.026994094835726477
13083,0.03294343905785485
13084,0.09241538285980007
13085,0.0340511524412236
13086,0.023622642765858633
13087,0.09532570362584843
13088,0.05744527367010645
13089,0.14969342319192988
13090,0.030831530235430404
13091,0.059326311972524026
13092,0.06744146074358998
13093,0.02885097064418959
13094,0.10780082751501731
13095,0.037593946162112056
13096,0.03885174918700678
13097,0.04885310630405945
13098,0.08155796530189055
13099,0.04576954626093176
13100,0.08683323524129412
13101,0.1370913686325979
13102,0.11113633246221037
13103,0.0340511524412236
13104,0.07187511267178946
13105,0.044298105555134894
13106,0.03294343905785485
13107,0.10455365490510782
13108,0.06962564382891834
13109,0.05562035029109824
13110,0.09831774697482025
13111,0.059326311972524026
13112,0.09532570362584843
13113,0.06744146074358998
13114,0.07657630222726251
13115,0.08155796530189055
13116,0.10455365490510782
13117,0.022094611379221522
13118,0.1411897434506853
13119,0.037593946162112056
13120,0.06744146074358998
13121,0.044298105555134894
13122,0.12168894794618093
13123,0.06126494107819702
13124,0.0521330604156563
13125,0.0895851163769912
13126,0.13309352252567752
13127,0.02442486287796552
13128,0.029825320005255892
13129,0.044298105555134894
13130,0.06126494107819702
13131,0.059326311972524026
13132,0.04885310630405945
13133,0.04287184471684473
13134,0.14969342319192988
13135,0.10455365490510782
13136,0.10455365490510782
13137,0.029825320005255892
13138,0.11807880307813506
13139,0.12919480614845036
13140,0.1253937758578759
13141,0.04576954626093176
13142,0.04885310630405945
13143,0.08683323524129412
13144,0.06532098566628583
13145,0.0472874451224437
13146,0.06744146074358998
13147,0.12919480614845036
13148,0.04885310630405945
13149,0.12168894794618093
13150,0.04014987964502801
13151,0.050467859648565414
13152,0.02442486287796552
13153,0.1253937758578759
13154,0.1370913686325979
13155,0.050467859648565414
13156,0.14969342319192988
13157,0.026994094835726477
13158,0.04576954626093176
13159,0.02442486287796552
13160,0.06126494107819702
13161,0.12919480614845036
13162,0.07187511267178946
13163,0.0521330604156563
13164,0.050467859648565414
13165,0.029825320005255892
13166,0.05744527367010645
13167,0.06326265912384453
13168,0.0521330604156563
13169,0.06532098566628583
13170,0.059326311972524026
13171,0.08155796530189055
13172,0.10780082751501731
13173,0.07419146202147729
13174,0.10780082751501731
13175,0.08415807244319695
13176,0.05744527367010645
13177,0.1013931778423964
13178,0.0472874451224437
13179,0.05744527367010645
13180,0.06326265912384453
13181,0.04576954626093176
13182,0.03885174918700678
13183,0.09241538285980007
13184,0.06744146074358998
13185,0.06326265912384453
13186,0.06326265912384453
13187,0.06326265912384453
13188,0.08415807244319695
13189,0.07657630222726251
13190,0.02525362158524688
13191,0.03885174918700678
13192,0.07187511267178946
13193,0.04576954626093176
13194,0.06126494107819702
13195,0.06126494107819702
13196,0.0472874451224437
13197,0.05385008895239068
13198,0.06532098566628583
13199,0.05744527367010645
13200,0.04576954626093176
13201,0.0340511524412236
13202,0.03294343905785485
13203,0.12919480614845036
13204,0.0521330604156563
13205,0.0472874451224437
13206,0.026109748256448687
13207,0.03885174918700678
13208,0.08683323524129412
13209,0.06962564382891834
13210,0.11456179056371053
13211,0.0472874451224437
13212,0.0521330604156563
13213,0.12919480614845036
13214,0.08683323524129412
13215,0.05562035029109824
13216,0.11113633246221037
13217,0.08415807244319695
13218,0.03885174918700678
13219,0.04014987964502801
13220,0.04014987964502801
13221,0.02284615406529167
13222,0.13309352252567752
13223,0.03294343905785485
13224,0.06744146074358998
13225,0.04885310630405945
13226,0.04014987964502801
13227,0.04885310630405945
13228,0.04148951147230672
13229,0.019322932527049887
13230,0.01868507284109021
13231,0.04287184471684473
13232,0.02525362158524688
13233,0.026109748256448687
13234,0.031870571610423684
13235,0.06962564382891834
13236,0.0472874451224437
13237,0.06532098566628583
13238,0.050467859648565414
13239,0.07187511267178946
13240,0.07657630222726251
13241,0.10455365490510782
13242,0.04014987964502801
13243,0.05385008895239068
13244,0.0895851163769912
13245,0.04287184471684473
13246,0.03637532268518375
13247,0.031870571610423684
13248,0.08155796530189055
13249,0.04576954626093176
13250,0.1013931778423964
13251,0.05562035029109824
13252,0.026994094835726477
13253,0.037593946162112056
13254,0.04148951147230672
13255,0.035194756820265335
13256,0.04014987964502801
13257,0.06126494107819702
13258,0.07419146202147729
13259,0.10780082751501731
13260,0.09831774697482025
13261,0.07419146202147729
13262,0.05744527367010645
13263,0.05562035029109824
13264,0.04576954626093176
13265,0.10455365490510782
13266,0.1013931778423964
13267,0.04576954626093176
13268,0.02442486287796552
13269,0.06532098566628583
13270,0.06126494107819702
13271,0.0472874451224437
13272,0.030831530235430404
13273,0.03637532268518375
13274,0.10455365490510782
13275,0.035194756820265335
13276,0.11807880307813506
13277,0.06744146074358998
13278,0.04885310630405945
13279,0.05744527367010645
13280,0.1013931778423964
13281,0.0472874451224437
13282,0.050467859648565414
13283,0.03885174918700678
13284,0.059326311972524026
13285,0.09532570362584843
13286,0.09241538285980007
13287,0.09831774697482025
13288,0.11113633246221037
13289,0.01868507284109021
13290,0.04576954626093176
13291,0.07187511267178946
13292,0.05385008895239068
13293,0.0472874451224437
13294,0.02525362158524688
13295,0.059326311972524026
13296,0.14538999654972165
13297,0.06962564382891834
13298,0.0521330604156563
13299,0.07419146202147729
13300,0.10455365490510782
13301,0.026994094835726477
13302,0.05744527367010645
13303,0.08415807244319695
13304,0.04014987964502801
13305,0.05562035029109824
13306,0.07903125771029479
13307,0.14538999654972165
13308,0.06126494107819702
13309,0.03637532268518375
13310,0.02790753622320684
13311,0.10780082751501731
13312,0.09241538285980007
13313,0.1013931778423964
13314,0.10455365490510782
13315,0.030831530235430404
13316,0.0472874451224437
13317,0.11113633246221037
13318,0.06532098566628583
13319,0.02442486287796552
13320,0.1411897434506853
13321,0.08415807244319695
13322,0.029825320005255892
13323,0.031870571610423684
13324,0.14538999654972165
13325,0.09241538285980007
13326,0.037593946162112056
13327,0.07657630222726251
13328,0.02885097064418959
13329,0.08415807244319695
13330,0.1370913686325979
13331,0.04576954626093176
13332,0.0472874451224437
13333,0.031870571610423684
13334,0.06532098566628583
13335,0.06326265912384453
13336,0.06532098566628583
13337,0.02136725069186659
13338,0.059326311972524026
13339,0.050467859648565414
13340,0.01806788128844435
13341,0.09532570362584843
13342,0.06326265912384453
13343,0.1411897434506853
13344,0.10455365490510782
13345,0.10455365490510782
13346,0.035194756820265335
13347,0.03637532268518375
13348,0.04287184471684473
13349,0.0340511524412236
13350,0.1411897434506853
13351,0.03637532268518375
13352,0.11807880307813506
13353,0.02885097064418959
13354,0.08415807244319695
13355,0.04576954626093176
13356,0.059326311972524026
13357,0.14538999654972165
13358,0.0895851163769912
13359,0.07657630222726251
13360,0.04576954626093176
13361,0.10780082751501731
13362,0.029825320005255892
13363,0.050467859648565414
13364,0.04287184471684473
13365,0.07187511267178946
13366,0.1253937758578759
13367,0.059326311972524026
13368,0.03294343905785485
13369,0.04576954626093176
13370,0.12919480614845036
13371,0.0472874451224437
13372,0.026994094835726477
13373,0.10780082751501731
13374,0.037593946162112056
13375,0.0340511524412236
13376,0.030831530235430404
13377,0.07903125771029479
13378,0.08683323524129412
13379,0.06532098566628583
13380,0.03637532268518375
13381,0.07903125771029479
13382,0.09831774697482025
13383,0.050467859648565414
13384,0.06126494107819702
13385,0.030831530235430404
13386,0.05562035029109824
13387,0.06326265912384453
13388,0.06326265912384453
13389,0.04287184471684473
13390,0.050467859648565414
13391,0.02885097064418959
13392,0.05562035029109824
13393,0.037593946162112056
13394,0.06126494107819702
13395,0.15410125929925808
13396,0.06326265912384453
13397,0.031870571610423684
13398,0.04014987964502801
13399,0.10455365490510782
13400,0.05562035029109824
13401,0.08155796530189055
13402,0.04014987964502801
13403,0.050467859648565414
13404,0.04148951147230672
13405,0.04885310630405945
13406,0.06126494107819702
13407,0.09831774697482025
13408,0.08155796530189055
13409,0.08415807244319695
13410,0.10780082751501731
13411,0.04014987964502801
13412,0.031870571610423684
13413,0.0521330604156563
13414,0.04576954626093176
13415,0.03637532268518375
13416,0.11456179056371053
13417,0.06532098566628583
13418,0.09241538285980007
13419,0.03637532268518375
13420,0.09532570362584843
13421,0.020663328957880672
13422,0.1253937758578759
13423,0.022094611379221522
13424,0.059326311972524026
13425,0.09831774697482025
13426,0.09831774697482025
13427,0.07419146202147729
13428,0.031870571610423684
13429,0.05562035029109824
13430,0.07187511267178946
13431,0.044298105555134894
13432,0.05385008895239068
13433,0.05385008895239068
13434,0.04014987964502801
13435,0.037593946162112056
13436,0.1370913686325979
13437,0.11807880307813506
13438,0.035194756820265335
13439,0.07419146202147729
13440,0.02885097064418959
13441,0.0472874451224437
13442,0.05385008895239068
13443,0.0521330604156563
13444,0.0521330604156563
13445,0.05562035029109824
13446,0.09241538285980007
13447,0.1370913686325979
13448,0.059326311972524026
13449,0.050467859648565414
13450,0.059326311972524026
13451,0.044298105555134894
13452,0.1253937758578759
13453,0.03294343905785485
13454,0.0895851163769912
13455,0.06126494107819702
13456,0.022094611379221522
13457,0.08415807244319695
13458,0.04287184471684473
13459,0.02284615406529167
13460,0.15410125929925808
13461,0.06962564382891834
13462,0.01868507284109021
13463,0.03637532268518375
13464,0.06326265912384453
13465,0.03885174918700678
13466,0.04287184471684473
13467,0.08683323524129412
13468,0.06326265912384453
13469,0.09532570362584843
13470,0.03885174918700678
13471,0.1253937758578759
13472,0.11807880307813506
13473,0.09241538285980007
13474,0.04885310630405945
13475,0.029825320005255892
13476,0.05385008895239068
13477,0.06326265912384453
13478,0.04885310630405945
13479,0.026109748256448687
13480,0.0472874451224437
13481,0.06326265912384453
13482,0.04148951147230672
13483,0.04014987964502801
13484,0.1013931778423964
13485,0.07187511267178946
13486,0.02136725069186659
13487,0.06744146074358998
13488,0.07657630222726251
13489,0.09532570362584843
13490,0.04014987964502801
13491,0.06326265912384453
13492,0.07657630222726251
13493,0.030831530235430404
13494,0.02525362158524688
13495,0.11456179056371053
13496,0.04148951147230672
13497,0.03294343905785485
13498,0.0895851163769912
13499,0.0521330604156563
13500,0.07903125771029479
13501,0.06962564382891834
13502,0.0521330604156563
13503,0.08415807244319695
13504,0.10455365490510782
13505,0.09241538285980007
13506,0.019322932527049887
13507,0.04014987964502801
13508,0.11113633246221037
13509,0.03637532268518375
13510,0.04885310630405945
13511,0.059326311972524026
13512,0.044298105555134894
13513,0.08415807244319695
13514,0.035194756820265335
13515,0.04576954626093176
13516,0.12919480614845036
13517,0.10780082751501731
13518,0.04885310630405945
13519,0.02790753622320684
13520,0.11113633246221037
13521,0.07419146202147729
13522,0.06126494107819702
13523,0.03885174918700678
13524,0.08415807244319695
13525,0.07187511267178946
13526,0.06532098566628583
13527,0.04885310630405945
13528,0.037593946162112056
13529,0.07187511267178946
13530,0.01998212368725082
13531,0.035194756820265335
13532,0.06532098566628583
13533,0.1253937758578759
13534,0.030831530235430404
13535,0.07657630222726251
13536,0.0472874451224437
13537,0.026994094835726477
13538,0.02885097064418959
13539,0.11456179056371053
13540,0.03885174918700678
13541,0.02790753622320684
13542,0.044298105555134894
13543,0.0340511524412236
13544,0.06126494107819702
13545,0.1013931778423964
13546,0.07419146202147729
13547,0.04885310630405945
13548,0.06744146074358998
13549,0.0472874451224437
13550,0.05562035029109824
13551,0.08415807244319695
13552,0.09532570362584843
13553,0.04287184471684473
13554,0.07187511267178946
13555,0.05385008895239068
13556,0.02442486287796552
13557,0.06532098566628583
13558,0.06962564382891834
13559,0.06744146074358998
13560,0.05562035029109824
13561,0.07657630222726251
13562,0.05385008895239068
13563,0.12919480614845036
13564,0.06326265912384453
13565,0.022094611379221522
13566,0.10455365490510782
13567,0.05744527367010645
13568,0.08415807244319695
13569,0.04287184471684473
13570,0.03637532268518375
13571,0.06126494107819702
13572,0.035194756820265335
13573,0.03294343905785485
13574,0.08683323524129412
13575,0.11113633246221037
13576,0.07187511267178946
13577,0.0472874451224437
13578,0.04148951147230672
13579,0.07657630222726251
13580,0.06326265912384453
13581,0.06532098566628583
13582,0.08415807244319695
13583,0.050467859648565414
13584,0.06532098566628583
13585,0.0895851163769912
13586,0.09831774697482025
13587,0.02284615406529167
13588,0.0472874451224437
13589,0.1013931778423964
13590,0.0472874451224437
13591,0.05385008895239068
13592,0.02885097064418959
13593,0.044298105555134894
13594,0.0521330604156563
13595,0.07419146202147729
13596,0.022094611379221522
13597,0.14538999654972165
13598,0.06744146074358998
13599,0.03885174918700678
13600,0.06126494107819702
13601,0.06326265912384453
13602,0.08155796530189055
13603,0.0895851163769912
13604,0.03637532268518375
13605,0.08683323524129412
13606,0.037593946162112056
13607,0.13309352252567752
13608,0.09532570362584843
13609,0.059326311972524026
13610,0.09532570362584843
13611,0.10455365490510782
13612,0.06126494107819702
13613,0.023622642765858633
13614,0.06326265912384453
13615,0.13309352252567752
13616,0.06326265912384453
13617,0.08155796530189055
13618,0.04014987964502801
13619,0.02790753622320684
13620,0.13309352252567752
13621,0.06962564382891834
13622,0.06326265912384453
13623,0.022094611379221522
13624,0.03294343905785485
13625,0.1013931778423964
13626,0.05385008895239068
13627,0.08415807244319695
13628,0.03885174918700678
13629,0.06126494107819702
13630,0.04576954626093176
13631,0.050467859648565414
13632,0.07419146202147729
13633,0.022094611379221522
13634,0.05562035029109824
13635,0.037593946162112056
13636,0.06126494107819702
13637,0.09831774697482025
13638,0.07187511267178946
13639,0.11807880307813506
13640,0.09532570362584843
13641,0.030831530235430404
13642,0.08155796530189055
13643,0.05385008895239068
13644,0.08683323524129412
13645,0.10780082751501731
13646,0.0895851163769912
13647,0.06326265912384453
13648,0.09831774697482025
13649,0.026994094835726477
13650,0.059326311972524026
13651,0.09831774697482025
13652,0.06962564382891834
13653,0.0895851163769912
13654,0.02885097064418959
13655,0.03885174918700678
13656,0.06744146074358998
13657,0.07187511267178946
13658,0.04287184471684473
13659,0.059326311972524026
13660,0.026109748256448687
13661,0.08415807244319695
13662,0.05562035029109824
13663,0.10780082751501731
13664,0.06532098566628583
13665,0.1370913686325979
13666,0.05385008895239068
13667,0.07419146202147729
13668,0.06126494107819702
13669,0.12168894794618093
13670,0.11807880307813506
13671,0.02525362158524688
13672,0.09532570362584843
13673,0.1013931778423964
13674,0.029825320005255892
13675,0.07187511267178946
13676,0.037593946162112056
13677,0.044298105555134894
13678,0.03885174918700678
13679,0.050467859648565414
13680,0.06532098566628583
13681,0.1370913686325979
13682,0.037593946162112056
13683,0.03885174918700678
13684,0.07903125771029479
13685,0.02885097064418959
13686,0.1013931778423964
13687,0.06326265912384453
13688,0.04287184471684473
13689,0.05744527367010645
13690,0.04576954626093176
13691,0.03885174918700678
13692,0.1013931778423964
13693,0.05744527367010645
13694,0.03637532268518375
13695,0.09241538285980007
13696,0.11113633246221037
13697,0.09532570362584843
13698,0.06962564382891834
13699,0.04576954626093176
13700,0.11807880307813506
13701,0.11113633246221037
13702,0.031870571610423684
13703,0.03294343905785485
13704,0.08155796530189055
13705,0.044298105555134894
13706,0.1013931778423964
13707,0.06962564382891834
13708,0.07419146202147729
13709,0.06126494107819702
13710,0.06744146074358998
13711,0.02525362158524688
13712,0.04014987964502801
13713,0.050467859648565414
13714,0.08155796530189055
13715,0.04576954626093176
13716,0.05744527367010645
13717,0.044298105555134894
13718,0.07419146202147729
13719,0.06126494107819702
13720,0.06126494107819702
13721,0.050467859648565414
13722,0.02885097064418959
13723,0.1411897434506853
13724,0.044298105555134894
13725,0.07657630222726251
13726,0.06532098566628583
13727,0.07903125771029479
13728,0.11113633246221037
13729,0.07187511267178946
13730,0.13309352252567752
13731,0.09532570362584843
13732,0.09241538285980007
13733,0.04287184471684473
13734,0.023622642765858633
13735,0.1253937758578759
13736,0.02885097064418959
13737,0.05562035029109824
13738,0.07187511267178946
13739,0.03294343905785485
13740,0.06532098566628583
13741,0.04576954626093176
13742,0.02885097064418959
13743,0.04576954626093176
13744,0.059326311972524026
13745,0.02885097064418959
13746,0.02442486287796552
13747,0.030831530235430404
13748,0.0472874451224437
13749,0.05385008895239068
13750,0.07903125771029479
13751,0.0472874451224437
13752,0.06744146074358998
13753,0.037593946162112056
13754,0.06744146074358998
13755,0.02790753622320684
13756,0.03885174918700678
13757,0.06532098566628583
13758,0.1253937758578759
13759,0.059326311972524026
13760,0.04148951147230672
13761,0.10780082751501731
13762,0.022094611379221522
13763,0.02442486287796552
13764,0.0521330604156563
13765,0.04148951147230672
13766,0.05562035029109824
13767,0.0895851163769912
13768,0.11113633246221037
13769,0.059326311972524026
13770,0.0472874451224437
13771,0.03637532268518375
13772,0.01579318133211142
13773,0.06744146074358998
13774,0.019322932527049887
13775,0.04576954626093176
13776,0.07419146202147729
13777,0.06326265912384453
13778,0.05562035029109824
13779,0.037593946162112056
13780,0.03885174918700678
13781,0.1370913686325979
13782,0.08415807244319695
13783,0.06744146074358998
13784,0.07903125771029479
13785,0.050467859648565414
13786,0.06962564382891834
13787,0.06326265912384453
13788,0.01868507284109021
13789,0.06532098566628583
13790,0.029825320005255892
13791,0.0472874451224437
13792,0.07419146202147729
13793,0.1411897434506853
13794,0.06126494107819702
13795,0.1013931778423964
13796,0.11807880307813506
13797,0.035194756820265335
13798,0.13309352252567752
13799,0.12168894794618093
13800,0.029825320005255892
13801,0.06532098566628583
13802,0.023622642765858633
13803,0.09831774697482025
13804,0.04148951147230672
13805,0.09831774697482025
13806,0.15410125929925808
13807,0.0895851163769912
13808,0.0472874451224437
13809,0.10780082751501731
13810,0.03637532268518375
13811,0.05385008895239068
13812,0.04287184471684473
13813,0.07903125771029479
13814,0.06744146074358998
13815,0.11113633246221037
13816,0.06326265912384453
13817,0.020663328957880672
13818,0.07419146202147729
13819,0.059326311972524026
13820,0.03294343905785485
13821,0.03294343905785485
13822,0.06326265912384453
13823,0.0472874451224437
13824,0.026994094835726477
13825,0.09831774697482025
13826,0.12168894794618093
13827,0.06126494107819702
13828,0.06532098566628583
13829,0.13309352252567752
13830,0.05385008895239068
13831,0.06126494107819702
13832,0.11113633246221037
13833,0.04148951147230672
13834,0.06326265912384453
13835,0.09241538285980007
13836,0.04576954626093176
13837,0.07657630222726251
13838,0.14538999654972165
13839,0.10455365490510782
13840,0.037593946162112056
13841,0.03637532268518375
13842,0.02885097064418959
13843,0.06326265912384453
13844,0.02442486287796552
13845,0.0895851163769912
13846,0.01806788128844435
13847,0.09241538285980007
13848,0.06744146074358998
13849,0.06126494107819702
13850,0.031870571610423684
13851,0.08155796530189055
13852,0.14969342319192988
13853,0.035194756820265335
13854,0.02885097064418959
13855,0.04576954626093176
13856,0.031870571610423684
13857,0.05562035029109824
13858,0.04287184471684473
13859,0.06126494107819702
13860,0.02885097064418959
13861,0.059326311972524026
13862,0.06126494107819702
13863,0.02790753622320684
13864,0.07187511267178946
13865,0.09532570362584843
13866,0.06326265912384453
13867,0.06126494107819702
13868,0.0472874451224437
13869,0.0895851163769912
13870,0.11807880307813506
13871,0.07187511267178946
13872,0.10455365490510782
13873,0.02790753622320684
13874,0.07657630222726251
13875,0.044298105555134894
13876,0.04885310630405945
13877,0.05562035029109824
13878,0.02525362158524688
13879,0.1013931778423964
13880,0.07903125771029479
13881,0.06744146074358998
13882,0.050467859648565414
13883,0.059326311972524026
13884,0.06126494107819702
13885,0.04576954626093176
13886,0.07419146202147729
13887,0.035194756820265335
13888,0.044298105555134894
13889,0.05562035029109824
13890,0.02442486287796552
13891,0.02525362158524688
13892,0.050467859648565414
13893,0.04014987964502801
13894,0.01868507284109021
13895,0.07187511267178946
13896,0.10455365490510782
13897,0.026994094835726477
13898,0.1370913686325979
13899,0.050467859648565414
13900,0.059326311972524026
13901,0.05562035029109824
13902,0.04576954626093176
13903,0.04014987964502801
13904,0.12168894794618093
13905,0.02885097064418959
13906,0.08683323524129412
13907,0.13309352252567752
13908,0.0472874451224437
13909,0.07419146202147729
13910,0.030831530235430404
13911,0.050467859648565414
13912,0.06962564382891834
13913,0.030831530235430404
13914,0.050467859648565414
13915,0.07903125771029479
13916,0.08683323524129412
13917,0.09241538285980007
13918,0.05385008895239068
13919,0.05562035029109824
13920,0.026994094835726477
13921,0.037593946162112056
13922,0.12168894794618093
13923,0.03294343905785485
13924,0.029825320005255892
13925,0.050467859648565414
13926,0.059326311972524026
13927,0.04148951147230672
13928,0.02885097064418959
13929,0.050467859648565414
13930,0.0472874451224437
13931,0.07903125771029479
13932,0.03885174918700678
13933,0.11456179056371053
13934,0.07657630222726251
13935,0.050467859648565414
13936,0.11113633246221037
13937,0.11113633246221037
13938,0.08683323524129412
13939,0.026994094835726477
13940,0.04576954626093176
13941,0.08683323524129412
13942,0.03637532268518375
13943,0.04148951147230672
13944,0.10780082751501731
13945,0.044298105555134894
13946,0.06962564382891834
13947,0.03885174918700678
13948,0.11807880307813506
13949,0.07657630222726251
13950,0.05562035029109824
13951,0.06326265912384453
13952,0.04885310630405945
13953,0.029825320005255892
13954,0.037593946162112056
13955,0.09532570362584843
13956,0.02790753622320684
13957,0.11807880307813506
13958,0.06532098566628583
13959,0.04148951147230672
13960,0.0895851163769912
13961,0.06126494107819702
13962,0.06962564382891834
13963,0.050467859648565414
13964,0.15410125929925808
13965,0.07903125771029479
13966,0.04148951147230672
13967,0.04287184471684473
13968,0.09241538285980007
13969,0.01998212368725082
13970,0.0472874451224437
13971,0.08155796530189055
13972,0.12919480614845036
13973,0.06744146074358998
13974,0.05385008895239068
13975,0.0521330604156563
13976,0.09532570362584843
13977,0.08155796530189055
13978,0.11807880307813506
13979,0.11807880307813506
13980,0.14969342319192988
13981,0.02442486287796552
13982,0.11807880307813506
13983,0.08155796530189055
13984,0.10455365490510782
13985,0.06326265912384453
13986,0.059326311972524026
13987,0.08155796530189055
13988,0.05562035029109824
13989,0.0895851163769912
13990,0.0521330604156563
13991,0.037593946162112056
13992,0.0521330604156563
13993,0.0895851163769912
13994,0.059326311972524026
13995,0.044298105555134894
13996,0.026109748256448687
13997,0.059326311972524026
13998,0.05744527367010645
13999,0.15861467629411466
14000,0.031870571610423684
14001,0.10780082751501731
14002,0.031870571610423684
14003,0.10780082751501731
14004,0.05562035029109824
14005,0.02284615406529167
14006,0.14538999654972165
14007,0.04014987964502801
14008,0.11113633246221037
14009,0.09831774697482025
14010,0.02790753622320684
14011,0.0895851163769912
14012,0.0340511524412236
14013,0.07903125771029479
14014,0.06326265912384453
14015,0.04014987964502801
14016,0.050467859648565414
14017,0.09241538285980007
14018,0.09831774697482025
14019,0.08155796530189055
14020,0.04148951147230672
14021,0.0895851163769912
14022,0.05744527367010645
14023,0.09831774697482025
14024,0.08415807244319695
14025,0.029825320005255892
14026,0.08415807244319695
14027,0.06126494107819702
14028,0.05385008895239068
14029,0.06532098566628583
14030,0.11807880307813506
14031,0.0472874451224437
14032,0.02885097064418959
14033,0.03294343905785485
14034,0.10455365490510782
14035,0.0521330604156563
14036,0.10455365490510782
14037,0.031870571610423684
14038,0.06532098566628583
14039,0.0521330604156563
14040,0.1013931778423964
14041,0.08415807244319695
14042,0.059326311972524026
14043,0.04576954626093176
14044,0.02885097064418959
14045,0.04148951147230672
14046,0.11456179056371053
14047,0.08155796530189055
14048,0.04148951147230672
14049,0.12168894794618093
14050,0.050467859648565414
14051,0.11807880307813506
14052,0.044298105555134894
14053,0.1411897434506853
14054,0.08155796530189055
14055,0.06532098566628583
14056,0.01868507284109021
14057,0.09532570362584843
14058,0.050467859648565414
14059,0.02136725069186659
14060,0.07419146202147729
14061,0.08683323524129412
14062,0.1370913686325979
14063,0.08155796530189055
14064,0.06126494107819702
14065,0.09241538285980007
14066,0.05562035029109824
14067,0.03885174918700678
14068,0.0472874451224437
14069,0.04148951147230672
14070,0.11807880307813506
14071,0.017470713401722432
14072,0.11456179056371053
14073,0.07187511267178946
14074,0.1253937758578759
14075,0.05744527367010645
14076,0.08683323524129412
14077,0.04287184471684473
14078,0.044298105555134894
14079,0.06532098566628583
14080,0.11113633246221037
14081,0.031870571610423684
14082,0.04576954626093176
14083,0.0521330604156563
14084,0.1013931778423964
14085,0.1253937758578759
14086,0.09831774697482025
14087,0.03294343905785485
14088,0.0472874451224437
14089,0.09831774697482025
14090,0.12168894794618093
14091,0.035194756820265335
14092,0.07903125771029479
14093,0.12919480614845036
14094,0.04148951147230672
14095,0.08415807244319695
14096,0.1013931778423964
14097,0.07903125771029479
14098,0.14538999654972165
14099,0.0521330604156563
14100,0.06326265912384453
14101,0.06326265912384453
14102,0.04287184471684473
14103,0.031870571610423684
14104,0.044298105555134894
14105,0.08155796530189055
14106,0.14969342319192988
14107,0.12919480614845036
14108,0.09831774697482025
14109,0.04885310630405945
14110,0.037593946162112056
14111,0.12919480614845036
14112,0.05385008895239068
14113,0.035194756820265335
14114,0.12919480614845036
14115,0.07187511267178946
14116,0.044298105555134894
14117,0.06326265912384453
14118,0.0521330604156563
14119,0.1013931778423964
14120,0.06744146074358998
14121,0.05562035029109824
14122,0.14538999654972165
14123,0.06962564382891834
14124,0.05562035029109824
14125,0.1013931778423964
14126,0.1370913686325979
14127,0.13309352252567752
14128,0.04148951147230672
14129,0.04576954626093176
14130,0.05744527367010645
14131,0.044298105555134894
14132,0.02885097064418959
14133,0.059326311972524026
14134,0.0340511524412236
14135,0.07187511267178946
14136,0.06326265912384453
14137,0.10780082751501731
14138,0.029825320005255892
14139,0.07657630222726251
14140,0.044298105555134894
14141,0.04287184471684473
14142,0.050467859648565414
14143,0.08683323524129412
14144,0.05562035029109824
14145,0.08415807244319695
14146,0.06962564382891834
14147,0.11456179056371053
14148,0.11807880307813506
14149,0.06962564382891834
14150,0.06532098566628583
14151,0.05744527367010645
14152,0.04287184471684473
14153,0.07657630222726251
14154,0.026994094835726477
14155,0.06532098566628583
14156,0.06126494107819702
14157,0.06126494107819702
14158,0.06744146074358998
14159,0.05385008895239068
14160,0.05385008895239068
14161,0.07419146202147729
14162,0.07657630222726251
14163,0.04014987964502801
14164,0.06962564382891834
14165,0.0472874451224437
14166,0.037593946162112056
14167,0.14969342319192988
14168,0.06326265912384453
14169,0.059326311972524026
14170,0.10780082751501731
14171,0.08155796530189055
14172,0.04148951147230672
14173,0.09532570362584843
14174,0.08415807244319695
14175,0.10455365490510782
14176,0.05562035029109824
14177,0.1013931778423964
14178,0.10455365490510782
14179,0.12168894794618093
14180,0.08683323524129412
14181,0.07419146202147729
14182,0.06326265912384453
14183,0.11113633246221037
14184,0.0340511524412236
14185,0.08683323524129412
14186,0.1370913686325979
14187,0.05744527367010645
14188,0.07187511267178946
14189,0.06126494107819702
14190,0.03637532268518375
14191,0.07187511267178946
14192,0.029825320005255892
14193,0.044298105555134894
14194,0.08683323524129412
14195,0.06532098566628583
14196,0.04014987964502801
14197,0.1370913686325979
14198,0.044298105555134894
14199,0.04885310630405945
14200,0.0340511524412236
14201,0.04287184471684473
14202,0.03637532268518375
14203,0.06962564382891834
14204,0.0472874451224437
14205,0.07187511267178946
14206,0.044298105555134894
14207,0.09241538285980007
14208,0.059326311972524026
14209,0.05562035029109824
14210,0.0895851163769912
14211,0.08155796530189055
14212,0.03637532268518375
14213,0.06532098566628583
14214,0.04885310630405945
14215,0.02442486287796552
14216,0.07187511267178946
14217,0.0472874451224437
14218,0.0472874451224437
14219,0.10780082751501731
14220,0.15410125929925808
14221,0.11456179056371053
14222,0.04148951147230672
14223,0.044298105555134894
14224,0.11807880307813506
14225,0.035194756820265335
14226,0.09241538285980007
14227,0.0895851163769912
14228,0.08155796530189055
14229,0.06744146074358998
14230,0.05385008895239068
14231,0.03294343905785485
14232,0.05744527367010645
14233,0.06744146074358998
14234,0.06532098566628583
14235,0.05385008895239068
14236,0.04576954626093176
14237,0.11807880307813506
14238,0.06962564382891834
14239,0.1253937758578759
14240,0.09831774697482025
14241,0.06532098566628583
14242,0.029825320005255892
14243,0.04287184471684473
14244,0.026109748256448687
14245,0.035194756820265335
14246,0.12919480614845036
14247,0.050467859648565414
14248,0.037593946162112056
14249,0.031870571610423684
14250,0.04576954626093176
14251,0.06744146074358998
14252,0.03885174918700678
14253,0.10780082751501731
14254,0.07657630222726251
14255,0.031870571610423684
14256,0.10780082751501731
14257,0.10780082751501731
14258,0.09532570362584843
14259,0.031870571610423684
14260,0.11113633246221037
14261,0.031870571610423684
14262,0.1013931778423964
14263,0.08155796530189055
14264,0.07657630222726251
14265,0.059326311972524026
14266,0.06532098566628583
14267,0.03294343905785485
14268,0.0521330604156563
14269,0.0340511524412236
14270,0.08683323524129412
14271,0.031870571610423684
14272,0.031870571610423684
14273,0.04885310630405945
14274,0.08155796530189055
14275,0.05385008895239068
14276,0.08155796530189055
14277,0.07187511267178946
14278,0.08155796530189055
14279,0.06744146074358998
14280,0.07419146202147729
14281,0.08683323524129412
14282,0.05744527367010645
14283,0.09831774697482025
14284,0.06962564382891834
14285,0.06962564382891834
14286,0.04287184471684473
14287,0.037593946162112056
14288,0.050467859648565414
14289,0.07187511267178946
14290,0.11456179056371053
14291,0.059326311972524026
14292,0.029825320005255892
14293,0.1013931778423964
14294,0.09241538285980007
14295,0.07903125771029479
14296,0.05385008895239068
14297,0.03637532268518375
14298,0.050467859648565414
14299,0.02790753622320684
14300,0.06744146074358998
14301,0.02442486287796552
14302,0.05385008895239068
14303,0.09241538285980007
14304,0.08683323524129412
14305,0.050467859648565414
14306,0.04014987964502801
14307,0.04885310630405945
14308,0.037593946162112056
14309,0.07187511267178946
14310,0.02525362158524688
14311,0.03637532268518375
14312,0.1411897434506853
14313,0.06126494107819702
14314,0.07657630222726251
14315,0.0521330604156563
14316,0.07187511267178946
14317,0.04148951147230672
14318,0.05385008895239068
14319,0.09831774697482025
14320,0.04014987964502801
14321,0.02525362158524688
14322,0.07657630222726251
14323,0.06326265912384453
14324,0.08683323524129412
14325,0.07903125771029479
14326,0.03885174918700678
14327,0.11456179056371053
14328,0.07419146202147729
14329,0.09831774697482025
14330,0.12919480614845036
14331,0.05562035029109824
14332,0.035194756820265335
14333,0.11807880307813506
14334,0.05744527367010645
14335,0.05385008895239068
14336,0.06532098566628583
14337,0.12168894794618093
14338,0.12168894794618093
14339,0.07903125771029479
14340,0.14538999654972165
14341,0.05385008895239068
14342,0.044298105555134894
14343,0.08415807244319695
14344,0.05744527367010645
14345,0.029825320005255892
14346,0.09532570362584843
14347,0.06744146074358998
14348,0.07657630222726251
14349,0.08155796530189055
14350,0.08683323524129412
14351,0.0895851163769912
14352,0.07657630222726251
14353,0.04014987964502801
14354,0.0895851163769912
14355,0.030831530235430404
14356,0.05385008895239068
14357,0.022094611379221522
14358,0.030831530235430404
14359,0.06326265912384453
14360,0.09241538285980007
14361,0.05385008895239068
14362,0.11807880307813506
14363,0.05562035029109824
14364,0.03637532268518375
14365,0.07419146202147729
14366,0.06744146074358998
14367,0.06532098566628583
14368,0.10780082751501731
14369,0.050467859648565414
14370,0.05562035029109824
14371,0.06532098566628583
14372,0.02885097064418959
14373,0.07187511267178946
14374,0.06326265912384453
14375,0.035194756820265335
14376,0.12919480614845036
14377,0.09532570362584843
14378,0.09241538285980007
14379,0.05385008895239068
14380,0.02284615406529167
14381,0.11456179056371053
14382,0.07657630222726251
14383,0.04885310630405945
14384,0.0472874451224437
14385,0.13309352252567752
14386,0.04287184471684473
14387,0.07419146202147729
14388,0.06532098566628583
14389,0.07657630222726251
14390,0.044298105555134894
14391,0.08683323524129412
14392,0.0521330604156563
14393,0.059326311972524026
14394,0.05562035029109824
14395,0.07903125771029479
14396,0.07187511267178946
14397,0.09831774697482025
14398,0.04885310630405945
14399,0.06126494107819702
14400,0.037593946162112056
14401,0.0472874451224437
14402,0.07657630222726251
14403,0.1411897434506853
14404,0.08415807244319695
14405,0.059326311972524026
14406,0.03637532268518375
14407,0.03885174918700678
14408,0.050467859648565414
14409,0.07657630222726251
14410,0.04148951147230672
14411,0.06962564382891834
14412,0.11113633246221037
14413,0.044298105555134894
14414,0.08155796530189055
14415,0.03294343905785485
14416,0.0895851163769912
14417,0.06962564382891834
14418,0.0521330604156563
14419,0.06326265912384453
14420,0.06532098566628583
14421,0.13309352252567752
14422,0.12168894794618093
14423,0.029825320005255892
14424,0.0521330604156563
14425,0.14538999654972165
14426,0.0895851163769912
14427,0.044298105555134894
14428,0.050467859648565414
14429,0.026109748256448687
14430,0.07187511267178946
14431,0.08155796530189055
14432,0.10455365490510782
14433,0.01868507284109021
14434,0.09241538285980007
14435,0.07903125771029479
14436,0.04576954626093176
14437,0.02885097064418959
14438,0.06744146074358998
14439,0.07657630222726251
14440,0.035194756820265335
14441,0.06326265912384453
14442,0.08415807244319695
14443,0.06126494107819702
14444,0.0895851163769912
14445,0.06326265912384453
14446,0.03885174918700678
14447,0.02885097064418959
14448,0.050467859648565414
14449,0.05562035029109824
14450,0.09831774697482025
14451,0.12919480614845036
14452,0.14538999654972165
14453,0.09532570362584843
14454,0.035194756820265335
14455,0.12919480614845036
14456,0.0472874451224437
14457,0.1013931778423964
14458,0.07187511267178946
14459,0.09831774697482025
14460,0.08155796530189055
14461,0.044298105555134894
14462,0.044298105555134894
14463,0.0521330604156563
14464,0.07419146202147729
14465,0.11456179056371053
14466,0.06326265912384453
14467,0.12168894794618093
14468,0.0895851163769912
14469,0.09831774697482025
14470,0.09532570362584843
14471,0.06532098566628583
14472,0.05385008895239068
14473,0.02525362158524688
14474,0.037593946162112056
14475,0.05744527367010645
14476,0.07419146202147729
14477,0.05744527367010645
14478,0.03637532268518375
14479,0.04885310630405945
14480,0.11456179056371053
14481,0.11456179056371053
14482,0.15410125929925808
14483,0.037593946162112056
14484,0.04014987964502801
14485,0.08415807244319695
14486,0.05385008895239068
14487,0.07187511267178946
14488,0.0895851163769912
14489,0.07903125771029479
14490,0.0895851163769912
14491,0.0895851163769912
14492,0.09831774697482025
14493,0.0340511524412236
14494,0.12168894794618093
14495,0.09532570362584843
14496,0.08415807244319695
14497,0.04885310630405945
14498,0.044298105555134894
14499,0.10455365490510782
14500,0.06744146074358998
14501,0.0521330604156563
14502,0.1253937758578759
14503,0.09831774697482025
14504,0.04287184471684473
14505,0.023622642765858633
14506,0.06744146074358998
14507,0.05744527367010645
14508,0.050467859648565414
14509,0.1370913686325979
14510,0.029825320005255892
14511,0.02442486287796552
14512,0.05385008895239068
14513,0.08415807244319695
14514,0.09831774697482025
14515,0.050467859648565414
14516,0.04885310630405945
14517,0.05385008895239068
14518,0.07657630222726251
14519,0.04148951147230672
14520,0.1013931778423964
14521,0.06744146074358998
14522,0.04885310630405945
14523,0.04014987964502801
14524,0.04148951147230672
14525,0.04148951147230672
14526,0.05385008895239068
14527,0.07187511267178946
14528,0.0472874451224437
14529,0.07903125771029479
14530,0.07903125771029479
14531,0.0340511524412236
14532,0.04014987964502801
14533,0.04287184471684473
14534,0.037593946162112056
14535,0.12168894794618093
14536,0.050467859648565414
14537,0.04576954626093176
14538,0.09241538285980007
14539,0.04287184471684473
14540,0.05744527367010645
14541,0.06744146074358998
14542,0.06326265912384453
14543,0.06126494107819702
14544,0.06532098566628583
14545,0.06326265912384453
14546,0.01633396259861487
14547,0.044298105555134894
14548,0.07187511267178946
14549,0.06532098566628583
14550,0.02885097064418959
14551,0.03637532268518375
14552,0.06744146074358998
14553,0.0472874451224437
14554,0.0895851163769912
14555,0.04148951147230672
14556,0.050467859648565414
14557,0.07657630222726251
14558,0.06126494107819702
14559,0.03885174918700678
14560,0.0340511524412236
14561,0.03294343905785485
14562,0.04014987964502801
14563,0.12919480614845036
14564,0.0340511524412236
14565,0.06744146074358998
14566,0.050467859648565414
14567,0.05744527367010645
14568,0.044298105555134894
14569,0.04576954626093176
14570,0.04287184471684473
14571,0.07419146202147729
14572,0.1013931778423964
14573,0.09532570362584843
14574,0.04885310630405945
14575,0.04014987964502801
14576,0.09831774697482025
14577,0.11807880307813506
14578,0.0895851163769912
14579,0.059326311972524026
14580,0.07187511267178946
14581,0.09532570362584843
14582,0.02136725069186659
14583,0.04576954626093176
14584,0.06962564382891834
14585,0.026109748256448687
14586,0.029825320005255892
14587,0.08155796530189055
14588,0.059326311972524026
14589,0.06962564382891834
14590,0.11456179056371053
14591,0.030831530235430404
14592,0.06744146074358998
14593,0.11113633246221037
14594,0.030831530235430404
14595,0.04287184471684473
14596,0.0472874451224437
14597,0.06326265912384453
14598,0.09831774697482025
14599,0.04885310630405945
14600,0.05562035029109824
14601,0.04014987964502801
14602,0.04885310630405945
14603,0.09241538285980007
14604,0.04576954626093176
14605,0.10455365490510782
14606,0.09831774697482025
14607,0.07187511267178946
14608,0.10455365490510782
14609,0.04885310630405945
14610,0.0521330604156563
14611,0.03637532268518375
14612,0.09831774697482025
14613,0.08683323524129412
14614,0.13309352252567752
14615,0.026109748256448687
14616,0.10780082751501731
14617,0.11113633246221037
14618,0.06744146074358998
14619,0.10780082751501731
14620,0.0521330604156563
14621,0.06126494107819702
14622,0.12919480614845036
14623,0.06326265912384453
14624,0.08683323524129412
14625,0.06744146074358998
14626,0.1253937758578759
14627,0.030831530235430404
14628,0.09241538285980007
14629,0.0895851163769912
14630,0.07657630222726251
14631,0.026109748256448687
14632,0.0521330604156563
14633,0.06962564382891834
14634,0.06532098566628583
14635,0.06532098566628583
14636,0.03294343905785485
14637,0.037593946162112056
14638,0.0521330604156563
14639,0.01868507284109021
14640,0.05385008895239068
14641,0.0472874451224437
14642,0.07419146202147729
14643,0.02442486287796552
14644,0.06532098566628583
14645,0.05385008895239068
14646,0.12919480614845036
14647,0.09831774697482025
14648,0.06326265912384453
14649,0.031870571610423684
14650,0.030831530235430404
14651,0.09532570362584843
14652,0.059326311972524026
14653,0.05562035029109824
14654,0.13309352252567752
14655,0.05562035029109824
14656,0.05744527367010645
14657,0.1370913686325979
14658,0.0895851163769912
14659,0.035194756820265335
14660,0.026109748256448687
14661,0.0472874451224437
14662,0.0472874451224437
14663,0.02442486287796552
14664,0.044298105555134894
14665,0.08155796530189055
14666,0.12919480614845036
14667,0.09241538285980007
14668,0.05385008895239068
14669,0.06744146074358998
14670,0.02885097064418959
14671,0.050467859648565414
14672,0.05562035029109824
14673,0.10780082751501731
14674,0.11807880307813506
14675,0.0521330604156563
14676,0.07187511267178946
14677,0.06744146074358998
14678,0.06962564382891834
14679,0.05385008895239068
14680,0.04287184471684473
14681,0.06532098566628583
14682,0.06962564382891834
14683,0.08683323524129412
14684,0.04014987964502801
14685,0.05744527367010645
14686,0.0895851163769912
14687,0.02885097064418959
14688,0.09831774697482025
14689,0.01633396259861487
14690,0.04885310630405945
14691,0.05744527367010645
14692,0.08415807244319695
14693,0.059326311972524026
14694,0.12168894794618093
14695,0.10780082751501731
14696,0.05385008895239068
14697,0.020663328957880672
14698,0.13309352252567752
14699,0.059326311972524026
14700,0.10455365490510782
14701,0.10780082751501731
14702,0.01806788128844435
14703,0.08155796530189055
14704,0.1013931778423964
14705,0.12168894794618093
14706,0.09241538285980007
14707,0.08155796530189055
14708,0.12168894794618093
14709,0.04576954626093176
14710,0.1411897434506853
14711,0.11807880307813506
14712,0.044298105555134894
14713,0.07187511267178946
14714,0.06326265912384453
14715,0.04576954626093176
14716,0.11456179056371053
14717,0.07187511267178946
14718,0.02790753622320684
14719,0.03885174918700678
14720,0.026994094835726477
14721,0.09532570362584843
14722,0.02790753622320684
14723,0.06126494107819702
14724,0.04576954626093176
14725,0.07903125771029479
14726,0.12168894794618093
14727,0.05385008895239068
14728,0.09831774697482025
14729,0.03885174918700678
14730,0.04148951147230672
14731,0.06962564382891834
14732,0.06744146074358998
14733,0.06532098566628583
14734,0.04576954626093176
14735,0.1370913686325979
14736,0.029825320005255892
14737,0.029825320005255892
14738,0.0895851163769912
14739,0.06962564382891834
14740,0.04287184471684473
14741,0.06744146074358998
14742,0.09831774697482025
14743,0.09831774697482025
14744,0.09241538285980007
14745,0.0895851163769912
14746,0.10455365490510782
14747,0.09831774697482025
14748,0.04885310630405945
14749,0.09241538285980007
14750,0.05744527367010645
14751,0.04576954626093176
14752,0.06126494107819702
14753,0.11456179056371053
14754,0.08155796530189055
14755,0.044298105555134894
14756,0.059326311972524026
14757,0.11456179056371053
14758,0.04287184471684473
14759,0.03294343905785485
14760,0.020663328957880672
14761,0.03294343905785485
14762,0.07187511267178946
14763,0.11807880307813506
14764,0.10455365490510782
14765,0.03885174918700678
14766,0.06532098566628583
14767,0.1013931778423964
14768,0.02525362158524688
14769,0.0340511524412236
14770,0.08683323524129412
14771,0.04287184471684473
14772,0.04287184471684473
14773,0.031870571610423684
14774,0.08683323524129412
14775,0.09241538285980007
14776,0.04014987964502801
14777,0.06126494107819702
14778,0.09532570362584843
14779,0.02790753622320684
14780,0.07419146202147729
14781,0.0472874451224437
14782,0.14538999654972165
14783,0.05562035029109824
14784,0.1253937758578759
14785,0.01806788128844435
14786,0.07419146202147729
14787,0.03637532268518375
14788,0.05744527367010645
14789,0.0340511524412236
14790,0.08683323524129412
14791,0.03885174918700678
14792,0.11807880307813506
14793,0.0472874451224437
14794,0.06744146074358998
14795,0.04576954626093176
14796,0.0895851163769912
14797,0.0521330604156563
14798,0.044298105555134894
14799,0.044298105555134894
14800,0.08683323524129412
14801,0.1013931778423964
14802,0.07657630222726251
14803,0.06532098566628583
14804,0.04148951147230672
14805,0.06744146074358998
14806,0.050467859648565414
14807,0.0521330604156563
14808,0.07903125771029479
14809,0.0521330604156563
14810,0.050467859648565414
14811,0.04885310630405945
14812,0.03885174918700678
14813,0.07187511267178946
14814,0.05562035029109824
14815,0.016892943165924136
14816,0.0472874451224437
14817,0.037593946162112056
14818,0.030831530235430404
14819,0.10455365490510782
14820,0.12919480614845036
14821,0.09831774697482025
14822,0.03637532268518375
14823,0.05562035029109824
14824,0.06744146074358998
14825,0.04148951147230672
14826,0.05385008895239068
14827,0.1411897434506853
14828,0.05385008895239068
14829,0.050467859648565414
14830,0.04148951147230672
14831,0.09241538285980007
14832,0.03637532268518375
14833,0.1013931778423964
14834,0.07187511267178946
14835,0.0521330604156563
14836,0.10455365490510782
14837,0.05385008895239068
14838,0.04148951147230672
14839,0.0895851163769912
14840,0.1370913686325979
14841,0.10455365490510782
14842,0.029825320005255892
14843,0.04576954626093176
14844,0.037593946162112056
14845,0.04576954626093176
14846,0.04576954626093176
14847,0.026994094835726477
14848,0.04576954626093176
14849,0.05744527367010645
14850,0.12919480614845036
14851,0.04576954626093176
14852,0.019322932527049887
14853,0.0472874451224437
14854,0.08683323524129412
14855,0.026109748256448687
14856,0.05744527367010645
14857,0.09532570362584843
14858,0.04885310630405945
14859,0.059326311972524026
14860,0.09241538285980007
14861,0.0472874451224437
14862,0.07187511267178946
14863,0.11456179056371053
14864,0.1013931778423964
14865,0.0472874451224437
14866,0.09532570362584843
14867,0.04885310630405945
14868,0.050467859648565414
14869,0.11113633246221037
14870,0.0521330604156563
14871,0.07657630222726251
14872,0.020663328957880672
14873,0.1013931778423964
14874,0.04014987964502801
14875,0.0472874451224437
14876,0.04885310630405945
14877,0.07903125771029479
14878,0.02790753622320684
14879,0.11807880307813506
14880,0.1253937758578759
14881,0.06126494107819702
14882,0.09241538285980007
14883,0.04576954626093176
14884,0.037593946162112056
14885,0.050467859648565414
14886,0.05744527367010645
14887,0.07419146202147729
14888,0.026109748256448687
14889,0.1370913686325979
14890,0.11807880307813506
14891,0.059326311972524026
14892,0.044298105555134894
14893,0.08155796530189055
14894,0.06326265912384453
14895,0.10455365490510782
14896,0.037593946162112056
14897,0.09241538285980007
14898,0.11113633246221037
14899,0.09532570362584843
14900,0.1013931778423964
14901,0.10455365490510782
14902,0.03637532268518375
14903,0.037593946162112056
14904,0.05385008895239068
14905,0.1013931778423964
14906,0.02790753622320684
14907,0.06962564382891834
14908,0.11113633246221037
14909,0.12919480614845036
14910,0.06326265912384453
14911,0.08155796530189055
14912,0.09532570362584843
14913,0.11113633246221037
14914,0.06744146074358998
14915,0.04014987964502801
14916,0.07657630222726251
14917,0.1013931778423964
14918,0.019322932527049887
14919,0.14538999654972165
14920,0.04885310630405945
14921,0.03294343905785485
14922,0.04885310630405945
14923,0.04287184471684473
14924,0.06126494107819702
14925,0.029825320005255892
14926,0.035194756820265335
14927,0.03294343905785485
14928,0.09532570362584843
14929,0.07419146202147729
14930,0.06744146074358998
14931,0.02885097064418959
14932,0.04148951147230672
14933,0.04885310630405945
14934,0.05385008895239068
14935,0.07419146202147729
14936,0.06326265912384453
14937,0.14969342319192988
14938,0.012899734025195017
14939,0.09241538285980007
14940,0.07419146202147729
14941,0.05562035029109824
14942,0.03885174918700678
14943,0.04576954626093176
14944,0.06326265912384453
14945,0.09532570362584843
14946,0.14538999654972165
14947,0.03637532268518375
14948,0.08415807244319695
14949,0.050467859648565414
14950,0.0472874451224437
14951,0.06744146074358998
14952,0.04148951147230672
14953,0.04576954626093176
14954,0.06126494107819702
14955,0.03294343905785485
14956,0.09241538285980007
14957,0.1370913686325979
14958,0.035194756820265335
14959,0.050467859648565414
14960,0.07187511267178946
14961,0.1411897434506853
14962,0.06532098566628583
14963,0.04014987964502801
14964,0.03294343905785485
14965,0.06532098566628583
14966,0.06326265912384453
14967,0.044298105555134894
14968,0.05744527367010645
14969,0.04885310630405945
14970,0.1370913686325979
14971,0.07657630222726251
14972,0.07419146202147729
14973,0.0521330604156563
14974,0.13309352252567752
14975,0.04287184471684473
14976,0.07419146202147729
14977,0.06326265912384453
14978,0.1370913686325979
14979,0.03294343905785485
14980,0.04014987964502801
14981,0.06532098566628583
14982,0.1411897434506853
14983,0.0472874451224437
14984,0.09831774697482025
14985,0.06532098566628583
14986,0.0521330604156563
14987,0.06962564382891834
14988,0.050467859648565414
14989,0.07903125771029479
14990,0.07419146202147729
14991,0.03637532268518375
14992,0.08415807244319695
14993,0.09532570362584843
14994,0.06962564382891834
14995,0.03885174918700678
14996,0.031870571610423684
14997,0.04576954626093176
14998,0.0521330604156563
14999,0.04287184471684473
15000,0.06744146074358998
15001,0.05744527367010645
15002,0.07903125771029479
15003,0.0472874451224437
15004,0.03637532268518375
15005,0.10780082751501731
15006,0.050467859648565414
15007,0.01998212368725082
15008,0.09831774697482025
15009,0.04014987964502801
15010,0.09241538285980007
15011,0.02790753622320684
15012,0.04576954626093176
15013,0.07419146202147729
15014,0.06532098566628583
15015,0.1370913686325979
15016,0.07657630222726251
15017,0.04014987964502801
15018,0.1253937758578759
15019,0.0521330604156563
15020,0.10780082751501731
15021,0.0521330604156563
15022,0.01998212368725082
15023,0.08415807244319695
15024,0.050467859648565414
15025,0.1253937758578759
15026,0.04885310630405945
15027,0.14969342319192988
15028,0.11807880307813506
15029,0.07187511267178946
15030,0.059326311972524026
15031,0.029825320005255892
15032,0.04885310630405945
15033,0.05562035029109824
15034,0.026994094835726477
15035,0.04148951147230672
15036,0.04287184471684473
15037,0.1370913686325979
15038,0.05562035029109824
15039,0.04148951147230672
15040,0.037593946162112056
15041,0.04576954626093176
15042,0.07657630222726251
15043,0.035194756820265335
15044,0.10780082751501731
15045,0.07187511267178946
15046,0.037593946162112056
15047,0.026994094835726477
15048,0.020663328957880672
15049,0.06532098566628583
15050,0.037593946162112056
15051,0.030831530235430404
15052,0.08155796530189055
15053,0.08155796530189055
15054,0.11456179056371053
15055,0.02885097064418959
15056,0.07903125771029479
15057,0.1411897434506853
15058,0.06962564382891834
15059,0.06532098566628583
15060,0.06744146074358998
15061,0.08415807244319695
15062,0.13309352252567752
15063,0.0895851163769912
15064,0.07187511267178946
15065,0.037593946162112056
15066,0.0472874451224437
15067,0.12168894794618093
15068,0.04885310630405945
15069,0.04014987964502801
15070,0.13309352252567752
15071,0.04576954626093176
15072,0.07419146202147729
15073,0.037593946162112056
15074,0.0895851163769912
15075,0.026994094835726477
15076,0.026994094835726477
15077,0.0895851163769912
15078,0.12919480614845036
15079,0.06532098566628583
15080,0.01998212368725082
15081,0.06744146074358998
15082,0.1013931778423964
15083,0.059326311972524026
15084,0.06126494107819702
15085,0.0895851163769912
15086,0.09831774697482025
15087,0.08155796530189055
15088,0.04576954626093176
15089,0.01998212368725082
15090,0.09532570362584843
15091,0.044298105555134894
15092,0.05744527367010645
15093,0.06326265912384453
15094,0.08155796530189055
15095,0.08155796530189055
15096,0.06326265912384453
15097,0.09532570362584843
15098,0.050467859648565414
15099,0.07657630222726251
15100,0.08155796530189055
15101,0.11807880307813506
15102,0.06744146074358998
15103,0.059326311972524026
15104,0.020663328957880672
15105,0.05385008895239068
15106,0.08415807244319695
15107,0.07419146202147729
15108,0.12919480614845036
15109,0.06326265912384453
15110,0.08683323524129412
15111,0.031870571610423684
15112,0.06326265912384453
15113,0.07419146202147729
15114,0.1013931778423964
15115,0.031870571610423684
15116,0.035194756820265335
15117,0.029825320005255892
15118,0.1253937758578759
15119,0.06126494107819702
15120,0.050467859648565414
15121,0.06744146074358998
15122,0.0472874451224437
15123,0.04014987964502801
15124,0.11807880307813506
15125,0.06126494107819702
15126,0.11456179056371053
15127,0.1013931778423964
15128,0.05744527367010645
15129,0.11113633246221037
15130,0.02790753622320684
15131,0.13309352252567752
15132,0.05385008895239068
15133,0.04014987964502801
15134,0.02442486287796552
15135,0.06126494107819702
15136,0.10780082751501731
15137,0.04014987964502801
15138,0.05744527367010645
15139,0.15861467629411466
15140,0.0472874451224437
15141,0.04287184471684473
15142,0.06326265912384453
15143,0.10455365490510782
15144,0.03885174918700678
15145,0.02136725069186659
15146,0.04014987964502801
15147,0.026109748256448687
15148,0.07187511267178946
15149,0.08155796530189055
15150,0.06126494107819702
15151,0.08155796530189055
15152,0.05744527367010645
15153,0.07419146202147729
15154,0.044298105555134894
15155,0.04014987964502801
15156,0.1411897434506853
15157,0.04148951147230672
15158,0.050467859648565414
15159,0.06532098566628583
15160,0.0340511524412236
15161,0.0895851163769912
15162,0.03885174918700678
15163,0.11113633246221037
15164,0.05744527367010645
15165,0.11113633246221037
15166,0.026109748256448687
15167,0.04287184471684473
15168,0.03885174918700678
15169,0.0472874451224437
15170,0.06962564382891834
15171,0.09532570362584843
15172,0.08155796530189055
15173,0.08683323524129412
15174,0.06532098566628583
15175,0.07419146202147729
15176,0.08415807244319695
15177,0.05385008895239068
15178,0.07187511267178946
15179,0.1253937758578759
15180,0.04885310630405945
15181,0.08155796530189055
15182,0.06126494107819702
15183,0.044298105555134894
15184,0.04576954626093176
15185,0.037593946162112056
15186,0.04287184471684473
15187,0.08415807244319695
15188,0.026994094835726477
15189,0.06532098566628583
15190,0.035194756820265335
15191,0.04148951147230672
15192,0.0895851163769912
15193,0.09532570362584843
15194,0.11113633246221037
15195,0.06744146074358998
15196,0.04576954626093176
15197,0.1370913686325979
15198,0.09241538285980007
15199,0.03885174918700678
15200,0.1013931778423964
15201,0.044298105555134894
15202,0.050467859648565414
15203,0.03885174918700678
15204,0.06326265912384453
15205,0.07903125771029479
15206,0.07419146202147729
15207,0.15861467629411466
15208,0.030831530235430404
15209,0.06962564382891834
15210,0.07903125771029479
15211,0.12919480614845036
15212,0.06532098566628583
15213,0.044298105555134894
15214,0.05562035029109824
15215,0.1370913686325979
15216,0.059326311972524026
15217,0.059326311972524026
15218,0.0521330604156563
15219,0.0895851163769912
15220,0.1411897434506853
15221,0.10455365490510782
15222,0.059326311972524026
15223,0.10455365490510782
15224,0.10455365490510782
15225,0.09831774697482025
15226,0.035194756820265335
15227,0.0895851163769912
15228,0.06962564382891834
15229,0.023622642765858633
15230,0.035194756820265335
15231,0.08155796530189055
15232,0.04576954626093176
15233,0.0521330604156563
15234,0.0895851163769912
15235,0.05385008895239068
15236,0.07657630222726251
15237,0.059326311972524026
15238,0.026994094835726477
15239,0.05744527367010645
15240,0.06126494107819702
15241,0.1013931778423964
15242,0.1253937758578759
15243,0.03885174918700678
15244,0.04148951147230672
15245,0.030831530235430404
15246,0.08415807244319695
15247,0.11456179056371053
15248,0.05562035029109824
15249,0.11113633246221037
15250,0.02442486287796552
15251,0.04148951147230672
15252,0.1370913686325979
15253,0.07419146202147729
15254,0.06126494107819702
15255,0.037593946162112056
15256,0.1253937758578759
15257,0.0895851163769912
15258,0.05744527367010645
15259,0.044298105555134894
15260,0.08683323524129412
15261,0.030831530235430404
15262,0.08155796530189055
15263,0.020663328957880672
15264,0.12919480614845036
15265,0.08683323524129412
15266,0.04014987964502801
15267,0.06744146074358998
15268,0.035194756820265335
15269,0.059326311972524026
15270,0.059326311972524026
15271,0.07657630222726251
15272,0.05562035029109824
15273,0.03637532268518375
15274,0.07657630222726251
15275,0.04014987964502801
15276,0.08683323524129412
15277,0.07187511267178946
15278,0.04576954626093176
15279,0.07187511267178946
15280,0.06326265912384453
15281,0.09241538285980007
15282,0.04576954626093176
15283,0.06962564382891834
15284,0.04287184471684473
15285,0.09241538285980007
15286,0.12919480614845036
15287,0.06126494107819702
15288,0.059326311972524026
15289,0.026109748256448687
15290,0.08415807244319695
15291,0.06126494107819702
15292,0.035194756820265335
15293,0.05744527367010645
15294,0.05385008895239068
15295,0.10455365490510782
15296,0.07419146202147729
15297,0.04885310630405945
15298,0.09532570362584843
15299,0.08683323524129412
15300,0.04576954626093176
15301,0.11456179056371053
15302,0.050467859648565414
15303,0.044298105555134894
15304,0.08415807244319695
15305,0.08155796530189055
15306,0.05562035029109824
15307,0.050467859648565414
15308,0.09831774697482025
15309,0.14538999654972165
15310,0.04287184471684473
15311,0.0472874451224437
15312,0.0895851163769912
15313,0.04576954626093176
15314,0.12168894794618093
15315,0.07903125771029479
15316,0.06744146074358998
15317,0.08415807244319695
15318,0.04885310630405945
15319,0.11113633246221037
15320,0.030831530235430404
15321,0.059326311972524026
15322,0.03294343905785485
15323,0.044298105555134894
15324,0.019322932527049887
15325,0.026109748256448687
15326,0.11807880307813506
15327,0.05385008895239068
15328,0.0521330604156563
15329,0.13309352252567752
15330,0.08683323524129412
15331,0.05744527367010645
15332,0.04885310630405945
15333,0.03294343905785485
15334,0.01998212368725082
15335,0.07657630222726251
15336,0.04576954626093176
15337,0.06744146074358998
15338,0.10455365490510782
15339,0.08155796530189055
15340,0.031870571610423684
15341,0.05562035029109824
15342,0.04576954626093176
15343,0.04885310630405945
15344,0.02442486287796552
15345,0.04885310630405945
15346,0.04287184471684473
15347,0.03637532268518375
15348,0.06326265912384453
15349,0.11456179056371053
15350,0.1411897434506853
15351,0.06962564382891834
15352,0.05744527367010645
15353,0.07657630222726251
15354,0.0472874451224437
15355,0.1013931778423964
15356,0.1253937758578759
15357,0.11456179056371053
15358,0.037593946162112056
15359,0.06962564382891834
15360,0.059326311972524026
15361,0.08155796530189055
15362,0.050467859648565414
15363,0.07903125771029479
15364,0.11807880307813506
15365,0.09532570362584843
15366,0.10780082751501731
15367,0.1411897434506853
15368,0.029825320005255892
15369,0.12168894794618093
15370,0.07903125771029479
15371,0.035194756820265335
15372,0.044298105555134894
15373,0.07187511267178946
15374,0.07187511267178946
15375,0.0472874451224437
15376,0.08415807244319695
15377,0.01579318133211142
15378,0.04014987964502801
15379,0.12168894794618093
15380,0.11807880307813506
15381,0.11456179056371053
15382,0.07419146202147729
15383,0.1370913686325979
15384,0.05562035029109824
15385,0.03637532268518375
15386,0.04287184471684473
15387,0.050467859648565414
15388,0.1253937758578759
15389,0.14538999654972165
15390,0.08155796530189055
15391,0.08155796530189055
15392,0.1370913686325979
15393,0.06326265912384453
15394,0.037593946162112056
15395,0.030831530235430404
15396,0.0340511524412236
15397,0.059326311972524026
15398,0.10455365490510782
15399,0.09241538285980007
15400,0.05562035029109824
15401,0.0340511524412236
15402,0.06532098566628583
15403,0.1370913686325979
15404,0.026994094835726477
15405,0.06744146074358998
15406,0.07657630222726251
15407,0.11456179056371053
15408,0.035194756820265335
15409,0.031870571610423684
15410,0.06532098566628583
15411,0.07419146202147729
15412,0.1370913686325979
15413,0.04885310630405945
15414,0.016892943165924136
15415,0.06126494107819702
15416,0.03294343905785485
15417,0.07657630222726251
15418,0.03637532268518375
15419,0.07657630222726251
15420,0.02885097064418959
15421,0.02885097064418959
15422,0.15861467629411466
15423,0.11456179056371053
15424,0.05385008895239068
15425,0.02790753622320684
15426,0.07419146202147729
15427,0.06532098566628583
15428,0.07187511267178946
15429,0.03885174918700678
15430,0.0521330604156563
15431,0.06962564382891834
15432,0.050467859648565414
15433,0.09241538285980007
15434,0.09831774697482025
15435,0.07419146202147729
15436,0.07187511267178946
15437,0.06326265912384453
15438,0.02284615406529167
15439,0.044298105555134894
15440,0.03885174918700678
15441,0.09831774697482025
15442,0.059326311972524026
15443,0.09532570362584843
15444,0.03637532268518375
15445,0.12168894794618093
15446,0.06126494107819702
15447,0.06126494107819702
15448,0.05385008895239068
15449,0.05562035029109824
15450,0.09241538285980007
15451,0.030831530235430404
15452,0.08683323524129412
15453,0.06962564382891834
15454,0.13309352252567752
15455,0.11456179056371053
15456,0.07187511267178946
15457,0.03294343905785485
15458,0.0472874451224437
15459,0.04885310630405945
15460,0.06326265912384453
15461,0.037593946162112056
15462,0.059326311972524026
15463,0.05562035029109824
15464,0.09532570362584843
15465,0.09241538285980007
15466,0.01633396259861487
15467,0.0472874451224437
15468,0.02525362158524688
15469,0.03637532268518375
15470,0.035194756820265335
15471,0.06532098566628583
15472,0.1253937758578759
15473,0.09532570362584843
15474,0.0340511524412236
15475,0.06326265912384453
15476,0.0521330604156563
15477,0.1411897434506853
15478,0.11113633246221037
15479,0.023622642765858633
15480,0.06532098566628583
15481,0.04148951147230672
15482,0.14969342319192988
15483,0.03885174918700678
15484,0.029825320005255892
15485,0.06126494107819702
15486,0.026994094835726477
15487,0.03637532268518375
15488,0.11113633246221037
15489,0.02885097064418959
15490,0.05562035029109824
15491,0.059326311972524026
15492,0.07187511267178946
15493,0.08415807244319695
15494,0.06126494107819702
15495,0.08683323524129412
15496,0.026109748256448687
15497,0.1253937758578759
15498,0.08683323524129412
15499,0.06532098566628583
15500,0.07187511267178946
15501,0.04287184471684473
15502,0.11113633246221037
15503,0.07187511267178946
15504,0.10455365490510782
15505,0.06744146074358998
15506,0.08683323524129412
15507,0.07903125771029479
15508,0.0521330604156563
15509,0.11456179056371053
15510,0.03885174918700678
15511,0.059326311972524026
15512,0.07187511267178946
15513,0.06126494107819702
15514,0.06532098566628583
15515,0.08155796530189055
15516,0.02885097064418959
15517,0.09532570362584843
15518,0.06126494107819702
15519,0.08415807244319695
15520,0.031870571610423684
15521,0.1253937758578759
15522,0.05562035029109824
15523,0.07657630222726251
15524,0.09532570362584843
15525,0.022094611379221522
15526,0.044298105555134894
15527,0.03637532268518375
15528,0.10455365490510782
15529,0.059326311972524026
15530,0.07187511267178946
15531,0.0895851163769912
15532,0.06326265912384453
15533,0.0340511524412236
15534,0.09241538285980007
15535,0.12168894794618093
15536,0.059326311972524026
15537,0.044298105555134894
15538,0.08683323524129412
15539,0.08683323524129412
15540,0.08683323524129412
15541,0.06744146074358998
15542,0.06326265912384453
15543,0.0340511524412236
15544,0.08415807244319695
15545,0.05385008895239068
15546,0.06126494107819702
15547,0.07657630222726251
15548,0.11807880307813506
15549,0.050467859648565414
15550,0.04014987964502801
15551,0.11456179056371053
15552,0.06532098566628583
15553,0.04287184471684473
15554,0.044298105555134894
15555,0.11807880307813506
15556,0.044298105555134894
15557,0.08683323524129412
15558,0.02790753622320684
15559,0.05562035029109824
15560,0.04287184471684473
15561,0.04014987964502801
15562,0.04576954626093176
15563,0.12168894794618093
15564,0.06962564382891834
15565,0.10780082751501731
15566,0.07419146202147729
15567,0.04014987964502801
15568,0.11113633246221037
15569,0.06532098566628583
15570,0.07187511267178946
15571,0.02790753622320684
15572,0.07187511267178946
15573,0.050467859648565414
15574,0.07903125771029479
15575,0.06962564382891834
15576,0.04148951147230672
15577,0.12168894794618093
15578,0.09831774697482025
15579,0.044298105555134894
15580,0.035194756820265335
15581,0.07903125771029479
15582,0.1370913686325979
15583,0.04576954626093176
15584,0.05562035029109824
15585,0.037593946162112056
15586,0.022094611379221522
15587,0.06126494107819702
15588,0.03885174918700678
15589,0.04148951147230672
15590,0.07419146202147729
15591,0.0895851163769912
15592,0.050467859648565414
15593,0.059326311972524026
15594,0.03294343905785485
15595,0.02284615406529167
15596,0.04287184471684473
15597,0.044298105555134894
15598,0.044298105555134894
15599,0.1253937758578759
15600,0.1013931778423964
15601,0.0472874451224437
15602,0.12919480614845036
15603,0.04148951147230672
15604,0.06126494107819702
15605,0.044298105555134894
15606,0.1411897434506853
15607,0.06326265912384453
15608,0.0895851163769912
15609,0.06532098566628583
15610,0.02442486287796552
15611,0.04885310630405945
15612,0.059326311972524026
15613,0.06532098566628583
15614,0.1013931778423964
15615,0.06962564382891834
15616,0.03294343905785485
15617,0.050467859648565414
15618,0.04576954626093176
15619,0.09831774697482025
15620,0.050467859648565414
15621,0.023622642765858633
15622,0.12919480614845036
15623,0.035194756820265335
15624,0.10455365490510782
15625,0.020663328957880672
15626,0.0895851163769912
15627,0.12168894794618093
15628,0.07419146202147729
15629,0.06744146074358998
15630,0.09532570362584843
15631,0.026109748256448687
15632,0.04287184471684473
15633,0.05562035029109824
15634,0.08683323524129412
15635,0.07419146202147729
15636,0.02284615406529167
15637,0.0521330604156563
15638,0.06326265912384453
15639,0.1370913686325979
15640,0.08155796530189055
15641,0.05385008895239068
15642,0.12168894794618093
15643,0.08683323524129412
15644,0.016892943165924136
15645,0.059326311972524026
15646,0.08155796530189055
15647,0.0472874451224437
15648,0.15861467629411466
15649,0.06126494107819702
15650,0.03885174918700678
15651,0.06126494107819702
15652,0.10780082751501731
15653,0.07187511267178946
15654,0.05744527367010645
15655,0.04576954626093176
15656,0.05744527367010645
15657,0.13309352252567752
15658,0.0521330604156563
15659,0.11113633246221037
15660,0.0472874451224437
15661,0.059326311972524026
15662,0.04148951147230672
15663,0.1013931778423964
15664,0.05562035029109824
15665,0.03637532268518375
15666,0.05744527367010645
15667,0.11113633246221037
15668,0.06744146074358998
15669,0.04287184471684473
15670,0.09241538285980007
15671,0.059326311972524026
15672,0.09241538285980007
15673,0.03885174918700678
15674,0.10455365490510782
15675,0.11113633246221037
15676,0.059326311972524026
15677,0.05385008895239068
15678,0.059326311972524026
15679,0.06532098566628583
15680,0.03637532268518375
15681,0.08155796530189055
15682,0.037593946162112056
15683,0.08155796530189055
15684,0.1013931778423964
15685,0.04576954626093176
15686,0.04148951147230672
15687,0.08155796530189055
15688,0.09532570362584843
15689,0.05562035029109824
15690,0.03885174918700678
15691,0.07419146202147729
15692,0.0521330604156563
15693,0.04885310630405945
15694,0.06744146074358998
15695,0.12168894794618093
15696,0.05385008895239068
15697,0.0895851163769912
15698,0.05744527367010645
15699,0.08155796530189055
15700,0.029825320005255892
15701,0.04148951147230672
15702,0.04576954626093176
15703,0.05385008895239068
15704,0.06962564382891834
15705,0.12168894794618093
15706,0.0521330604156563
15707,0.04576954626093176
15708,0.04148951147230672
15709,0.07903125771029479
15710,0.03637532268518375
15711,0.1013931778423964
15712,0.04287184471684473
15713,0.12919480614845036
15714,0.07657630222726251
15715,0.0472874451224437
15716,0.08155796530189055
15717,0.06962564382891834
15718,0.1013931778423964
15719,0.12168894794618093
15720,0.0521330604156563
15721,0.11807880307813506
15722,0.09831774697482025
15723,0.06744146074358998
15724,0.08415807244319695
15725,0.06126494107819702
15726,0.12168894794618093
15727,0.044298105555134894
15728,0.04287184471684473
15729,0.06326265912384453
15730,0.06744146074358998
15731,0.050467859648565414
15732,0.06962564382891834
15733,0.0472874451224437
15734,0.09532570362584843
15735,0.11456179056371053
15736,0.11807880307813506
15737,0.07903125771029479
15738,0.04148951147230672
15739,0.06532098566628583
15740,0.029825320005255892
15741,0.050467859648565414
15742,0.04148951147230672
15743,0.06962564382891834
15744,0.04885310630405945
15745,0.037593946162112056
15746,0.06126494107819702
15747,0.08683323524129412
15748,0.04885310630405945
15749,0.09241538285980007
15750,0.1253937758578759
15751,0.026994094835726477
15752,0.04885310630405945
15753,0.06744146074358998
15754,0.04576954626093176
15755,0.05562035029109824
15756,0.06126494107819702
15757,0.05562035029109824
15758,0.0340511524412236
15759,0.07187511267178946
15760,0.02790753622320684
15761,0.06326265912384453
15762,0.07903125771029479
15763,0.06326265912384453
15764,0.06962564382891834
15765,0.06962564382891834
15766,0.07657630222726251
15767,0.10780082751501731
15768,0.06744146074358998
15769,0.06126494107819702
15770,0.11807880307813506
15771,0.13309352252567752
15772,0.04014987964502801
15773,0.10455365490510782
15774,0.06126494107819702
15775,0.04885310630405945
15776,0.11456179056371053
15777,0.02790753622320684
15778,0.037593946162112056
15779,0.035194756820265335
15780,0.08683323524129412
15781,0.04576954626093176
15782,0.11807880307813506
15783,0.04287184471684473
15784,0.05744527367010645
15785,0.13309352252567752
15786,0.07903125771029479
15787,0.035194756820265335
15788,0.06126494107819702
15789,0.0521330604156563
15790,0.05744527367010645
15791,0.0472874451224437
15792,0.029825320005255892
15793,0.0472874451224437
15794,0.09241538285980007
15795,0.11807880307813506
15796,0.09241538285980007
15797,0.0521330604156563
15798,0.0472874451224437
15799,0.09831774697482025
15800,0.0472874451224437
15801,0.07657630222726251
15802,0.05744527367010645
15803,0.050467859648565414
15804,0.023622642765858633
15805,0.1013931778423964
15806,0.08683323524129412
15807,0.09241538285980007
15808,0.050467859648565414
15809,0.06126494107819702
15810,0.044298105555134894
15811,0.037593946162112056
15812,0.0521330604156563
15813,0.05562035029109824
15814,0.11113633246221037
15815,0.06962564382891834
15816,0.06744146074358998
15817,0.08155796530189055
15818,0.0895851163769912
15819,0.05744527367010645
15820,0.14538999654972165
15821,0.09831774697482025
15822,0.03637532268518375
15823,0.11807880307813506
15824,0.04287184471684473
15825,0.1253937758578759
15826,0.026109748256448687
15827,0.08683323524129412
15828,0.04576954626093176
15829,0.09532570362584843
15830,0.09532570362584843
15831,0.023622642765858633
15832,0.10780082751501731
15833,0.08155796530189055
15834,0.059326311972524026
15835,0.09532570362584843
15836,0.09831774697482025
15837,0.07187511267178946
15838,0.059326311972524026
15839,0.0472874451224437
15840,0.02284615406529167
15841,0.10455365490510782
15842,0.059326311972524026
15843,0.0340511524412236
15844,0.04287184471684473
15845,0.06532098566628583
15846,0.1013931778423964
15847,0.04885310630405945
15848,0.06532098566628583
15849,0.09532570362584843
15850,0.10455365490510782
15851,0.07187511267178946
15852,0.059326311972524026
15853,0.07657630222726251
15854,0.0521330604156563
15855,0.1370913686325979
15856,0.02885097064418959
15857,0.12919480614845036
15858,0.10780082751501731
15859,0.1013931778423964
15860,0.0895851163769912
15861,0.06962564382891834
15862,0.050467859648565414
15863,0.02885097064418959
15864,0.11456179056371053
15865,0.08683323524129412
15866,0.05744527367010645
15867,0.044298105555134894
15868,0.1013931778423964
15869,0.05385008895239068
15870,0.0895851163769912
15871,0.05385008895239068
15872,0.02525362158524688
15873,0.0521330604156563
15874,0.05562035029109824
15875,0.10780082751501731
15876,0.04014987964502801
15877,0.0521330604156563
15878,0.0472874451224437
15879,0.035194756820265335
15880,0.06744146074358998
15881,0.04576954626093176
15882,0.10455365490510782
15883,0.044298105555134894
15884,0.04148951147230672
15885,0.08415807244319695
15886,0.08415807244319695
15887,0.05744527367010645
15888,0.08415807244319695
15889,0.050467859648565414
15890,0.026994094835726477
15891,0.08415807244319695
15892,0.06962564382891834
15893,0.01998212368725082
15894,0.09831774697482025
15895,0.04576954626093176
15896,0.0521330604156563
15897,0.050467859648565414
15898,0.030831530235430404
15899,0.02790753622320684
15900,0.06326265912384453
15901,0.11807880307813506
15902,0.06962564382891834
15903,0.059326311972524026
15904,0.08683323524129412
15905,0.020663328957880672
15906,0.1411897434506853
15907,0.026994094835726477
15908,0.08155796530189055
15909,0.04014987964502801
15910,0.07903125771029479
15911,0.02442486287796552
15912,0.06744146074358998
15913,0.09831774697482025
15914,0.1253937758578759
15915,0.09532570362584843
15916,0.0521330604156563
15917,0.04287184471684473
15918,0.0521330604156563
15919,0.06126494107819702
15920,0.02790753622320684
15921,0.05562035029109824
15922,0.08155796530189055
15923,0.050467859648565414
15924,0.06744146074358998
15925,0.0521330604156563
15926,0.04885310630405945
15927,0.0340511524412236
15928,0.0340511524412236
15929,0.04148951147230672
15930,0.0472874451224437
15931,0.029825320005255892
15932,0.09241538285980007
15933,0.12168894794618093
15934,0.050467859648565414
15935,0.06532098566628583
15936,0.05744527367010645
15937,0.0472874451224437
15938,0.059326311972524026
15939,0.06532098566628583
15940,0.09241538285980007
15941,0.04014987964502801
15942,0.050467859648565414
15943,0.06126494107819702
15944,0.02790753622320684
15945,0.029825320005255892
15946,0.07657630222726251
15947,0.04576954626093176
15948,0.026994094835726477
15949,0.031870571610423684
15950,0.029825320005255892
15951,0.059326311972524026
15952,0.03637532268518375
15953,0.11807880307813506
15954,0.03637532268518375
15955,0.11456179056371053
15956,0.07903125771029479
15957,0.05385008895239068
15958,0.06744146074358998
15959,0.0521330604156563
15960,0.09831774697482025
15961,0.01998212368725082
15962,0.029825320005255892
15963,0.04885310630405945
15964,0.04576954626093176
15965,0.1370913686325979
15966,0.04287184471684473
15967,0.10780082751501731
15968,0.04148951147230672
15969,0.13309352252567752
15970,0.02790753622320684
15971,0.04148951147230672
15972,0.07419146202147729
15973,0.09831774697482025
15974,0.04885310630405945
15975,0.04576954626093176
15976,0.06744146074358998
15977,0.04576954626093176
15978,0.06744146074358998
15979,0.04576954626093176
15980,0.0472874451224437
15981,0.09532570362584843
15982,0.02885097064418959
15983,0.06126494107819702
15984,0.08155796530189055
15985,0.07187511267178946
15986,0.05385008895239068
15987,0.04014987964502801
15988,0.12168894794618093
15989,0.13309352252567752
15990,0.06126494107819702
15991,0.1253937758578759
15992,0.07187511267178946
15993,0.037593946162112056
15994,0.05385008895239068
15995,0.0895851163769912
15996,0.08415807244319695
15997,0.04148951147230672
15998,0.03885174918700678
15999,0.09532570362584843
16000,0.05562035029109824
16001,0.06126494107819702
16002,0.05744527367010645
16003,0.02442486287796552
16004,0.031870571610423684
16005,0.03637532268518375
16006,0.07657630222726251
16007,0.10780082751501731
16008,0.02525362158524688
16009,0.06326265912384453
16010,0.11113633246221037
16011,0.03885174918700678
16012,0.10780082751501731
16013,0.04885310630405945
16014,0.14969342319192988
16015,0.08683323524129412
16016,0.04885310630405945
16017,0.037593946162112056
16018,0.11807880307813506
16019,0.08155796530189055
16020,0.03885174918700678
16021,0.13309352252567752
16022,0.06962564382891834
16023,0.07657630222726251
16024,0.10455365490510782
16025,0.04885310630405945
16026,0.05385008895239068
16027,0.035194756820265335
16028,0.04576954626093176
16029,0.04148951147230672
16030,0.04287184471684473
16031,0.06744146074358998
16032,0.06326265912384453
16033,0.06744146074358998
16034,0.07903125771029479
16035,0.0521330604156563
16036,0.07419146202147729
16037,0.07657630222726251
16038,0.07657630222726251
16039,0.035194756820265335
16040,0.044298105555134894
16041,0.022094611379221522
16042,0.1253937758578759
16043,0.023622642765858633
16044,0.044298105555134894
16045,0.05744527367010645
16046,0.11807880307813506
16047,0.031870571610423684
16048,0.050467859648565414
16049,0.04885310630405945
16050,0.07657630222726251
16051,0.04885310630405945
16052,0.0472874451224437
16053,0.07903125771029479
16054,0.05744527367010645
16055,0.06326265912384453
16056,0.1253937758578759
16057,0.09532570362584843
16058,0.07187511267178946
16059,0.03885174918700678
16060,0.023622642765858633
16061,0.044298105555134894
16062,0.12919480614845036
16063,0.06126494107819702
16064,0.037593946162112056
16065,0.08415807244319695
16066,0.03294343905785485
16067,0.05744527367010645
16068,0.07657630222726251
16069,0.029825320005255892
16070,0.06744146074358998
16071,0.07903125771029479
16072,0.0472874451224437
16073,0.10455365490510782
16074,0.06532098566628583
16075,0.1370913686325979
16076,0.050467859648565414
16077,0.09532570362584843
16078,0.06326265912384453
16079,0.029825320005255892
16080,0.07657630222726251
16081,0.08415807244319695
16082,0.07187511267178946
16083,0.06326265912384453
16084,0.044298105555134894
16085,0.06126494107819702
16086,0.11807880307813506
16087,0.06126494107819702
16088,0.10455365490510782
16089,0.06326265912384453
16090,0.059326311972524026
16091,0.1370913686325979
16092,0.12919480614845036
16093,0.059326311972524026
16094,0.035194756820265335
16095,0.04014987964502801
16096,0.09532570362584843
16097,0.04148951147230672
16098,0.04014987964502801
16099,0.06962564382891834
16100,0.03637532268518375
16101,0.06126494107819702
16102,0.04576954626093176
16103,0.05744527367010645
16104,0.02442486287796552
16105,0.06962564382891834
16106,0.04885310630405945
16107,0.019322932527049887
16108,0.0895851163769912
16109,0.07657630222726251
16110,0.06326265912384453
16111,0.04576954626093176
16112,0.0521330604156563
16113,0.050467859648565414
16114,0.037593946162112056
16115,0.0895851163769912
16116,0.07419146202147729
16117,0.0895851163769912
16118,0.11807880307813506
16119,0.08155796530189055
16120,0.0340511524412236
16121,0.08683323524129412
16122,0.08415807244319695
16123,0.06532098566628583
16124,0.08683323524129412
16125,0.08683323524129412
16126,0.04014987964502801
16127,0.037593946162112056
16128,0.06532098566628583
16129,0.13309352252567752
16130,0.06126494107819702
16131,0.0895851163769912
16132,0.08155796530189055
16133,0.11807880307813506
16134,0.06532098566628583
16135,0.06744146074358998
16136,0.03885174918700678
16137,0.14969342319192988
16138,0.07419146202147729
16139,0.06962564382891834
16140,0.04014987964502801
16141,0.09532570362584843
16142,0.04885310630405945
16143,0.11807880307813506
16144,0.11456179056371053
16145,0.11113633246221037
16146,0.04576954626093176
16147,0.05385008895239068
16148,0.04287184471684473
16149,0.08155796530189055
16150,0.11456179056371053
16151,0.037593946162112056
16152,0.08683323524129412
16153,0.07903125771029479
16154,0.06326265912384453
16155,0.0472874451224437
16156,0.07903125771029479
16157,0.08415807244319695
16158,0.0521330604156563
16159,0.0472874451224437
16160,0.08155796530189055
16161,0.037593946162112056
16162,0.05562035029109824
16163,0.09241538285980007
16164,0.13309352252567752
16165,0.04014987964502801
16166,0.08415807244319695
16167,0.0472874451224437
16168,0.07419146202147729
16169,0.04287184471684473
16170,0.04576954626093176
16171,0.15861467629411466
16172,0.14969342319192988
16173,0.0340511524412236
16174,0.08683323524129412
16175,0.1253937758578759
16176,0.04576954626093176
16177,0.06532098566628583
16178,0.12919480614845036
16179,0.06126494107819702
16180,0.07419146202147729
16181,0.050467859648565414
16182,0.02885097064418959
16183,0.08415807244319695
16184,0.02284615406529167
16185,0.14538999654972165
16186,0.037593946162112056
16187,0.0895851163769912
16188,0.0472874451224437
16189,0.023622642765858633
16190,0.12168894794618093
16191,0.1370913686325979
16192,0.12919480614845036
16193,0.044298105555134894
16194,0.0472874451224437
16195,0.1253937758578759
16196,0.02284615406529167
16197,0.05744527367010645
16198,0.06326265912384453
16199,0.0895851163769912
16200,0.07187511267178946
16201,0.07419146202147729
16202,0.04576954626093176
16203,0.04148951147230672
16204,0.059326311972524026
16205,0.026994094835726477
16206,0.059326311972524026
16207,0.1253937758578759
16208,0.10780082751501731
16209,0.07903125771029479
16210,0.05385008895239068
16211,0.06326265912384453
16212,0.06532098566628583
16213,0.07903125771029479
16214,0.0340511524412236
16215,0.06744146074358998
16216,0.07657630222726251
16217,0.050467859648565414
16218,0.0472874451224437
16219,0.06962564382891834
16220,0.07187511267178946
16221,0.08683323524129412
16222,0.0521330604156563
16223,0.13309352252567752
16224,0.07657630222726251
16225,0.09532570362584843
16226,0.04885310630405945
16227,0.03637532268518375
16228,0.026109748256448687
16229,0.04148951147230672
16230,0.02525362158524688
16231,0.1253937758578759
16232,0.05562035029109824
16233,0.03294343905785485
16234,0.04287184471684473
16235,0.02790753622320684
16236,0.04287184471684473
16237,0.08683323524129412
16238,0.026994094835726477
16239,0.06744146074358998
16240,0.08155796530189055
16241,0.03294343905785485
16242,0.09831774697482025
16243,0.07419146202147729
16244,0.0472874451224437
16245,0.06126494107819702
16246,0.05744527367010645
16247,0.08683323524129412
16248,0.0895851163769912
16249,0.07903125771029479
16250,0.0340511524412236
16251,0.02525362158524688
16252,0.06532098566628583
16253,0.09532570362584843
16254,0.11113633246221037
16255,0.050467859648565414
16256,0.0472874451224437
16257,0.02885097064418959
16258,0.08683323524129412
16259,0.06744146074358998
16260,0.015270026198302424
16261,0.03637532268518375
16262,0.06532098566628583
16263,0.037593946162112056
16264,0.0895851163769912
16265,0.04287184471684473
16266,0.030831530235430404
16267,0.09831774697482025
16268,0.07657630222726251
16269,0.035194756820265335
16270,0.01998212368725082
16271,0.10455365490510782
16272,0.06744146074358998
16273,0.05385008895239068
16274,0.044298105555134894
16275,0.02790753622320684
16276,0.02284615406529167
16277,0.031870571610423684
16278,0.07419146202147729
16279,0.02525362158524688
16280,0.06962564382891834
16281,0.11456179056371053
16282,0.1370913686325979
16283,0.10780082751501731
16284,0.029825320005255892
16285,0.03637532268518375
16286,0.09532570362584843
16287,0.07419146202147729
16288,0.050467859648565414
16289,0.05562035029109824
16290,0.050467859648565414
16291,0.05744527367010645
16292,0.03637532268518375
16293,0.030831530235430404
16294,0.0521330604156563
16295,0.030831530235430404
16296,0.1013931778423964
16297,0.04014987964502801
16298,0.06962564382891834
16299,0.11456179056371053
16300,0.06962564382891834
16301,0.06126494107819702
16302,0.0521330604156563
16303,0.026109748256448687
16304,0.05744527367010645
16305,0.06532098566628583
16306,0.09831774697482025
16307,0.035194756820265335
16308,0.05744527367010645
16309,0.05385008895239068
16310,0.02284615406529167
16311,0.017470713401722432
16312,0.08155796530189055
16313,0.09241538285980007
16314,0.04148951147230672
16315,0.03885174918700678
16316,0.04148951147230672
16317,0.05744527367010645
16318,0.09831774697482025
16319,0.06326265912384453
16320,0.022094611379221522
16321,0.09241538285980007
16322,0.059326311972524026
16323,0.05744527367010645
16324,0.05744527367010645
16325,0.1411897434506853
16326,0.07187511267178946
16327,0.0340511524412236
16328,0.03885174918700678
16329,0.08683323524129412
16330,0.06962564382891834
16331,0.03885174918700678
16332,0.050467859648565414
16333,0.07187511267178946
16334,0.059326311972524026
16335,0.0472874451224437
16336,0.02284615406529167
16337,0.09241538285980007
16338,0.08155796530189055
16339,0.08415807244319695
16340,0.04576954626093176
16341,0.08415807244319695
16342,0.04885310630405945
16343,0.11807880307813506
16344,0.1411897434506853
16345,0.02885097064418959
16346,0.04287184471684473
16347,0.044298105555134894
16348,0.07657630222726251
16349,0.08683323524129412
16350,0.04148951147230672
16351,0.05744527367010645
16352,0.11113633246221037
16353,0.02442486287796552
16354,0.12919480614845036
16355,0.035194756820265335
16356,0.04576954626093176
16357,0.11807880307813506
16358,0.06326265912384453
16359,0.06532098566628583
16360,0.030831530235430404
16361,0.07187511267178946
16362,0.03885174918700678
16363,0.12919480614845036
16364,0.1370913686325979
16365,0.08155796530189055
16366,0.06532098566628583
16367,0.05385008895239068
16368,0.04885310630405945
16369,0.08415807244319695
16370,0.08415807244319695
16371,0.10455365490510782
16372,0.04148951147230672
16373,0.06744146074358998
16374,0.04576954626093176
16375,0.06744146074358998
16376,0.07419146202147729
16377,0.07657630222726251
16378,0.059326311972524026
16379,0.03637532268518375
16380,0.04576954626093176
16381,0.05744527367010645
16382,0.09532570362584843
16383,0.050467859648565414
16384,0.07419146202147729
16385,0.0472874451224437
16386,0.1253937758578759
16387,0.020663328957880672
16388,0.04287184471684473
16389,0.044298105555134894
16390,0.10455365490510782
16391,0.026994094835726477
16392,0.10455365490510782
16393,0.06532098566628583
16394,0.1411897434506853
16395,0.050467859648565414
16396,0.02790753622320684
16397,0.037593946162112056
16398,0.05562035029109824
16399,0.07657630222726251
16400,0.06326265912384453
16401,0.05385008895239068
16402,0.13309352252567752
16403,0.11807880307813506
16404,0.1253937758578759
16405,0.12168894794618093
16406,0.04148951147230672
16407,0.05744527367010645
16408,0.05562035029109824
16409,0.07419146202147729
16410,0.0895851163769912
16411,0.12168894794618093
16412,0.07903125771029479
16413,0.11113633246221037
16414,0.04576954626093176
16415,0.02790753622320684
16416,0.09241538285980007
16417,0.07657630222726251
16418,0.09241538285980007
16419,0.037593946162112056
16420,0.04287184471684473
16421,0.050467859648565414
16422,0.06126494107819702
16423,0.02790753622320684
16424,0.12919480614845036
16425,0.02284615406529167
16426,0.09532570362584843
16427,0.11807880307813506
16428,0.035194756820265335
16429,0.03885174918700678
16430,0.07419146202147729
16431,0.04287184471684473
16432,0.1370913686325979
16433,0.06962564382891834
16434,0.07187511267178946
16435,0.1013931778423964
16436,0.044298105555134894
16437,0.06744146074358998
16438,0.08155796530189055
16439,0.06962564382891834
16440,0.07657630222726251
16441,0.07187511267178946
16442,0.07419146202147729
16443,0.0521330604156563
16444,0.06532098566628583
16445,0.04287184471684473
16446,0.08415807244319695
16447,0.06962564382891834
16448,0.03885174918700678
16449,0.10455365490510782
16450,0.029825320005255892
16451,0.04148951147230672
16452,0.12168894794618093
16453,0.0895851163769912
16454,0.08683323524129412
16455,0.0472874451224437
16456,0.019322932527049887
16457,0.2788854580173448
16458,0.031870571610423684
16459,0.06326265912384453
16460,0.09532570362584843
16461,0.06962564382891834
16462,0.1013931778423964
16463,0.06962564382891834
16464,0.050467859648565414
16465,0.03637532268518375
16466,0.059326311972524026
16467,0.035194756820265335
16468,0.06126494107819702
16469,0.06326265912384453
16470,0.04148951147230672
16471,0.1253937758578759
16472,0.037593946162112056
16473,0.11807880307813506
16474,0.1013931778423964
16475,0.07657630222726251
16476,0.044298105555134894
16477,0.06126494107819702
16478,0.1370913686325979
16479,0.05562035029109824
16480,0.14538999654972165
16481,0.0340511524412236
16482,0.06744146074358998
16483,0.02885097064418959
16484,0.14969342319192988
16485,0.07419146202147729
16486,0.03294343905785485
16487,0.059326311972524026
16488,0.11456179056371053
16489,0.14538999654972165
16490,0.031870571610423684
16491,0.11456179056371053
16492,0.11807880307813506
16493,0.02790753622320684
16494,0.04576954626093176
16495,0.06532098566628583
16496,0.10780082751501731
16497,0.07903125771029479
16498,0.14538999654972165
16499,0.05385008895239068
16500,0.09532570362584843
16501,0.06126494107819702
16502,0.07419146202147729
16503,0.0472874451224437
16504,0.035194756820265335
16505,0.03294343905785485
16506,0.03294343905785485
16507,0.09241538285980007
16508,0.09241538285980007
16509,0.10455365490510782
16510,0.15410125929925808
16511,0.11456179056371053
16512,0.07419146202147729
16513,0.15410125929925808
16514,0.02284615406529167
16515,0.059326311972524026
16516,0.11807880307813506
16517,0.10455365490510782
16518,0.0340511524412236
16519,0.0895851163769912
16520,0.0521330604156563
16521,0.11807880307813506
16522,0.06326265912384453
16523,0.09532570362584843
16524,0.059326311972524026
16525,0.06962564382891834
16526,0.0340511524412236
16527,0.09831774697482025
16528,0.05385008895239068
16529,0.04014987964502801
16530,0.04148951147230672
16531,0.06962564382891834
16532,0.10455365490510782
16533,0.02885097064418959
16534,0.059326311972524026
16535,0.02136725069186659
16536,0.0895851163769912
16537,0.07419146202147729
16538,0.0472874451224437
16539,0.08683323524129412
16540,0.023622642765858633
16541,0.11456179056371053
16542,0.07657630222726251
16543,0.044298105555134894
16544,0.059326311972524026
16545,0.0472874451224437
16546,0.02136725069186659
16547,0.0472874451224437
16548,0.09241538285980007
16549,0.07657630222726251
16550,0.035194756820265335
16551,0.05562035029109824
16552,0.12168894794618093
16553,0.09532570362584843
16554,0.06126494107819702
16555,0.035194756820265335
16556,0.07657630222726251
16557,0.07419146202147729
16558,0.1013931778423964
16559,0.04014987964502801
16560,0.06126494107819702
16561,0.050467859648565414
16562,0.04287184471684473
16563,0.044298105555134894
16564,0.08415807244319695
16565,0.059326311972524026
16566,0.031870571610423684
16567,0.0472874451224437
16568,0.05385008895239068
16569,0.04576954626093176
16570,0.10780082751501731
16571,0.1253937758578759
16572,0.07657630222726251
16573,0.06326265912384453
16574,0.06126494107819702
16575,0.0521330604156563
16576,0.08155796530189055
16577,0.07657630222726251
16578,0.01998212368725082
16579,0.05562035029109824
16580,0.031870571610423684
16581,0.04576954626093176
16582,0.020663328957880672
16583,0.09831774697482025
16584,0.05744527367010645
16585,0.0472874451224437
16586,0.13309352252567752
16587,0.10455365490510782
16588,0.07187511267178946
16589,0.06326265912384453
16590,0.05385008895239068
16591,0.03294343905785485
16592,0.0895851163769912
16593,0.07419146202147729
16594,0.12168894794618093
16595,0.0895851163769912
16596,0.059326311972524026
16597,0.14969342319192988
16598,0.030831530235430404
16599,0.026109748256448687
16600,0.09241538285980007
16601,0.07419146202147729
16602,0.07187511267178946
16603,0.059326311972524026
16604,0.06744146074358998
16605,0.026994094835726477
16606,0.04148951147230672
16607,0.05562035029109824
16608,0.04576954626093176
16609,0.07419146202147729
16610,0.06126494107819702
16611,0.12919480614845036
16612,0.03885174918700678
16613,0.11113633246221037
16614,0.08415807244319695
16615,0.11113633246221037
16616,0.06126494107819702
16617,0.08683323524129412
16618,0.03294343905785485
16619,0.031870571610423684
16620,0.07187511267178946
16621,0.029825320005255892
16622,0.04287184471684473
16623,0.1411897434506853
16624,0.14538999654972165
16625,0.04885310630405945
16626,0.050467859648565414
16627,0.09532570362584843
16628,0.03294343905785485
16629,0.031870571610423684
16630,0.07903125771029479
16631,0.06962564382891834
16632,0.09532570362584843
16633,0.07657630222726251
16634,0.08415807244319695
16635,0.059326311972524026
16636,0.06532098566628583
16637,0.03294343905785485
16638,0.10780082751501731
16639,0.11807880307813506
16640,0.09241538285980007
16641,0.05562035029109824
16642,0.0472874451224437
16643,0.1370913686325979
16644,0.06532098566628583
16645,0.07419146202147729
16646,0.050467859648565414
16647,0.04148951147230672
16648,0.07657630222726251
16649,0.1411897434506853
16650,0.03885174918700678
16651,0.044298105555134894
16652,0.04148951147230672
16653,0.031870571610423684
16654,0.12168894794618093
16655,0.09241538285980007
16656,0.03885174918700678
16657,0.04576954626093176
16658,0.059326311972524026
16659,0.059326311972524026
16660,0.11807880307813506
16661,0.07657630222726251
16662,0.08415807244319695
16663,0.08155796530189055
16664,0.050467859648565414
16665,0.026109748256448687
16666,0.11807880307813506
16667,0.04287184471684473
16668,0.07187511267178946
16669,0.04576954626093176
16670,0.02790753622320684
16671,0.07903125771029479
16672,0.14538999654972165
16673,0.06744146074358998
16674,0.030831530235430404
16675,0.04576954626093176
16676,0.030831530235430404
16677,0.07419146202147729
16678,0.13309352252567752
16679,0.09831774697482025
16680,0.08415807244319695
16681,0.037593946162112056
16682,0.059326311972524026
16683,0.12168894794618093
16684,0.059326311972524026
16685,0.04014987964502801
16686,0.04885310630405945
16687,0.06326265912384453
16688,0.06744146074358998
16689,0.07657630222726251
16690,0.14538999654972165
16691,0.05385008895239068
16692,0.0521330604156563
16693,0.044298105555134894
16694,0.06744146074358998
16695,0.13309352252567752
16696,0.07903125771029479
16697,0.06744146074358998
16698,0.06326265912384453
16699,0.04287184471684473
16700,0.14969342319192988
16701,0.023622642765858633
16702,0.11113633246221037
16703,0.050467859648565414
16704,0.02442486287796552
16705,0.06326265912384453
16706,0.09532570362584843
16707,0.0521330604156563
16708,0.04014987964502801
16709,0.044298105555134894
16710,0.04885310630405945
16711,0.04576954626093176
16712,0.08415807244319695
16713,0.059326311972524026
16714,0.0895851163769912
16715,0.037593946162112056
16716,0.06532098566628583
16717,0.08415807244319695
16718,0.04287184471684473
16719,0.07903125771029479
16720,0.0895851163769912
16721,0.02790753622320684
16722,0.0521330604156563
16723,0.03637532268518375
16724,0.10455365490510782
16725,0.05385008895239068
16726,0.06744146074358998
16727,0.07903125771029479
16728,0.1253937758578759
16729,0.04885310630405945
16730,0.09831774697482025
16731,0.044298105555134894
16732,0.07657630222726251
16733,0.05385008895239068
16734,0.037593946162112056
16735,0.026994094835726477
16736,0.059326311972524026
16737,0.11113633246221037
16738,0.02790753622320684
16739,0.0895851163769912
16740,0.08155796530189055
16741,0.08155796530189055
16742,0.15410125929925808
16743,0.08683323524129412
16744,0.0521330604156563
16745,0.08155796530189055
16746,0.12919480614845036
16747,0.059326311972524026
16748,0.09532570362584843
16749,0.02790753622320684
16750,0.10780082751501731
16751,0.044298105555134894
16752,0.020663328957880672
16753,0.06126494107819702
16754,0.050467859648565414
16755,0.09532570362584843
16756,0.02442486287796552
16757,0.06326265912384453
16758,0.10780082751501731
16759,0.031870571610423684
16760,0.04885310630405945
16761,0.07187511267178946
16762,0.059326311972524026
16763,0.035194756820265335
16764,0.0895851163769912
16765,0.13309352252567752
16766,0.04576954626093176
16767,0.08155796530189055
16768,0.05744527367010645
16769,0.050467859648565414
16770,0.07419146202147729
16771,0.05562035029109824
16772,0.0472874451224437
16773,0.06532098566628583
16774,0.035194756820265335
16775,0.1370913686325979
16776,0.1013931778423964
16777,0.12168894794618093
16778,0.0895851163769912
16779,0.037593946162112056
16780,0.04287184471684473
16781,0.11456179056371053
16782,0.050467859648565414
16783,0.04287184471684473
16784,0.09241538285980007
16785,0.04287184471684473
16786,0.05562035029109824
16787,0.02442486287796552
16788,0.08683323524129412
16789,0.05385008895239068
16790,0.11807880307813506
16791,0.023622642765858633
16792,0.08683323524129412
16793,0.11807880307813506
16794,0.026994094835726477
16795,0.026994094835726477
16796,0.02442486287796552
16797,0.02284615406529167
16798,0.0895851163769912
16799,0.1013931778423964
16800,0.10780082751501731
16801,0.02790753622320684
16802,0.02136725069186659
16803,0.03294343905785485
16804,0.13309352252567752
16805,0.0472874451224437
16806,0.07419146202147729
16807,0.0521330604156563
16808,0.037593946162112056
16809,0.04576954626093176
16810,0.11456179056371053
16811,0.02885097064418959
16812,0.08415807244319695
16813,0.07419146202147729
16814,0.11807880307813506
16815,0.019322932527049887
16816,0.1253937758578759
16817,0.07187511267178946
16818,0.06326265912384453
16819,0.10780082751501731
16820,0.1253937758578759
16821,0.11456179056371053
16822,0.07187511267178946
16823,0.06326265912384453
16824,0.06962564382891834
16825,0.07657630222726251
16826,0.14538999654972165
16827,0.06532098566628583
16828,0.050467859648565414
16829,0.031870571610423684
16830,0.0472874451224437
16831,0.05562035029109824
16832,0.1253937758578759
16833,0.03885174918700678
16834,0.05744527367010645
16835,0.023622642765858633
16836,0.09831774697482025
16837,0.04576954626093176
16838,0.05562035029109824
16839,0.07187511267178946
16840,0.09532570362584843
16841,0.02885097064418959
16842,0.12168894794618093
16843,0.08155796530189055
16844,0.037593946162112056
16845,0.06326265912384453
16846,0.06532098566628583
16847,0.04148951147230672
16848,0.12919480614845036
16849,0.07657630222726251
16850,0.06962564382891834
16851,0.044298105555134894
16852,0.06744146074358998
16853,0.05744527367010645
16854,0.11807880307813506
16855,0.0472874451224437
16856,0.06962564382891834
16857,0.14538999654972165
16858,0.08155796530189055
16859,0.14969342319192988
16860,0.0472874451224437
16861,0.0472874451224437
16862,0.044298105555134894
16863,0.07419146202147729
16864,0.12168894794618093
16865,0.04576954626093176
16866,0.050467859648565414
16867,0.08415807244319695
16868,0.06532098566628583
16869,0.07187511267178946
16870,0.08155796530189055
16871,0.03637532268518375
16872,0.14969342319192988
16873,0.09532570362584843
16874,0.09532570362584843
16875,0.03294343905785485
16876,0.04014987964502801
16877,0.06326265912384453
16878,0.07903125771029479
16879,0.06326265912384453
16880,0.1370913686325979
16881,0.05744527367010645
16882,0.06532098566628583
16883,0.05744527367010645
16884,0.037593946162112056
16885,0.07187511267178946
16886,0.022094611379221522
16887,0.031870571610423684
16888,0.10455365490510782
16889,0.1253937758578759
16890,0.09532570362584843
16891,0.06744146074358998
16892,0.04287184471684473
16893,0.11113633246221037
16894,0.0472874451224437
16895,0.07419146202147729
16896,0.04576954626093176
16897,0.04287184471684473
16898,0.08683323524129412
16899,0.05562035029109824
16900,0.0340511524412236
16901,0.07187511267178946
16902,0.044298105555134894
16903,0.037593946162112056
16904,0.04885310630405945
16905,0.06744146074358998
16906,0.11113633246221037
16907,0.044298105555134894
16908,0.02525362158524688
16909,0.07187511267178946
16910,0.026994094835726477
16911,0.037593946162112056
16912,0.059326311972524026
16913,0.04287184471684473
16914,0.06962564382891834
16915,0.04287184471684473
16916,0.12168894794618093
16917,0.0895851163769912
16918,0.06962564382891834
16919,0.037593946162112056
16920,0.03885174918700678
16921,0.1013931778423964
16922,0.04885310630405945
16923,0.11113633246221037
16924,0.0895851163769912
16925,0.03294343905785485
16926,0.08683323524129412
16927,0.07419146202147729
16928,0.05744527367010645
16929,0.031870571610423684
16930,0.0340511524412236
16931,0.030831530235430404
16932,0.1013931778423964
16933,0.04576954626093176
16934,0.06326265912384453
16935,0.11113633246221037
16936,0.05744527367010645
16937,0.06532098566628583
16938,0.05744527367010645
16939,0.059326311972524026
16940,0.08683323524129412
16941,0.06532098566628583
16942,0.017470713401722432
16943,0.1013931778423964
16944,0.08415807244319695
16945,0.03294343905785485
16946,0.04014987964502801
16947,0.12168894794618093
16948,0.08683323524129412
16949,0.026109748256448687
16950,0.0521330604156563
16951,0.0895851163769912
16952,0.07903125771029479
16953,0.02790753622320684
16954,0.09532570362584843
16955,0.07187511267178946
16956,0.08415807244319695
16957,0.04014987964502801
16958,0.08683323524129412
16959,0.022094611379221522
16960,0.02525362158524688
16961,0.06126494107819702
16962,0.0895851163769912
16963,0.11113633246221037
16964,0.03637532268518375
16965,0.06962564382891834
16966,0.1013931778423964
16967,0.12168894794618093
16968,0.04287184471684473
16969,0.0472874451224437
16970,0.06744146074358998
16971,0.06532098566628583
16972,0.08415807244319695
16973,0.11113633246221037
16974,0.08415807244319695
16975,0.03637532268518375
16976,0.09532570362584843
16977,0.06532098566628583
16978,0.06126494107819702
16979,0.050467859648565414
16980,0.031870571610423684
16981,0.029825320005255892
16982,0.031870571610423684
16983,0.020663328957880672
16984,0.03637532268518375
16985,0.06532098566628583
16986,0.08415807244319695
16987,0.15861467629411466
16988,0.03294343905785485
16989,0.07657630222726251
16990,0.1253937758578759
16991,0.044298105555134894
16992,0.07657630222726251
16993,0.044298105555134894
16994,0.09532570362584843
16995,0.0472874451224437
16996,0.0472874451224437
16997,0.04287184471684473
16998,0.07419146202147729
16999,0.07657630222726251
17000,0.029825320005255892
17001,0.09532570362584843
17002,0.09831774697482025
17003,0.08415807244319695
17004,0.08415807244319695
17005,0.06532098566628583
17006,0.04148951147230672
17007,0.06962564382891834
17008,0.1013931778423964
17009,0.04014987964502801
17010,0.06532098566628583
17011,0.04014987964502801
17012,0.08683323524129412
17013,0.035194756820265335
17014,0.02525362158524688
17015,0.026994094835726477
17016,0.1253937758578759
17017,0.07187511267178946
17018,0.12168894794618093
17019,0.05385008895239068
17020,0.037593946162112056
17021,0.050467859648565414
17022,0.03885174918700678
17023,0.0472874451224437
17024,0.06532098566628583
17025,0.07187511267178946
17026,0.07657630222726251
17027,0.09241538285980007
17028,0.050467859648565414
17029,0.1370913686325979
17030,0.1370913686325979
17031,0.06326265912384453
17032,0.08683323524129412
17033,0.07187511267178946
17034,0.03294343905785485
17035,0.06326265912384453
17036,0.04014987964502801
17037,0.02885097064418959
17038,0.08415807244319695
17039,0.05562035029109824
17040,0.09831774697482025
17041,0.04576954626093176
17042,0.11456179056371053
17043,0.15410125929925808
17044,0.07419146202147729
17045,0.031870571610423684
17046,0.06962564382891834
17047,0.044298105555134894
17048,0.050467859648565414
17049,0.03885174918700678
17050,0.0472874451224437
17051,0.037593946162112056
17052,0.11807880307813506
17053,0.05744527367010645
17054,0.0521330604156563
17055,0.04885310630405945
17056,0.04287184471684473
17057,0.0340511524412236
17058,0.03294343905785485
17059,0.11456179056371053
17060,0.029825320005255892
17061,0.029825320005255892
17062,0.09532570362584843
17063,0.07657630222726251
17064,0.04148951147230672
17065,0.0521330604156563
17066,0.050467859648565414
17067,0.059326311972524026
17068,0.04287184471684473
17069,0.037593946162112056
17070,0.031870571610423684
17071,0.06744146074358998
17072,0.05385008895239068
17073,0.07657630222726251
17074,0.050467859648565414
17075,0.0521330604156563
17076,0.13309352252567752
17077,0.02525362158524688
17078,0.044298105555134894
17079,0.029825320005255892
17080,0.06962564382891834
17081,0.04576954626093176
17082,0.07657630222726251
17083,0.07419146202147729
17084,0.0895851163769912
17085,0.05562035029109824
17086,0.07903125771029479
17087,0.10455365490510782
17088,0.02885097064418959
17089,0.06126494107819702
17090,0.06126494107819702
17091,0.07187511267178946
17092,0.05385008895239068
17093,0.12168894794618093
17094,0.037593946162112056
17095,0.044298105555134894
17096,0.14969342319192988
17097,0.09241538285980007
17098,0.08155796530189055
17099,0.06532098566628583
17100,0.05744527367010645
17101,0.08155796530189055
17102,0.1370913686325979
17103,0.07657630222726251
17104,0.06962564382891834
17105,0.09241538285980007
17106,0.06126494107819702
17107,0.0895851163769912
17108,0.09532570362584843
17109,0.022094611379221522
17110,0.03885174918700678
17111,0.07187511267178946
17112,0.037593946162112056
17113,0.044298105555134894
17114,0.07657630222726251
17115,0.04885310630405945
17116,0.05744527367010645
17117,0.1013931778423964
17118,0.06744146074358998
17119,0.0895851163769912
17120,0.0895851163769912
17121,0.0472874451224437
17122,0.07903125771029479
17123,0.06126494107819702
17124,0.11113633246221037
17125,0.035194756820265335
17126,0.08683323524129412
17127,0.05385008895239068
17128,0.050467859648565414
17129,0.10780082751501731
17130,0.0895851163769912
17131,0.1370913686325979
17132,0.06744146074358998
17133,0.04148951147230672
17134,0.02136725069186659
17135,0.022094611379221522
17136,0.15410125929925808
17137,0.0340511524412236
17138,0.06744146074358998
17139,0.023622642765858633
17140,0.01806788128844435
17141,0.12168894794618093
17142,0.04885310630405945
17143,0.1013931778423964
17144,0.05562035029109824
17145,0.04148951147230672
17146,0.023622642765858633
17147,0.04885310630405945
17148,0.01998212368725082
17149,0.11456179056371053
17150,0.06962564382891834
17151,0.06962564382891834
17152,0.04148951147230672
17153,0.03637532268518375
17154,0.1013931778423964
17155,0.029825320005255892
17156,0.02790753622320684
17157,0.04014987964502801
17158,0.04287184471684473
17159,0.03294343905785485
17160,0.03294343905785485
17161,0.0521330604156563
17162,0.050467859648565414
17163,0.026109748256448687
17164,0.0472874451224437
17165,0.09831774697482025
17166,0.07187511267178946
17167,0.0472874451224437
17168,0.06532098566628583
17169,0.04885310630405945
17170,0.04885310630405945
17171,0.07187511267178946
17172,0.06326265912384453
17173,0.0472874451224437
17174,0.07903125771029479
17175,0.07419146202147729
17176,0.031870571610423684
17177,0.05562035029109824
17178,0.03637532268518375
17179,0.04287184471684473
17180,0.11456179056371053
17181,0.07419146202147729
17182,0.05562035029109824
17183,0.11113633246221037
17184,0.02442486287796552
17185,0.07657630222726251
17186,0.05562035029109824
17187,0.12168894794618093
17188,0.035194756820265335
17189,0.015270026198302424
17190,0.08683323524129412
17191,0.0340511524412236
17192,0.06126494107819702
17193,0.06326265912384453
17194,0.044298105555134894
17195,0.13309352252567752
17196,0.07657630222726251
17197,0.05562035029109824
17198,0.08155796530189055
17199,0.059326311972524026
17200,0.059326311972524026
17201,0.050467859648565414
17202,0.04148951147230672
17203,0.1253937758578759
17204,0.0472874451224437
17205,0.0895851163769912
17206,0.0472874451224437
17207,0.030831530235430404
17208,0.14969342319192988
17209,0.04885310630405945
17210,0.031870571610423684
17211,0.07657630222726251
17212,0.08415807244319695
17213,0.05744527367010645
17214,0.059326311972524026
17215,0.11456179056371053
17216,0.07657630222726251
17217,0.06532098566628583
17218,0.08415807244319695
17219,0.11456179056371053
17220,0.05562035029109824
17221,0.06744146074358998
17222,0.06126494107819702
17223,0.06744146074358998
17224,0.09241538285980007
17225,0.06126494107819702
17226,0.06126494107819702
17227,0.037593946162112056
17228,0.1253937758578759
17229,0.04014987964502801
17230,0.1253937758578759
17231,0.026994094835726477
17232,0.05744527367010645
17233,0.07903125771029479
17234,0.03637532268518375
17235,0.04576954626093176
17236,0.11807880307813506
17237,0.07187511267178946
17238,0.07419146202147729
17239,0.04576954626093176
17240,0.0895851163769912
17241,0.050467859648565414
17242,0.01998212368725082
17243,0.06126494107819702
17244,0.07657630222726251
17245,0.06326265912384453
17246,0.04014987964502801
17247,0.023622642765858633
17248,0.07419146202147729
17249,0.04148951147230672
17250,0.05385008895239068
17251,0.044298105555134894
17252,0.10455365490510782
17253,0.06962564382891834
17254,0.08415807244319695
17255,0.050467859648565414
17256,0.026109748256448687
17257,0.04148951147230672
17258,0.06532098566628583
17259,0.06744146074358998
17260,0.02790753622320684
17261,0.07657630222726251
17262,0.04148951147230672
17263,0.04148951147230672
17264,0.10455365490510782
17265,0.02885097064418959
17266,0.050467859648565414
17267,0.02885097064418959
17268,0.026994094835726477
17269,0.06532098566628583
17270,0.14969342319192988
17271,0.06326265912384453
17272,0.12168894794618093
17273,0.11113633246221037
17274,0.030831530235430404
17275,0.04885310630405945
17276,0.04287184471684473
17277,0.035194756820265335
17278,0.05744527367010645
17279,0.0521330604156563
17280,0.04885310630405945
17281,0.06126494107819702
17282,0.050467859648565414
17283,0.04885310630405945
17284,0.05385008895239068
17285,0.0895851163769912
17286,0.037593946162112056
17287,0.14538999654972165
17288,0.08155796530189055
17289,0.07187511267178946
17290,0.06126494107819702
17291,0.03294343905785485
17292,0.08155796530189055
17293,0.04287184471684473
17294,0.09831774697482025
17295,0.08415807244319695
17296,0.07903125771029479
17297,0.03885174918700678
17298,0.06962564382891834
17299,0.12919480614845036
17300,0.07187511267178946
17301,0.04576954626093176
17302,0.037593946162112056
17303,0.10455365490510782
17304,0.059326311972524026
17305,0.04014987964502801
17306,0.050467859648565414
17307,0.06744146074358998
17308,0.1253937758578759
17309,0.05562035029109824
17310,0.0521330604156563
17311,0.13309352252567752
17312,0.035194756820265335
17313,0.12168894794618093
17314,0.02885097064418959
17315,0.035194756820265335
17316,0.05385008895239068
17317,0.11113633246221037
17318,0.1370913686325979
17319,0.11456179056371053
17320,0.050467859648565414
17321,0.06532098566628583
17322,0.15410125929925808
17323,0.026994094835726477
17324,0.07903125771029479
17325,0.044298105555134894
17326,0.05385008895239068
17327,0.06532098566628583
17328,0.13309352252567752
17329,0.08155796530189055
17330,0.12168894794618093
17331,0.030831530235430404
17332,0.04576954626093176
17333,0.03885174918700678
17334,0.07903125771029479
17335,0.12168894794618093
17336,0.07903125771029479
17337,0.07657630222726251
17338,0.06326265912384453
17339,0.10455365490510782
17340,0.044298105555134894
17341,0.0521330604156563
17342,0.06532098566628583
17343,0.050467859648565414
17344,0.0340511524412236
17345,0.019322932527049887
17346,0.08683323524129412
17347,0.037593946162112056
17348,0.1013931778423964
17349,0.05385008895239068
17350,0.04576954626093176
17351,0.04014987964502801
17352,0.08415807244319695
17353,0.07419146202147729
17354,0.059326311972524026
17355,0.0472874451224437
17356,0.0521330604156563
17357,0.0472874451224437
17358,0.08415807244319695
17359,0.0521330604156563
17360,0.06126494107819702
17361,0.07903125771029479
17362,0.05562035029109824
17363,0.11113633246221037
17364,0.05744527367010645
17365,0.04885310630405945
17366,0.0472874451224437
17367,0.06326265912384453
17368,0.08683323524129412
17369,0.1013931778423964
17370,0.03885174918700678
17371,0.1013931778423964
17372,0.03294343905785485
17373,0.13309352252567752
17374,0.03885174918700678
17375,0.06326265912384453
17376,0.1370913686325979
17377,0.050467859648565414
17378,0.06326265912384453
17379,0.1013931778423964
17380,0.06744146074358998
17381,0.0521330604156563
17382,0.029825320005255892
17383,0.059326311972524026
17384,0.11456179056371053
17385,0.06744146074358998
17386,0.1253937758578759
17387,0.09532570362584843
17388,0.10780082751501731
17389,0.0472874451224437
17390,0.04148951147230672
17391,0.059326311972524026
17392,0.11807880307813506
17393,0.08155796530189055
17394,0.030831530235430404
17395,0.1013931778423964
17396,0.05385008895239068
17397,0.06532098566628583
17398,0.037593946162112056
17399,0.04576954626093176
17400,0.1253937758578759
17401,0.05385008895239068
17402,0.044298105555134894
17403,0.09831774697482025
17404,0.059326311972524026
17405,0.050467859648565414
17406,0.029825320005255892
17407,0.044298105555134894
17408,0.06532098566628583
17409,0.12168894794618093
17410,0.04287184471684473
17411,0.06744146074358998
17412,0.04287184471684473
17413,0.0895851163769912
17414,0.037593946162112056
17415,0.035194756820265335
17416,0.01868507284109021
17417,0.07903125771029479
17418,0.06744146074358998
17419,0.08683323524129412
17420,0.05562035029109824
17421,0.03885174918700678
17422,0.07657630222726251
17423,0.07657630222726251
17424,0.11113633246221037
17425,0.044298105555134894
17426,0.02885097064418959
17427,0.02284615406529167
17428,0.037593946162112056
17429,0.06326265912384453
17430,0.044298105555134894
17431,0.02136725069186659
17432,0.06962564382891834
17433,0.02790753622320684
17434,0.023622642765858633
17435,0.06962564382891834
17436,0.0340511524412236
17437,0.07187511267178946
17438,0.04148951147230672
17439,0.08155796530189055
17440,0.06126494107819702
17441,0.06962564382891834
17442,0.03885174918700678
17443,0.07903125771029479
17444,0.020663328957880672
17445,0.09241538285980007
17446,0.035194756820265335
17447,0.06126494107819702
17448,0.06126494107819702
17449,0.05385008895239068
17450,0.06744146074358998
17451,0.06962564382891834
17452,0.044298105555134894
17453,0.02790753622320684
17454,0.13309352252567752
17455,0.05744527367010645
17456,0.12919480614845036
17457,0.06326265912384453
17458,0.1013931778423964
17459,0.07187511267178946
17460,0.01579318133211142
17461,0.06744146074358998
17462,0.10780082751501731
17463,0.04287184471684473
17464,0.08155796530189055
17465,0.09532570362584843
17466,0.10780082751501731
17467,0.15410125929925808
17468,0.12919480614845036
17469,0.037593946162112056
17470,0.10455365490510782
17471,0.09241538285980007
17472,0.12919480614845036
17473,0.044298105555134894
17474,0.12919480614845036
17475,0.023622642765858633
17476,0.09241538285980007
17477,0.07187511267178946
17478,0.1013931778423964
17479,0.13309352252567752
17480,0.07657630222726251
17481,0.12168894794618093
17482,0.04148951147230672
17483,0.059326311972524026
17484,0.03885174918700678
17485,0.0472874451224437
17486,0.04885310630405945
17487,0.12168894794618093
17488,0.05744527367010645
17489,0.04885310630405945
17490,0.07419146202147729
17491,0.08415807244319695
17492,0.08683323524129412
17493,0.1411897434506853
17494,0.07903125771029479
17495,0.02525362158524688
17496,0.04148951147230672
17497,0.1013931778423964
17498,0.035194756820265335
17499,0.06126494107819702
17500,0.07187511267178946
17501,0.06532098566628583
17502,0.026109748256448687
17503,0.07657630222726251
17504,0.05562035029109824
17505,0.0472874451224437
17506,0.0472874451224437
17507,0.11807880307813506
17508,0.09241538285980007
17509,0.04014987964502801
17510,0.05385008895239068
17511,0.03637532268518375
17512,0.11113633246221037
17513,0.06326265912384453
17514,0.044298105555134894
17515,0.10780082751501731
17516,0.0521330604156563
17517,0.03637532268518375
17518,0.07187511267178946
17519,0.04576954626093176
17520,0.059326311972524026
17521,0.0472874451224437
17522,0.06532098566628583
17523,0.10455365490510782
17524,0.07187511267178946
17525,0.059326311972524026
17526,0.15861467629411466
17527,0.09831774697482025
17528,0.09241538285980007
17529,0.08155796530189055
17530,0.0472874451224437
17531,0.06532098566628583
17532,0.07187511267178946
17533,0.09532570362584843
17534,0.06532098566628583
17535,0.0340511524412236
17536,0.07419146202147729
17537,0.05744527367010645
17538,0.04576954626093176
17539,0.09831774697482025
17540,0.12919480614845036
17541,0.035194756820265335
17542,0.04885310630405945
17543,0.1253937758578759
17544,0.03637532268518375
17545,0.02442486287796552
17546,0.06532098566628583
17547,0.07419146202147729
17548,0.08155796530189055
17549,0.08415807244319695
17550,0.037593946162112056
17551,0.031870571610423684
17552,0.02284615406529167
17553,0.059326311972524026
17554,0.07187511267178946
17555,0.05562035029109824
17556,0.1013931778423964
17557,0.1253937758578759
17558,0.08155796530189055
17559,0.08415807244319695
17560,0.04576954626093176
17561,0.059326311972524026
17562,0.04014987964502801
17563,0.05385008895239068
17564,0.04576954626093176
17565,0.10455365490510782
17566,0.04014987964502801
17567,0.05385008895239068
17568,0.06532098566628583
17569,0.0521330604156563
17570,0.0472874451224437
17571,0.04576954626093176
17572,0.06326265912384453
17573,0.0521330604156563
17574,0.09831774697482025
17575,0.04287184471684473
17576,0.0521330604156563
17577,0.06962564382891834
17578,0.06744146074358998
17579,0.07187511267178946
17580,0.07187511267178946
17581,0.08683323524129412
17582,0.02790753622320684
17583,0.09241538285980007
17584,0.05385008895239068
17585,0.04148951147230672
17586,0.05562035029109824
17587,0.05744527367010645
17588,0.04576954626093176
17589,0.035194756820265335
17590,0.04287184471684473
17591,0.07419146202147729
17592,0.050467859648565414
17593,0.10780082751501731
17594,0.04148951147230672
17595,0.05385008895239068
17596,0.04576954626093176
17597,0.06532098566628583
17598,0.06126494107819702
17599,0.12168894794618093
17600,0.10455365490510782
17601,0.09831774697482025
17602,0.0521330604156563
17603,0.06532098566628583
17604,0.06744146074358998
17605,0.03885174918700678
17606,0.11807880307813506
17607,0.01806788128844435
17608,0.12168894794618093
17609,0.02525362158524688
17610,0.0472874451224437
17611,0.031870571610423684
17612,0.08683323524129412
17613,0.07187511267178946
17614,0.06126494107819702
17615,0.059326311972524026
17616,0.06962564382891834
17617,0.07187511267178946
17618,0.02442486287796552
17619,0.0472874451224437
17620,0.023622642765858633
17621,0.05562035029109824
17622,0.09532570362584843
17623,0.0895851163769912
17624,0.03885174918700678
17625,0.02136725069186659
17626,0.11456179056371053
17627,0.03885174918700678
17628,0.09241538285980007
17629,0.13309352252567752
17630,0.05744527367010645
17631,0.07187511267178946
17632,0.03885174918700678
17633,0.04885310630405945
17634,0.0472874451224437
17635,0.050467859648565414
17636,0.1411897434506853
17637,0.037593946162112056
17638,0.04287184471684473
17639,0.06326265912384453
17640,0.03637532268518375
17641,0.07903125771029479
17642,0.06962564382891834
17643,0.044298105555134894
17644,0.07419146202147729
17645,0.04885310630405945
17646,0.06532098566628583
17647,0.07187511267178946
17648,0.10780082751501731
17649,0.037593946162112056
17650,0.035194756820265335
17651,0.050467859648565414
17652,0.04287184471684473
17653,0.06532098566628583
17654,0.11807880307813506
17655,0.044298105555134894
17656,0.07903125771029479
17657,0.02284615406529167
17658,0.06326265912384453
17659,0.07903125771029479
17660,0.07657630222726251
17661,0.04148951147230672
17662,0.037593946162112056
17663,0.05562035029109824
17664,0.06962564382891834
17665,0.13309352252567752
17666,0.1253937758578759
17667,0.10780082751501731
17668,0.04014987964502801
17669,0.08415807244319695
17670,0.0895851163769912
17671,0.10455365490510782
17672,0.04287184471684473
17673,0.04576954626093176
17674,0.08415807244319695
17675,0.04148951147230672
17676,0.11113633246221037
17677,0.04576954626093176
17678,0.031870571610423684
17679,0.06532098566628583
17680,0.06532098566628583
17681,0.026994094835726477
17682,0.037593946162112056
17683,0.0895851163769912
17684,0.08683323524129412
17685,0.07187511267178946
17686,0.08155796530189055
17687,0.06126494107819702
17688,0.10780082751501731
17689,0.08155796530189055
17690,0.11807880307813506
17691,0.02525362158524688
17692,0.04148951147230672
17693,0.09532570362584843
17694,0.026994094835726477
17695,0.08415807244319695
17696,0.08683323524129412
17697,0.1013931778423964
17698,0.04885310630405945
17699,0.050467859648565414
17700,0.035194756820265335
17701,0.07657630222726251
17702,0.06744146074358998
17703,0.08683323524129412
17704,0.10780082751501731
17705,0.03885174918700678
17706,0.10455365490510782
17707,0.05562035029109824
17708,0.11113633246221037
17709,0.0521330604156563
17710,0.07903125771029479
17711,0.04885310630405945
17712,0.05744527367010645
17713,0.04576954626093176
17714,0.06126494107819702
17715,0.07187511267178946
17716,0.03637532268518375
17717,0.06126494107819702
17718,0.03885174918700678
17719,0.03637532268518375
17720,0.026994094835726477
17721,0.05385008895239068
17722,0.044298105555134894
17723,0.050467859648565414
17724,0.1013931778423964
17725,0.0895851163769912
17726,0.09241538285980007
17727,0.1411897434506853
17728,0.04148951147230672
17729,0.035194756820265335
17730,0.09532570362584843
17731,0.1253937758578759
17732,0.05744527367010645
17733,0.07903125771029479
17734,0.02284615406529167
17735,0.08683323524129412
17736,0.02790753622320684
17737,0.05562035029109824
17738,0.08415807244319695
17739,0.09831774697482025
17740,0.10455365490510782
17741,0.017470713401722432
17742,0.1253937758578759
17743,0.029825320005255892
17744,0.11456179056371053
17745,0.031870571610423684
17746,0.0521330604156563
17747,0.08415807244319695
17748,0.04885310630405945
17749,0.09241538285980007
17750,0.08415807244319695
17751,0.04148951147230672
17752,0.07419146202147729
17753,0.12168894794618093
17754,0.07419146202147729
17755,0.02442486287796552
17756,0.04576954626093176
17757,0.06532098566628583
17758,0.05385008895239068
17759,0.15861467629411466
17760,0.05562035029109824
17761,0.07419146202147729
17762,0.07657630222726251
17763,0.06744146074358998
17764,0.059326311972524026
17765,0.023622642765858633
17766,0.031870571610423684
17767,0.12919480614845036
17768,0.06744146074358998
17769,0.11456179056371053
17770,0.1253937758578759
17771,0.02525362158524688
17772,0.12168894794618093
17773,0.0895851163769912
17774,0.09831774697482025
17775,0.06326265912384453
17776,0.035194756820265335
17777,0.026109748256448687
17778,0.05385008895239068
17779,0.059326311972524026
17780,0.029825320005255892
17781,0.08415807244319695
17782,0.017470713401722432
17783,0.04885310630405945
17784,0.06326265912384453
17785,0.1013931778423964
17786,0.04287184471684473
17787,0.10780082751501731
17788,0.0521330604156563
17789,0.04148951147230672
17790,0.0521330604156563
17791,0.10780082751501731
17792,0.029825320005255892
17793,0.06744146074358998
17794,0.037593946162112056
17795,0.050467859648565414
17796,0.08683323524129412
17797,0.04148951147230672
17798,0.10780082751501731
17799,0.04287184471684473
17800,0.1253937758578759
17801,0.14538999654972165
17802,0.12919480614845036
17803,0.03637532268518375
17804,0.1253937758578759
17805,0.06126494107819702
17806,0.04287184471684473
17807,0.06126494107819702
17808,0.11113633246221037
17809,0.10780082751501731
17810,0.05385008895239068
17811,0.04885310630405945
17812,0.08683323524129412
17813,0.03294343905785485
17814,0.04885310630405945
17815,0.06962564382891834
17816,0.059326311972524026
17817,0.0340511524412236
17818,0.03294343905785485
17819,0.06126494107819702
17820,0.03885174918700678
17821,0.04885310630405945
17822,0.03637532268518375
17823,0.08683323524129412
17824,0.059326311972524026
17825,0.08415807244319695
17826,0.1411897434506853
17827,0.026994094835726477
17828,0.08155796530189055
17829,0.02790753622320684
17830,0.05744527367010645
17831,0.0521330604156563
17832,0.10455365490510782
17833,0.04014987964502801
17834,0.02525362158524688
17835,0.1411897434506853
17836,0.020663328957880672
17837,0.03637532268518375
17838,0.10455365490510782
17839,0.09831774697482025
17840,0.02136725069186659
17841,0.044298105555134894
17842,0.0340511524412236
17843,0.06744146074358998
17844,0.059326311972524026
17845,0.031870571610423684
17846,0.07419146202147729
17847,0.07657630222726251
17848,0.044298105555134894
17849,0.059326311972524026
17850,0.0340511524412236
17851,0.04287184471684473
17852,0.07419146202147729
17853,0.06744146074358998
17854,0.07187511267178946
17855,0.01579318133211142
17856,0.08155796530189055
17857,0.12919480614845036
17858,0.0521330604156563
17859,0.09241538285980007
17860,0.06532098566628583
17861,0.059326311972524026
17862,0.029825320005255892
17863,0.03885174918700678
17864,0.06326265912384453
17865,0.037593946162112056
17866,0.06326265912384453
17867,0.1411897434506853
17868,0.04576954626093176
17869,0.14538999654972165
17870,0.1013931778423964
17871,0.0340511524412236
17872,0.026109748256448687
17873,0.05744527367010645
17874,0.03885174918700678
17875,0.07187511267178946
17876,0.02136725069186659
17877,0.07187511267178946
17878,0.037593946162112056
17879,0.11113633246221037
17880,0.03885174918700678
17881,0.06126494107819702
17882,0.023622642765858633
17883,0.10455365490510782
17884,0.06126494107819702
17885,0.12168894794618093
17886,0.11113633246221037
17887,0.0521330604156563
17888,0.059326311972524026
17889,0.1253937758578759
17890,0.08155796530189055
17891,0.04576954626093176
17892,0.09532570362584843
17893,0.06532098566628583
17894,0.0472874451224437
17895,0.12168894794618093
17896,0.05744527367010645
17897,0.04885310630405945
17898,0.08683323524129412
17899,0.031870571610423684
17900,0.035194756820265335
17901,0.02442486287796552
17902,0.10780082751501731
17903,0.04014987964502801
17904,0.0895851163769912
17905,0.08683323524129412
17906,0.09831774697482025
17907,0.07419146202147729
17908,0.04148951147230672
17909,0.13309352252567752
17910,0.030831530235430404
17911,0.05385008895239068
17912,0.09831774697482025
17913,0.12919480614845036
17914,0.10455365490510782
17915,0.02442486287796552
17916,0.04885310630405945
17917,0.06962564382891834
17918,0.11456179056371053
17919,0.14538999654972165
17920,0.030831530235430404
17921,0.031870571610423684
17922,0.0340511524412236
17923,0.1411897434506853
17924,0.06126494107819702
17925,0.05385008895239068
17926,0.06962564382891834
17927,0.06532098566628583
17928,0.07187511267178946
17929,0.05744527367010645
17930,0.10780082751501731
17931,0.06326265912384453
17932,0.05744527367010645
17933,0.03885174918700678
17934,0.05385008895239068
17935,0.07187511267178946
17936,0.05562035029109824
17937,0.07657630222726251
17938,0.026109748256448687
17939,0.05562035029109824
17940,0.1411897434506853
17941,0.07903125771029479
17942,0.06532098566628583
17943,0.13309352252567752
17944,0.06962564382891834
17945,0.06532098566628583
17946,0.07187511267178946
17947,0.07419146202147729
17948,0.05744527367010645
17949,0.022094611379221522
17950,0.03885174918700678
17951,0.03885174918700678
17952,0.02885097064418959
17953,0.09831774697482025
17954,0.03885174918700678
17955,0.05562035029109824
17956,0.1370913686325979
17957,0.08683323524129412
17958,0.08415807244319695
17959,0.08155796530189055
17960,0.06532098566628583
17961,0.03637532268518375
17962,0.08683323524129412
17963,0.07903125771029479
17964,0.11807880307813506
17965,0.08155796530189055
17966,0.050467859648565414
17967,0.08155796530189055
17968,0.07419146202147729
17969,0.06962564382891834
17970,0.050467859648565414
17971,0.08155796530189055
17972,0.06532098566628583
17973,0.02525362158524688
17974,0.07903125771029479
17975,0.06326265912384453
17976,0.0895851163769912
17977,0.06126494107819702
17978,0.10455365490510782
17979,0.1253937758578759
17980,0.04885310630405945
17981,0.01633396259861487
17982,0.07187511267178946
17983,0.020663328957880672
17984,0.08415807244319695
17985,0.031870571610423684
17986,0.059326311972524026
17987,0.12168894794618093
17988,0.09532570362584843
17989,0.08155796530189055
17990,0.11456179056371053
17991,0.0340511524412236
17992,0.06744146074358998
17993,0.08415807244319695
17994,0.08415807244319695
17995,0.07657630222726251
17996,0.0472874451224437
17997,0.06532098566628583
17998,0.1013931778423964
17999,0.04148951147230672
18000,0.035194756820265335
18001,0.04885310630405945
18002,0.11807880307813506
18003,0.04148951147230672
18004,0.059326311972524026
18005,0.0340511524412236
18006,0.037593946162112056
18007,0.08683323524129412
18008,0.09831774697482025
18009,0.12919480614845036
18010,0.06962564382891834
18011,0.13309352252567752
18012,0.04148951147230672
18013,0.0472874451224437
18014,0.07903125771029479
18015,0.14969342319192988
18016,0.05744527367010645
18017,0.035194756820265335
18018,0.0895851163769912
18019,0.07187511267178946
18020,0.06532098566628583
18021,0.04576954626093176
18022,0.09831774697482025
18023,0.04287184471684473
18024,0.07657630222726251
18025,0.03885174918700678
18026,0.07903125771029479
18027,0.1253937758578759
18028,0.03637532268518375
18029,0.03294343905785485
18030,0.09241538285980007
18031,0.0521330604156563
18032,0.04885310630405945
18033,0.01868507284109021
18034,0.04287184471684473
18035,0.12168894794618093
18036,0.031870571610423684
18037,0.06962564382891834
18038,0.05562035029109824
18039,0.10780082751501731
18040,0.03637532268518375
18041,0.03637532268518375
18042,0.06532098566628583
18043,0.044298105555134894
18044,0.04287184471684473
18045,0.04885310630405945
18046,0.06962564382891834
18047,0.04576954626093176
18048,0.0340511524412236
18049,0.04576954626093176
18050,0.044298105555134894
18051,0.07657630222726251
18052,0.04148951147230672
18053,0.08155796530189055
18054,0.04014987964502801
18055,0.03637532268518375
18056,0.06744146074358998
18057,0.11456179056371053
18058,0.0895851163769912
18059,0.07187511267178946
18060,0.07419146202147729
18061,0.11456179056371053
18062,0.03885174918700678
18063,0.03294343905785485
18064,0.026994094835726477
18065,0.059326311972524026
18066,0.06326265912384453
18067,0.02442486287796552
18068,0.04885310630405945
18069,0.11113633246221037
18070,0.03885174918700678
18071,0.0895851163769912
18072,0.044298105555134894
18073,0.04885310630405945
18074,0.03885174918700678
18075,0.029825320005255892
18076,0.10455365490510782
18077,0.07903125771029479
18078,0.08415807244319695
18079,0.07657630222726251
18080,0.12168894794618093
18081,0.08415807244319695
18082,0.044298105555134894
18083,0.02790753622320684
18084,0.14538999654972165
18085,0.08683323524129412
18086,0.03637532268518375
18087,0.09241538285980007
18088,0.09831774697482025
18089,0.04148951147230672
18090,0.04287184471684473
18091,0.044298105555134894
18092,0.11807880307813506
18093,0.04287184471684473
18094,0.07187511267178946
18095,0.11807880307813506
18096,0.05385008895239068
18097,0.08155796530189055
18098,0.01806788128844435
18099,0.05385008895239068
18100,0.09532570362584843
18101,0.044298105555134894
18102,0.0895851163769912
18103,0.044298105555134894
18104,0.06962564382891834
18105,0.0472874451224437
18106,0.08155796530189055
18107,0.05385008895239068
18108,0.04885310630405945
18109,0.07903125771029479
18110,0.11456179056371053
18111,0.0472874451224437
18112,0.03885174918700678
18113,0.04148951147230672
18114,0.01633396259861487
18115,0.04885310630405945
18116,0.01806788128844435
18117,0.044298105555134894
18118,0.0472874451224437
18119,0.09241538285980007
18120,0.09241538285980007
18121,0.08155796530189055
18122,0.0895851163769912
18123,0.15861467629411466
18124,0.08415807244319695
18125,0.03294343905785485
18126,0.01998212368725082
18127,0.14969342319192988
18128,0.08155796530189055
18129,0.050467859648565414
18130,0.050467859648565414
18131,0.035194756820265335
18132,0.08683323524129412
18133,0.0521330604156563
18134,0.06126494107819702
18135,0.11456179056371053
18136,0.05744527367010645
18137,0.05744527367010645
18138,0.07419146202147729
18139,0.07419146202147729
18140,0.06744146074358998
18141,0.059326311972524026
18142,0.11456179056371053
18143,0.03885174918700678
18144,0.037593946162112056
18145,0.059326311972524026
18146,0.026109748256448687
18147,0.02136725069186659
18148,0.09241538285980007
18149,0.04885310630405945
18150,0.0472874451224437
18151,0.06962564382891834
18152,0.05744527367010645
18153,0.08415807244319695
18154,0.06744146074358998
18155,0.07187511267178946
18156,0.026109748256448687
18157,0.07419146202147729
18158,0.059326311972524026
18159,0.09532570362584843
18160,0.11113633246221037
18161,0.07657630222726251
18162,0.044298105555134894
18163,0.014274385186035453
18164,0.08155796530189055
18165,0.016892943165924136
18166,0.05385008895239068
18167,0.05385008895239068
18168,0.11807880307813506
18169,0.02790753622320684
18170,0.09241538285980007
18171,0.1411897434506853
18172,0.07187511267178946
18173,0.1411897434506853
18174,0.030831530235430404
18175,0.09532570362584843
18176,0.06326265912384453
18177,0.037593946162112056
18178,0.08155796530189055
18179,0.02525362158524688
18180,0.04014987964502801
18181,0.06962564382891834
18182,0.09241538285980007
18183,0.06962564382891834
18184,0.07903125771029479
18185,0.08415807244319695
18186,0.11456179056371053
18187,0.09532570362584843
18188,0.04287184471684473
18189,0.04885310630405945
18190,0.06744146074358998
18191,0.07187511267178946
18192,0.04287184471684473
18193,0.06962564382891834
18194,0.06126494107819702
18195,0.08683323524129412
18196,0.02885097064418959
18197,0.044298105555134894
18198,0.08415807244319695
18199,0.050467859648565414
18200,0.0472874451224437
18201,0.05385008895239068
18202,0.06326265912384453
18203,0.06532098566628583
18204,0.035194756820265335
18205,0.030831530235430404
18206,0.07903125771029479
18207,0.04287184471684473
18208,0.050467859648565414
18209,0.08155796530189055
18210,0.05744527367010645
18211,0.01868507284109021
18212,0.059326311972524026
18213,0.016892943165924136
18214,0.06532098566628583
18215,0.04148951147230672
18216,0.06744146074358998
18217,0.08415807244319695
18218,0.0895851163769912
18219,0.06962564382891834
18220,0.050467859648565414
18221,0.1013931778423964
18222,0.04148951147230672
18223,0.02885097064418959
18224,0.07419146202147729
18225,0.050467859648565414
18226,0.0472874451224437
18227,0.0472874451224437
18228,0.04885310630405945
18229,0.0521330604156563
18230,0.035194756820265335
18231,0.07187511267178946
18232,0.0521330604156563
18233,0.09241538285980007
18234,0.06326265912384453
18235,0.11807880307813506
18236,0.04148951147230672
18237,0.08415807244319695
18238,0.08155796530189055
18239,0.0895851163769912
18240,0.0472874451224437
18241,0.0895851163769912
18242,0.03885174918700678
18243,0.07657630222726251
18244,0.0895851163769912
18245,0.05562035029109824
18246,0.07187511267178946
18247,0.06962564382891834
18248,0.020663328957880672
18249,0.05385008895239068
18250,0.07903125771029479
18251,0.03885174918700678
18252,0.07657630222726251
18253,0.06126494107819702
18254,0.06962564382891834
18255,0.10455365490510782
18256,0.059326311972524026
18257,0.03885174918700678
18258,0.059326311972524026
18259,0.06962564382891834
18260,0.09532570362584843
18261,0.059326311972524026
18262,0.04287184471684473
18263,0.06744146074358998
18264,0.06962564382891834
18265,0.06962564382891834
18266,0.06532098566628583
18267,0.08155796530189055
18268,0.0340511524412236
18269,0.10780082751501731
18270,0.05744527367010645
18271,0.1370913686325979
18272,0.050467859648565414
18273,0.0521330604156563
18274,0.07903125771029479
18275,0.029825320005255892
18276,0.09532570362584843
18277,0.06532098566628583
18278,0.03637532268518375
18279,0.02136725069186659
18280,0.04885310630405945
18281,0.04148951147230672
18282,0.07419146202147729
18283,0.06532098566628583
18284,0.035194756820265335
18285,0.05744527367010645
18286,0.05385008895239068
18287,0.10780082751501731
18288,0.059326311972524026
18289,0.14969342319192988
18290,0.0472874451224437
18291,0.026109748256448687
18292,0.050467859648565414
18293,0.050467859648565414
18294,0.06126494107819702
18295,0.026109748256448687
18296,0.04148951147230672
18297,0.04576954626093176
18298,0.11113633246221037
18299,0.026109748256448687
18300,0.06744146074358998
18301,0.0340511524412236
18302,0.04014987964502801
18303,0.07419146202147729
18304,0.044298105555134894
18305,0.0472874451224437
18306,0.1253937758578759
18307,0.026994094835726477
18308,0.07657630222726251
18309,0.0521330604156563
18310,0.02525362158524688
18311,0.08415807244319695
18312,0.11456179056371053
18313,0.11113633246221037
18314,0.026994094835726477
18315,0.08683323524129412
18316,0.059326311972524026
18317,0.07187511267178946
18318,0.04148951147230672
18319,0.06532098566628583
18320,0.03885174918700678
18321,0.02790753622320684
18322,0.07187511267178946
18323,0.0521330604156563
18324,0.026109748256448687
18325,0.050467859648565414
18326,0.07657630222726251
18327,0.08683323524129412
18328,0.04287184471684473
18329,0.03885174918700678
18330,0.03294343905785485
18331,0.11807880307813506
18332,0.04885310630405945
18333,0.06126494107819702
18334,0.03294343905785485
18335,0.05562035029109824
18336,0.04287184471684473
18337,0.1370913686325979
18338,0.09241538285980007
18339,0.035194756820265335
18340,0.05562035029109824
18341,0.037593946162112056
18342,0.04576954626093176
18343,0.02885097064418959
18344,0.06126494107819702
18345,0.07657630222726251
18346,0.029825320005255892
18347,0.09831774697482025
18348,0.05562035029109824
18349,0.1370913686325979
18350,0.12919480614845036
18351,0.06126494107819702
18352,0.11456179056371053
18353,0.0340511524412236
18354,0.050467859648565414
18355,0.03885174918700678
18356,0.02284615406529167
18357,0.050467859648565414
18358,0.031870571610423684
18359,0.0472874451224437
18360,0.11807880307813506
18361,0.13309352252567752
18362,0.04576954626093176
18363,0.05744527367010645
18364,0.05385008895239068
18365,0.02442486287796552
18366,0.05562035029109824
18367,0.08415807244319695
18368,0.04287184471684473
18369,0.035194756820265335
18370,0.11456179056371053
18371,0.10780082751501731
18372,0.05385008895239068
18373,0.1370913686325979
18374,0.12168894794618093
18375,0.02525362158524688
18376,0.04287184471684473
18377,0.09831774697482025
18378,0.06326265912384453
18379,0.07187511267178946
18380,0.04014987964502801
18381,0.08683323524129412
18382,0.14969342319192988
18383,0.08683323524129412
18384,0.13309352252567752
18385,0.05744527367010645
18386,0.08155796530189055
18387,0.01998212368725082
18388,0.05385008895239068
18389,0.06326265912384453
18390,0.11807880307813506
18391,0.08415807244319695
18392,0.04885310630405945
18393,0.12919480614845036
18394,0.044298105555134894
18395,0.02885097064418959
18396,0.04287184471684473
18397,0.04885310630405945
18398,0.06744146074358998
18399,0.07657630222726251
18400,0.11456179056371053
18401,0.06532098566628583
18402,0.13309352252567752
18403,0.02790753622320684
18404,0.07657630222726251
18405,0.03637532268518375
18406,0.02885097064418959
18407,0.031870571610423684
18408,0.11113633246221037
18409,0.10455365490510782
18410,0.02525362158524688
18411,0.04885310630405945
18412,0.05744527367010645
18413,0.026994094835726477
18414,0.10780082751501731
18415,0.03294343905785485
18416,0.06126494107819702
18417,0.09831774697482025
18418,0.031870571610423684
18419,0.06962564382891834
18420,0.07903125771029479
18421,0.09532570362584843
18422,0.06532098566628583
18423,0.0521330604156563
18424,0.06126494107819702
18425,0.04885310630405945
18426,0.09241538285980007
18427,0.13309352252567752
18428,0.050467859648565414
18429,0.08683323524129412
18430,0.04576954626093176
18431,0.08155796530189055
18432,0.05744527367010645
18433,0.10780082751501731
18434,0.0521330604156563
18435,0.09831774697482025
18436,0.050467859648565414
18437,0.035194756820265335
18438,0.07187511267178946
18439,0.02442486287796552
18440,0.10780082751501731
18441,0.0472874451224437
18442,0.06744146074358998
18443,0.0472874451224437
18444,0.1013931778423964
18445,0.022094611379221522
18446,0.01998212368725082
18447,0.11113633246221037
18448,0.10455365490510782
18449,0.09532570362584843
18450,0.04287184471684473
18451,0.06532098566628583
18452,0.02136725069186659
18453,0.08155796530189055
18454,0.11113633246221037
18455,0.09241538285980007
18456,0.029825320005255892
18457,0.05562035029109824
18458,0.07657630222726251
18459,0.11807880307813506
18460,0.12168894794618093
18461,0.05385008895239068
18462,0.02885097064418959
18463,0.06126494107819702
18464,0.04148951147230672
18465,0.06326265912384453
18466,0.0895851163769912
18467,0.13309352252567752
18468,0.04287184471684473
18469,0.07657630222726251
18470,0.03885174918700678
18471,0.1370913686325979
18472,0.07419146202147729
18473,0.05744527367010645
18474,0.06744146074358998
18475,0.07903125771029479
18476,0.037593946162112056
18477,0.037593946162112056
18478,0.07419146202147729
18479,0.07657630222726251
18480,0.14538999654972165
18481,0.09241538285980007
18482,0.06744146074358998
18483,0.07419146202147729
18484,0.04287184471684473
18485,0.029825320005255892
18486,0.07187511267178946
18487,0.044298105555134894
18488,0.044298105555134894
18489,0.0472874451224437
18490,0.06962564382891834
18491,0.059326311972524026
18492,0.037593946162112056
18493,0.14538999654972165
18494,0.08415807244319695
18495,0.11456179056371053
18496,0.02525362158524688
18497,0.04287184471684473
18498,0.10455365490510782
18499,0.11113633246221037
18500,0.07657630222726251
18501,0.0340511524412236
18502,0.12168894794618093
18503,0.09532570362584843
18504,0.07657630222726251
18505,0.1253937758578759
18506,0.07187511267178946
18507,0.050467859648565414
18508,0.016892943165924136
18509,0.15410125929925808
18510,0.06126494107819702
18511,0.04287184471684473
18512,0.02284615406529167
18513,0.05562035029109824
18514,0.07187511267178946
18515,0.06532098566628583
18516,0.05744527367010645
18517,0.05385008895239068
18518,0.13309352252567752
18519,0.10455365490510782
18520,0.1013931778423964
18521,0.11807880307813506
18522,0.07419146202147729
18523,0.06962564382891834
18524,0.08415807244319695
18525,0.06126494107819702
18526,0.06126494107819702
18527,0.03637532268518375
18528,0.03294343905785485
18529,0.09532570362584843
18530,0.05562035029109824
18531,0.0472874451224437
18532,0.1253937758578759
18533,0.10780082751501731
18534,0.050467859648565414
18535,0.08155796530189055
18536,0.03885174918700678
18537,0.04885310630405945
18538,0.0472874451224437
18539,0.08155796530189055
18540,0.059326311972524026
18541,0.0340511524412236
18542,0.07187511267178946
18543,0.1411897434506853
18544,0.06744146074358998
18545,0.08683323524129412
18546,0.07419146202147729
18547,0.06326265912384453
18548,0.050467859648565414
18549,0.04576954626093176
18550,0.06326265912384453
18551,0.07187511267178946
18552,0.11113633246221037
18553,0.04287184471684473
18554,0.05562035029109824
18555,0.11456179056371053
18556,0.06744146074358998
18557,0.0895851163769912
18558,0.06744146074358998
18559,0.04885310630405945
18560,0.030831530235430404
18561,0.0895851163769912
18562,0.023622642765858633
18563,0.050467859648565414
18564,0.0895851163769912
18565,0.1411897434506853
18566,0.05562035029109824
18567,0.08415807244319695
18568,0.03885174918700678
18569,0.0340511524412236
18570,0.07657630222726251
18571,0.035194756820265335
18572,0.05744527367010645
18573,0.06126494107819702
18574,0.030831530235430404
18575,0.050467859648565414
18576,0.04576954626093176
18577,0.044298105555134894
18578,0.08155796530189055
18579,0.04885310630405945
18580,0.02790753622320684
18581,0.059326311972524026
18582,0.07903125771029479
18583,0.026994094835726477
18584,0.07187511267178946
18585,0.02790753622320684
18586,0.11807880307813506
18587,0.03885174918700678
18588,0.02136725069186659
18589,0.0472874451224437
18590,0.029825320005255892
18591,0.030831530235430404
18592,0.031870571610423684
18593,0.06962564382891834
18594,0.1253937758578759
18595,0.03637532268518375
18596,0.09241538285980007
18597,0.02790753622320684
18598,0.10455365490510782
18599,0.035194756820265335
18600,0.04148951147230672
18601,0.059326311972524026
18602,0.02136725069186659
18603,0.0472874451224437
18604,0.07903125771029479
18605,0.13309352252567752
18606,0.11807880307813506
18607,0.030831530235430404
18608,0.059326311972524026
18609,0.0472874451224437
18610,0.023622642765858633
18611,0.1253937758578759
18612,0.08415807244319695
18613,0.03294343905785485
18614,0.12919480614845036
18615,0.09241538285980007
18616,0.1013931778423964
18617,0.10455365490510782
18618,0.0521330604156563
18619,0.08683323524129412
18620,0.059326311972524026
18621,0.0521330604156563
18622,0.05744527367010645
18623,0.0895851163769912
18624,0.12919480614845036
18625,0.02525362158524688
18626,0.044298105555134894
18627,0.07419146202147729
18628,0.0895851163769912
18629,0.05744527367010645
18630,0.01633396259861487
18631,0.08683323524129412
18632,0.059326311972524026
18633,0.05385008895239068
18634,0.08415807244319695
18635,0.06126494107819702
18636,0.04287184471684473
18637,0.06532098566628583
18638,0.04148951147230672
18639,0.05385008895239068
18640,0.0895851163769912
18641,0.04885310630405945
18642,0.04287184471684473
18643,0.023622642765858633
18644,0.030831530235430404
18645,0.08155796530189055
18646,0.0521330604156563
18647,0.09831774697482025
18648,0.06326265912384453
18649,0.06326265912384453
18650,0.05744527367010645
18651,0.10780082751501731
18652,0.10455365490510782
18653,0.026994094835726477
18654,0.05562035029109824
18655,0.10455365490510782
18656,0.06326265912384453
18657,0.06326265912384453
18658,0.06126494107819702
18659,0.11456179056371053
18660,0.08415807244319695
18661,0.0521330604156563
18662,0.07187511267178946
18663,0.06126494107819702
18664,0.14538999654972165
18665,0.07657630222726251
18666,0.03637532268518375
18667,0.08683323524129412
18668,0.06744146074358998
18669,0.04576954626093176
18670,0.10455365490510782
18671,0.1013931778423964
18672,0.0472874451224437
18673,0.059326311972524026
18674,0.0472874451224437
18675,0.050467859648565414
18676,0.06532098566628583
18677,0.044298105555134894
18678,0.06962564382891834
18679,0.059326311972524026
18680,0.06126494107819702
18681,0.1013931778423964
18682,0.06962564382891834
18683,0.0472874451224437
18684,0.06126494107819702
18685,0.10780082751501731
18686,0.0472874451224437
18687,0.07187511267178946
18688,0.13309352252567752
18689,0.031870571610423684
18690,0.04014987964502801
18691,0.1253937758578759
18692,0.08683323524129412
18693,0.0521330604156563
18694,0.1253937758578759
18695,0.06532098566628583
18696,0.07419146202147729
18697,0.037593946162112056
18698,0.02790753622320684
18699,0.01633396259861487
18700,0.03294343905785485
18701,0.06326265912384453
18702,0.08155796530189055
18703,0.04148951147230672
18704,0.026109748256448687
18705,0.026109748256448687
18706,0.04576954626093176
18707,0.059326311972524026
18708,0.06962564382891834
18709,0.02790753622320684
18710,0.04576954626093176
18711,0.07419146202147729
18712,0.06126494107819702
18713,0.035194756820265335
18714,0.044298105555134894
18715,0.06126494107819702
18716,0.05562035029109824
18717,0.044298105555134894
18718,0.04576954626093176
18719,0.1411897434506853
18720,0.059326311972524026
18721,0.06532098566628583
18722,0.11807880307813506
18723,0.06962564382891834
18724,0.08155796530189055
18725,0.035194756820265335
18726,0.0472874451224437
18727,0.05385008895239068
18728,0.10455365490510782
18729,0.1370913686325979
18730,0.06744146074358998
18731,0.0895851163769912
18732,0.044298105555134894
18733,0.0895851163769912
18734,0.026109748256448687
18735,0.13309352252567752
18736,0.030831530235430404
18737,0.0472874451224437
18738,0.029825320005255892
18739,0.06326265912384453
18740,0.050467859648565414
18741,0.07419146202147729
18742,0.059326311972524026
18743,0.08155796530189055
18744,0.07187511267178946
18745,0.09532570362584843
18746,0.0895851163769912
18747,0.09831774697482025
18748,0.08155796530189055
18749,0.04287184471684473
18750,0.06744146074358998
18751,0.07419146202147729
18752,0.1013931778423964
18753,0.06962564382891834
18754,0.08155796530189055
18755,0.07903125771029479
18756,0.03885174918700678
18757,0.03885174918700678
18758,0.03885174918700678
18759,0.031870571610423684
18760,0.06744146074358998
18761,0.06962564382891834
18762,0.07419146202147729
18763,0.09241538285980007
18764,0.05385008895239068
18765,0.04287184471684473
18766,0.1013931778423964
18767,0.04014987964502801
18768,0.05385008895239068
18769,0.07419146202147729
18770,0.06126494107819702
18771,0.08415807244319695
18772,0.06744146074358998
18773,0.044298105555134894
18774,0.08155796530189055
18775,0.06532098566628583
18776,0.08415807244319695
18777,0.059326311972524026
18778,0.10455365490510782
18779,0.059326311972524026
18780,0.037593946162112056
18781,0.037593946162112056
18782,0.030831530235430404
18783,0.08683323524129412
18784,0.08415807244319695
18785,0.06532098566628583
18786,0.0895851163769912
18787,0.0521330604156563
18788,0.12168894794618093
18789,0.09241538285980007
18790,0.1013931778423964
18791,0.10780082751501731
18792,0.07657630222726251
18793,0.09532570362584843
18794,0.0895851163769912
18795,0.0895851163769912
18796,0.03885174918700678
18797,0.1253937758578759
18798,0.04576954626093176
18799,0.02790753622320684
18800,0.04148951147230672
18801,0.037593946162112056
18802,0.06532098566628583
18803,0.0521330604156563
18804,0.0521330604156563
18805,0.04148951147230672
18806,0.11456179056371053
18807,0.07187511267178946
18808,0.0340511524412236
18809,0.044298105555134894
18810,0.05744527367010645
18811,0.02790753622320684
18812,0.12919480614845036
18813,0.031870571610423684
18814,0.05744527367010645
18815,0.10455365490510782
18816,0.04287184471684473
18817,0.08683323524129412
18818,0.05562035029109824
18819,0.050467859648565414
18820,0.050467859648565414
18821,0.10455365490510782
18822,0.04576954626093176
18823,0.04148951147230672
18824,0.026109748256448687
18825,0.07187511267178946
18826,0.04287184471684473
18827,0.09241538285980007
18828,0.05385008895239068
18829,0.06744146074358998
18830,0.04885310630405945
18831,0.04885310630405945
18832,0.13309352252567752
18833,0.05744527367010645
18834,0.13309352252567752
18835,0.12168894794618093
18836,0.07657630222726251
18837,0.04885310630405945
18838,0.05744527367010645
18839,0.06744146074358998
18840,0.07657630222726251
18841,0.0472874451224437
18842,0.037593946162112056
18843,0.030831530235430404
18844,0.03637532268518375
18845,0.04287184471684473
18846,0.05385008895239068
18847,0.031870571610423684
18848,0.1013931778423964
18849,0.04148951147230672
18850,0.07187511267178946
18851,0.0472874451224437
18852,0.06532098566628583
18853,0.06744146074358998
18854,0.09532570362584843
18855,0.05744527367010645
18856,0.07187511267178946
18857,0.06962564382891834
18858,0.11113633246221037
18859,0.10455365490510782
18860,0.06962564382891834
18861,0.04287184471684473
18862,0.059326311972524026
18863,0.050467859648565414
18864,0.1253937758578759
18865,0.06962564382891834
18866,0.08683323524129412
18867,0.06126494107819702
18868,0.08683323524129412
18869,0.08415807244319695
18870,0.07657630222726251
18871,0.050467859648565414
18872,0.0521330604156563
18873,0.07187511267178946
18874,0.059326311972524026
18875,0.044298105555134894
18876,0.04576954626093176
18877,0.1253937758578759
18878,0.07903125771029479
18879,0.05562035029109824
18880,0.05562035029109824
18881,0.044298105555134894
18882,0.07187511267178946
18883,0.15410125929925808
18884,0.03885174918700678
18885,0.07903125771029479
18886,0.1013931778423964
18887,0.04576954626093176
18888,0.11113633246221037
18889,0.0895851163769912
18890,0.07419146202147729
18891,0.1370913686325979
18892,0.1253937758578759
18893,0.05562035029109824
18894,0.06744146074358998
18895,0.07657630222726251
18896,0.10780082751501731
18897,0.03885174918700678
18898,0.030831530235430404
18899,0.059326311972524026
18900,0.0895851163769912
18901,0.01998212368725082
18902,0.08415807244319695
18903,0.08155796530189055
18904,0.11456179056371053
18905,0.09532570362584843
18906,0.07187511267178946
18907,0.03885174918700678
18908,0.09532570362584843
18909,0.01868507284109021
18910,0.1013931778423964
18911,0.09831774697482025
18912,0.0521330604156563
18913,0.07903125771029479
18914,0.1013931778423964
18915,0.11456179056371053
18916,0.07657630222726251
18917,0.06532098566628583
18918,0.029825320005255892
18919,0.02525362158524688
18920,0.0472874451224437
18921,0.031870571610423684
18922,0.03637532268518375
18923,0.04287184471684473
18924,0.044298105555134894
18925,0.03885174918700678
18926,0.08155796530189055
18927,0.0472874451224437
18928,0.04148951147230672
18929,0.13309352252567752
18930,0.09532570362584843
18931,0.02284615406529167
18932,0.050467859648565414
18933,0.04014987964502801
18934,0.1411897434506853
18935,0.044298105555134894
18936,0.0521330604156563
18937,0.050467859648565414
18938,0.06532098566628583
18939,0.06126494107819702
18940,0.04576954626093176
18941,0.031870571610423684
18942,0.09241538285980007
18943,0.11456179056371053
18944,0.037593946162112056
18945,0.050467859648565414
18946,0.11807880307813506
18947,0.1013931778423964
18948,0.044298105555134894
18949,0.05385008895239068
18950,0.05385008895239068
18951,0.08683323524129412
18952,0.06744146074358998
18953,0.02525362158524688
18954,0.08155796530189055
18955,0.06962564382891834
18956,0.037593946162112056
18957,0.14969342319192988
18958,0.06532098566628583
18959,0.0895851163769912
18960,0.04148951147230672
18961,0.07657630222726251
18962,0.06532098566628583
18963,0.017470713401722432
18964,0.05562035029109824
18965,0.06744146074358998
18966,0.05385008895239068
18967,0.06532098566628583
18968,0.05744527367010645
18969,0.06744146074358998
18970,0.10780082751501731
18971,0.07903125771029479
18972,0.050467859648565414
18973,0.09241538285980007
18974,0.06532098566628583
18975,0.08415807244319695
18976,0.07187511267178946
18977,0.06744146074358998
18978,0.09831774697482025
18979,0.0521330604156563
18980,0.06962564382891834
18981,0.03885174918700678
18982,0.08415807244319695
18983,0.050467859648565414
18984,0.022094611379221522
18985,0.04287184471684473
18986,0.1253937758578759
18987,0.09831774697482025
18988,0.1013931778423964
18989,0.04885310630405945
18990,0.04148951147230672
18991,0.04148951147230672
18992,0.02885097064418959
18993,0.02525362158524688
18994,0.11456179056371053
18995,0.05562035029109824
18996,0.1253937758578759
18997,0.04885310630405945
18998,0.06126494107819702
18999,0.04287184471684473
19000,0.12168894794618093
19001,0.0521330604156563
19002,0.04576954626093176
19003,0.06326265912384453
19004,0.08415807244319695
19005,0.059326311972524026
19006,0.0895851163769912
19007,0.08415807244319695
19008,0.12168894794618093
19009,0.06744146074358998
19010,0.06126494107819702
19011,0.050467859648565414
19012,0.06326265912384453
19013,0.04576954626093176
19014,0.04148951147230672
19015,0.1013931778423964
19016,0.05562035029109824
19017,0.02442486287796552
19018,0.06126494107819702
19019,0.037593946162112056
19020,0.059326311972524026
19021,0.08155796530189055
19022,0.1411897434506853
19023,0.04148951147230672
19024,0.04287184471684473
19025,0.026109748256448687
19026,0.06126494107819702
19027,0.026109748256448687
19028,0.035194756820265335
19029,0.14538999654972165
19030,0.1370913686325979
19031,0.08155796530189055
19032,0.06744146074358998
19033,0.07657630222726251
19034,0.044298105555134894
19035,0.035194756820265335
19036,0.07903125771029479
19037,0.06744146074358998
19038,0.07187511267178946
19039,0.04885310630405945
19040,0.03637532268518375
19041,0.11456179056371053
19042,0.06744146074358998
19043,0.044298105555134894
19044,0.10780082751501731
19045,0.04287184471684473
19046,0.04014987964502801
19047,0.02885097064418959
19048,0.08683323524129412
19049,0.12168894794618093
19050,0.04885310630405945
19051,0.06744146074358998
19052,0.05744527367010645
19053,0.08683323524129412
19054,0.035194756820265335
19055,0.05385008895239068
19056,0.07419146202147729
19057,0.09241538285980007
19058,0.0521330604156563
19059,0.0521330604156563
19060,0.044298105555134894
19061,0.10780082751501731
19062,0.06962564382891834
19063,0.07187511267178946
19064,0.04287184471684473
19065,0.08155796530189055
19066,0.05562035029109824
19067,0.07419146202147729
19068,0.030831530235430404
19069,0.12168894794618093
19070,0.03294343905785485
19071,0.10455365490510782
19072,0.0521330604156563
19073,0.037593946162112056
19074,0.050467859648565414
19075,0.0472874451224437
19076,0.04576954626093176
19077,0.09831774697482025
19078,0.09241538285980007
19079,0.023622642765858633
19080,0.06326265912384453
19081,0.06326265912384453
19082,0.06326265912384453
19083,0.03637532268518375
19084,0.037593946162112056
19085,0.12919480614845036
19086,0.04576954626093176
19087,0.04287184471684473
19088,0.04148951147230672
19089,0.07187511267178946
19090,0.09241538285980007
19091,0.04287184471684473
19092,0.0472874451224437
19093,0.06126494107819702
19094,0.1013931778423964
19095,0.07657630222726251
19096,0.05744527367010645
19097,0.12168894794618093
19098,0.06962564382891834
19099,0.07187511267178946
19100,0.05744527367010645
19101,0.05385008895239068
19102,0.07187511267178946
19103,0.11807880307813506
19104,0.06744146074358998
19105,0.04014987964502801
19106,0.08683323524129412
19107,0.0472874451224437
19108,0.07419146202147729
19109,0.12168894794618093
19110,0.08415807244319695
19111,0.04148951147230672
19112,0.10455365490510782
19113,0.08683323524129412
19114,0.0472874451224437
19115,0.08415807244319695
19116,0.06744146074358998
19117,0.12919480614845036
19118,0.1370913686325979
19119,0.026109748256448687
19120,0.035194756820265335
19121,0.05562035029109824
19122,0.0521330604156563
19123,0.1411897434506853
19124,0.04885310630405945
19125,0.050467859648565414
19126,0.08415807244319695
19127,0.07903125771029479
19128,0.09831774697482025
19129,0.1253937758578759
19130,0.026109748256448687
19131,0.06532098566628583
19132,0.05744527367010645
19133,0.06126494107819702
19134,0.07903125771029479
19135,0.030831530235430404
19136,0.12168894794618093
19137,0.1370913686325979
19138,0.05385008895239068
19139,0.06126494107819702
19140,0.05744527367010645
19141,0.03637532268518375
19142,0.05562035029109824
19143,0.03885174918700678
19144,0.05562035029109824
19145,0.11456179056371053
19146,0.15410125929925808
19147,0.06744146074358998
19148,0.05562035029109824
19149,0.04885310630405945
19150,0.07419146202147729
19151,0.07187511267178946
19152,0.031870571610423684
19153,0.09241538285980007
19154,0.0472874451224437
19155,0.0472874451224437
19156,0.04885310630405945
19157,0.059326311972524026
19158,0.04148951147230672
19159,0.10780082751501731
19160,0.03294343905785485
19161,0.06126494107819702
19162,0.04014987964502801
19163,0.06962564382891834
19164,0.03637532268518375
19165,0.06744146074358998
19166,0.11807880307813506
19167,0.04885310630405945
19168,0.09241538285980007
19169,0.07419146202147729
19170,0.05744527367010645
19171,0.05744527367010645
19172,0.11113633246221037
19173,0.031870571610423684
19174,0.035194756820265335
19175,0.13309352252567752
19176,0.06126494107819702
19177,0.11807880307813506
19178,0.07903125771029479
19179,0.017470713401722432
19180,0.044298105555134894
19181,0.06126494107819702
19182,0.0895851163769912
19183,0.06126494107819702
19184,0.050467859648565414
19185,0.04287184471684473
19186,0.08415807244319695
19187,0.050467859648565414
19188,0.06962564382891834
19189,0.0521330604156563
19190,0.02885097064418959
19191,0.07419146202147729
19192,0.050467859648565414
19193,0.06126494107819702
19194,0.04287184471684473
19195,0.03637532268518375
19196,0.0521330604156563
19197,0.04576954626093176
19198,0.050467859648565414
19199,0.13309352252567752
19200,0.05744527367010645
19201,0.13309352252567752
19202,0.09831774697482025
19203,0.06126494107819702
19204,0.05562035029109824
19205,0.07187511267178946
19206,0.06326265912384453
19207,0.09241538285980007
19208,0.0895851163769912
19209,0.05744527367010645
19210,0.04148951147230672
19211,0.09831774697482025
19212,0.08415807244319695
19213,0.026109748256448687
19214,0.04014987964502801
19215,0.07903125771029479
19216,0.050467859648565414
19217,0.050467859648565414
19218,0.029825320005255892
19219,0.08683323524129412
19220,0.08415807244319695
19221,0.0340511524412236
19222,0.04287184471684473
19223,0.11113633246221037
19224,0.04885310630405945
19225,0.1013931778423964
19226,0.09241538285980007
19227,0.04885310630405945
19228,0.0521330604156563
19229,0.08155796530189055
19230,0.0340511524412236
19231,0.0521330604156563
19232,0.059326311972524026
19233,0.1253937758578759
19234,0.0895851163769912
19235,0.017470713401722432
19236,0.044298105555134894
19237,0.05562035029109824
19238,0.023622642765858633
19239,0.04014987964502801
19240,0.035194756820265335
19241,0.08155796530189055
19242,0.044298105555134894
19243,0.02790753622320684
19244,0.04287184471684473
19245,0.05744527367010645
19246,0.04885310630405945
19247,0.044298105555134894
19248,0.07187511267178946
19249,0.044298105555134894
19250,0.04014987964502801
19251,0.10455365490510782
19252,0.04287184471684473
19253,0.059326311972524026
19254,0.05562035029109824
19255,0.019322932527049887
19256,0.10455365490510782
19257,0.05744527367010645
19258,0.059326311972524026
19259,0.11113633246221037
19260,0.07187511267178946
19261,0.07187511267178946
19262,0.044298105555134894
19263,0.0895851163769912
19264,0.10455365490510782
19265,0.037593946162112056
19266,0.023622642765858633
19267,0.08155796530189055
19268,0.09532570362584843
19269,0.06326265912384453
19270,0.04014987964502801
19271,0.07903125771029479
19272,0.0521330604156563
19273,0.04014987964502801
19274,0.07419146202147729
19275,0.06962564382891834
19276,0.06326265912384453
19277,0.0472874451224437
19278,0.059326311972524026
19279,0.08155796530189055
19280,0.14538999654972165
19281,0.12919480614845036
19282,0.07419146202147729
19283,0.02885097064418959
19284,0.06532098566628583
19285,0.13309352252567752
19286,0.04287184471684473
19287,0.05562035029109824
19288,0.059326311972524026
19289,0.07657630222726251
19290,0.04148951147230672
19291,0.03885174918700678
19292,0.037593946162112056
19293,0.07657630222726251
19294,0.1253937758578759
19295,0.03885174918700678
19296,0.06532098566628583
19297,0.04885310630405945
19298,0.04885310630405945
19299,0.050467859648565414
19300,0.03294343905785485
19301,0.04576954626093176
19302,0.06126494107819702
19303,0.04287184471684473
19304,0.1013931778423964
19305,0.037593946162112056
19306,0.07187511267178946
19307,0.04287184471684473
19308,0.06126494107819702
19309,0.07419146202147729
19310,0.1253937758578759
19311,0.035194756820265335
19312,0.08683323524129412
19313,0.035194756820265335
19314,0.07187511267178946
19315,0.04576954626093176
19316,0.04014987964502801
19317,0.030831530235430404
19318,0.12168894794618093
19319,0.035194756820265335
19320,0.09241538285980007
19321,0.06126494107819702
19322,0.10780082751501731
19323,0.07419146202147729
19324,0.09831774697482025
19325,0.07187511267178946
19326,0.04287184471684473
19327,0.09532570362584843
19328,0.08683323524129412
19329,0.044298105555134894
19330,0.09241538285980007
19331,0.02790753622320684
19332,0.11807880307813506
19333,0.050467859648565414
19334,0.1013931778423964
19335,0.07187511267178946
19336,0.044298105555134894
19337,0.059326311972524026
19338,0.1411897434506853
19339,0.06326265912384453
19340,0.0340511524412236
19341,0.11113633246221037
19342,0.05562035029109824
19343,0.07419146202147729
19344,0.06532098566628583
19345,0.06532098566628583
19346,0.08683323524129412
19347,0.08683323524129412
19348,0.13309352252567752
19349,0.11807880307813506
19350,0.06532098566628583
19351,0.09831774697482025
19352,0.026109748256448687
19353,0.059326311972524026
19354,0.12168894794618093
19355,0.05562035029109824
19356,0.07903125771029479
19357,0.08683323524129412
19358,0.08415807244319695
19359,0.03637532268518375
19360,0.02525362158524688
19361,0.08415807244319695
19362,0.07903125771029479
19363,0.030831530235430404
19364,0.07187511267178946
19365,0.04148951147230672
19366,0.08415807244319695
19367,0.09831774697482025
19368,0.08415807244319695
19369,0.09532570362584843
19370,0.08155796530189055
19371,0.0895851163769912
19372,0.07657630222726251
19373,0.11456179056371053
19374,0.08155796530189055
19375,0.02525362158524688
19376,0.05385008895239068
19377,0.04148951147230672
19378,0.02284615406529167
19379,0.07419146202147729
19380,0.07187511267178946
19381,0.03885174918700678
19382,0.08683323524129412
19383,0.1253937758578759
19384,0.04287184471684473
19385,0.05562035029109824
19386,0.03637532268518375
19387,0.08155796530189055
19388,0.05744527367010645
19389,0.03294343905785485
19390,0.04576954626093176
19391,0.07903125771029479
19392,0.1370913686325979
19393,0.11456179056371053
19394,0.08415807244319695
19395,0.11456179056371053
19396,0.026994094835726477
19397,0.037593946162112056
19398,0.050467859648565414
19399,0.08415807244319695
19400,0.03885174918700678
19401,0.03885174918700678
19402,0.06962564382891834
19403,0.026109748256448687
19404,0.12919480614845036
19405,0.09532570362584843
19406,0.035194756820265335
19407,0.03885174918700678
19408,0.07419146202147729
19409,0.05562035029109824
19410,0.0472874451224437
19411,0.09532570362584843
19412,0.07187511267178946
19413,0.09831774697482025
19414,0.05562035029109824
19415,0.0472874451224437
19416,0.06126494107819702
19417,0.09241538285980007
19418,0.09241538285980007
19419,0.037593946162112056
19420,0.0895851163769912
19421,0.029825320005255892
19422,0.02525362158524688
19423,0.04287184471684473
19424,0.0340511524412236
19425,0.14969342319192988
19426,0.12919480614845036
19427,0.04148951147230672
19428,0.06532098566628583
19429,0.07187511267178946
19430,0.14538999654972165
19431,0.04287184471684473
19432,0.04014987964502801
19433,0.08683323524129412
19434,0.06532098566628583
19435,0.04014987964502801
19436,0.06126494107819702
19437,0.0340511524412236
19438,0.04885310630405945
19439,0.08683323524129412
19440,0.08683323524129412
19441,0.02442486287796552
19442,0.1013931778423964
19443,0.11807880307813506
19444,0.12168894794618093
19445,0.1253937758578759
19446,0.044298105555134894
19447,0.07657630222726251
19448,0.11807880307813506
19449,0.06962564382891834
19450,0.035194756820265335
19451,0.05744527367010645
19452,0.05744527367010645
19453,0.06744146074358998
19454,0.031870571610423684
19455,0.06532098566628583
19456,0.07419146202147729
19457,0.06744146074358998
19458,0.02885097064418959
19459,0.044298105555134894
19460,0.09831774697482025
19461,0.0472874451224437
19462,0.03885174918700678
19463,0.1370913686325979
19464,0.04885310630405945
19465,0.029825320005255892
19466,0.044298105555134894
19467,0.037593946162112056
19468,0.06126494107819702
19469,0.04287184471684473
19470,0.06532098566628583
19471,0.03294343905785485
19472,0.035194756820265335
19473,0.035194756820265335
19474,0.05385008895239068
19475,0.06532098566628583
19476,0.05385008895239068
19477,0.02885097064418959
19478,0.05744527367010645
19479,0.08415807244319695
19480,0.01806788128844435
19481,0.0521330604156563
19482,0.04148951147230672
19483,0.020663328957880672
19484,0.10455365490510782
19485,0.03294343905785485
19486,0.09831774697482025
19487,0.08683323524129412
19488,0.1370913686325979
19489,0.029825320005255892
19490,0.14538999654972165
19491,0.14538999654972165
19492,0.08683323524129412
19493,0.05385008895239068
19494,0.03294343905785485
19495,0.02525362158524688
19496,0.04287184471684473
19497,0.08415807244319695
19498,0.10455365490510782
19499,0.044298105555134894
19500,0.07419146202147729
19501,0.030831530235430404
19502,0.08155796530189055
19503,0.03637532268518375
19504,0.07657630222726251
19505,0.04148951147230672
19506,0.10455365490510782
19507,0.07903125771029479
19508,0.09831774697482025
19509,0.04014987964502801
19510,0.0895851163769912
19511,0.03885174918700678
19512,0.06744146074358998
19513,0.026994094835726477
19514,0.07657630222726251
19515,0.06326265912384453
19516,0.029825320005255892
19517,0.06962564382891834
19518,0.06962564382891834
19519,0.04014987964502801
19520,0.05385008895239068
19521,0.09831774697482025
19522,0.1253937758578759
19523,0.03637532268518375
19524,0.08155796530189055
19525,0.09532570362584843
19526,0.026994094835726477
19527,0.09532570362584843
19528,0.06532098566628583
19529,0.07187511267178946
19530,0.06744146074358998
19531,0.07657630222726251
19532,0.05562035029109824
19533,0.0472874451224437
19534,0.08155796530189055
19535,0.06532098566628583
19536,0.07903125771029479
19537,0.08683323524129412
19538,0.09532570362584843
19539,0.07657630222726251
19540,0.05385008895239068
19541,0.04148951147230672
19542,0.11807880307813506
19543,0.08415807244319695
19544,0.02885097064418959
19545,0.020663328957880672
19546,0.044298105555134894
19547,0.03885174918700678
19548,0.031870571610423684
19549,0.05385008895239068
19550,0.06326265912384453
19551,0.06532098566628583
19552,0.0521330604156563
19553,0.06532098566628583
19554,0.14538999654972165
19555,0.09241538285980007
19556,0.10455365490510782
19557,0.06744146074358998
19558,0.01998212368725082
19559,0.04014987964502801
19560,0.04287184471684473
19561,0.09831774697482025
19562,0.06532098566628583
19563,0.12168894794618093
19564,0.07903125771029479
19565,0.0340511524412236
19566,0.030831530235430404
19567,0.04014987964502801
19568,0.07903125771029479
19569,0.037593946162112056
19570,0.08155796530189055
19571,0.07903125771029479
19572,0.07657630222726251
19573,0.07657630222726251
19574,0.08683323524129412
19575,0.06962564382891834
19576,0.11807880307813506
19577,0.04885310630405945
19578,0.03885174918700678
19579,0.030831530235430404
19580,0.03885174918700678
19581,0.10780082751501731
19582,0.05385008895239068
19583,0.06126494107819702
19584,0.02790753622320684
19585,0.02885097064418959
19586,0.04287184471684473
19587,0.03294343905785485
19588,0.09831774697482025
19589,0.09831774697482025
19590,0.14538999654972165
19591,0.08155796530189055
19592,0.10455365490510782
19593,0.05744527367010645
19594,0.06962564382891834
19595,0.04287184471684473
19596,0.03637532268518375
19597,0.09532570362584843
19598,0.06326265912384453
19599,0.0472874451224437
19600,0.05385008895239068
19601,0.0521330604156563
19602,0.05385008895239068
19603,0.050467859648565414
19604,0.07187511267178946
19605,0.04576954626093176
19606,0.035194756820265335
19607,0.05385008895239068
19608,0.07419146202147729
19609,0.08155796530189055
19610,0.0895851163769912
19611,0.08415807244319695
19612,0.020663328957880672
19613,0.09241538285980007
19614,0.037593946162112056
19615,0.04014987964502801
19616,0.09831774697482025
19617,0.0895851163769912
19618,0.050467859648565414
19619,0.06126494107819702
19620,0.02442486287796552
19621,0.050467859648565414
19622,0.030831530235430404
19623,0.08683323524129412
19624,0.059326311972524026
19625,0.06532098566628583
19626,0.13309352252567752
19627,0.0521330604156563
19628,0.01998212368725082
19629,0.06126494107819702
19630,0.11113633246221037
19631,0.06744146074358998
19632,0.08415807244319695
19633,0.1370913686325979
19634,0.059326311972524026
19635,0.02442486287796552
19636,0.059326311972524026
19637,0.07903125771029479
19638,0.07419146202147729
19639,0.11456179056371053
19640,0.02790753622320684
19641,0.06126494107819702
19642,0.05744527367010645
19643,0.0521330604156563
19644,0.044298105555134894
19645,0.12168894794618093
19646,0.05385008895239068
19647,0.050467859648565414
19648,0.07657630222726251
19649,0.07419146202147729
19650,0.09532570362584843
19651,0.05744527367010645
19652,0.06326265912384453
19653,0.13309352252567752
19654,0.06126494107819702
19655,0.04287184471684473
19656,0.08155796530189055
19657,0.12168894794618093
19658,0.04287184471684473
19659,0.06126494107819702
19660,0.08683323524129412
19661,0.06744146074358998
19662,0.06962564382891834
19663,0.02442486287796552
19664,0.05744527367010645
19665,0.04148951147230672
19666,0.0521330604156563
19667,0.11456179056371053
19668,0.06532098566628583
19669,0.06326265912384453
19670,0.09831774697482025
19671,0.02885097064418959
19672,0.06532098566628583
19673,0.07903125771029479
19674,0.11807880307813506
19675,0.03294343905785485
19676,0.06744146074358998
19677,0.1370913686325979
19678,0.08683323524129412
19679,0.07419146202147729
19680,0.037593946162112056
19681,0.059326311972524026
19682,0.07657630222726251
19683,0.0895851163769912
19684,0.0472874451224437
19685,0.07187511267178946
19686,0.09532570362584843
19687,0.04148951147230672
19688,0.02790753622320684
19689,0.06962564382891834
19690,0.05744527367010645
19691,0.026109748256448687
19692,0.07419146202147729
19693,0.08155796530189055
19694,0.07419146202147729
19695,0.059326311972524026
19696,0.09831774697482025
19697,0.08415807244319695
19698,0.12919480614845036
19699,0.1370913686325979
19700,0.13309352252567752
19701,0.04885310630405945
19702,0.05744527367010645
19703,0.06532098566628583
19704,0.12168894794618093
19705,0.08415807244319695
19706,0.1411897434506853
19707,0.0340511524412236
19708,0.07903125771029479
19709,0.05562035029109824
19710,0.05562035029109824
19711,0.03294343905785485
19712,0.13309352252567752
19713,0.05562035029109824
19714,0.050467859648565414
19715,0.04287184471684473
19716,0.10455365490510782
19717,0.04014987964502801
19718,0.050467859648565414
19719,0.03637532268518375
19720,0.03885174918700678
19721,0.030831530235430404
19722,0.11113633246221037
19723,0.07903125771029479
19724,0.1013931778423964
19725,0.07187511267178946
19726,0.04885310630405945
19727,0.037593946162112056
19728,0.050467859648565414
19729,0.059326311972524026
19730,0.15410125929925808
19731,0.020663328957880672
19732,0.05562035029109824
19733,0.05385008895239068
19734,0.08415807244319695
19735,0.04885310630405945
19736,0.06126494107819702
19737,0.02284615406529167
19738,0.13309352252567752
19739,0.035194756820265335
19740,0.1253937758578759
19741,0.03294343905785485
19742,0.06326265912384453
19743,0.07903125771029479
19744,0.07419146202147729
19745,0.035194756820265335
19746,0.05744527367010645
19747,0.06532098566628583
19748,0.05562035029109824
19749,0.044298105555134894
19750,0.02885097064418959
19751,0.026994094835726477
19752,0.13309352252567752
19753,0.09532570362584843
19754,0.09532570362584843
19755,0.06532098566628583
19756,0.035194756820265335
19757,0.06532098566628583
19758,0.07187511267178946
19759,0.05385008895239068
19760,0.1411897434506853
19761,0.02885097064418959
19762,0.04576954626093176
19763,0.02885097064418959
19764,0.07187511267178946
19765,0.01579318133211142
19766,0.08683323524129412
19767,0.050467859648565414
19768,0.03885174918700678
19769,0.12919480614845036
19770,0.029825320005255892
19771,0.06126494107819702
19772,0.07903125771029479
19773,0.035194756820265335
19774,0.06962564382891834
19775,0.04576954626093176
19776,0.07419146202147729
19777,0.1013931778423964
19778,0.1013931778423964
19779,0.06126494107819702
19780,0.031870571610423684
19781,0.09532570362584843
19782,0.06532098566628583
19783,0.03294343905785485
19784,0.08683323524129412
19785,0.0521330604156563
19786,0.06962564382891834
19787,0.13309352252567752
19788,0.10455365490510782
19789,0.044298105555134894
19790,0.09532570362584843
19791,0.12919480614845036
19792,0.06962564382891834
19793,0.08155796530189055
19794,0.044298105555134894
19795,0.03294343905785485
19796,0.0472874451224437
19797,0.044298105555134894
19798,0.06532098566628583
19799,0.11456179056371053
19800,0.03637532268518375
19801,0.01806788128844435
19802,0.029825320005255892
19803,0.09831774697482025
19804,0.0521330604156563
19805,0.04287184471684473
19806,0.09532570362584843
19807,0.035194756820265335
19808,0.06962564382891834
19809,0.031870571610423684
19810,0.06126494107819702
19811,0.06962564382891834
19812,0.06744146074358998
19813,0.06962564382891834
19814,0.05562035029109824
19815,0.07419146202147729
19816,0.06962564382891834
19817,0.11807880307813506
19818,0.06532098566628583
19819,0.11456179056371053
19820,0.037593946162112056
19821,0.04885310630405945
19822,0.04885310630405945
19823,0.10455365490510782
19824,0.06744146074358998
19825,0.02885097064418959
19826,0.04148951147230672
19827,0.0895851163769912
19828,0.06532098566628583
19829,0.05744527367010645
19830,0.1013931778423964
19831,0.04885310630405945
19832,0.07657630222726251
19833,0.03885174918700678
19834,0.02442486287796552
19835,0.06326265912384453
19836,0.08155796530189055
19837,0.07187511267178946
19838,0.0340511524412236
19839,0.059326311972524026
19840,0.06126494107819702
19841,0.08683323524129412
19842,0.06744146074358998
19843,0.05385008895239068
19844,0.03637532268518375
19845,0.11113633246221037
19846,0.059326311972524026
19847,0.044298105555134894
19848,0.10780082751501731
19849,0.04287184471684473
19850,0.059326311972524026
19851,0.044298105555134894
19852,0.044298105555134894
19853,0.059326311972524026
19854,0.14538999654972165
19855,0.04014987964502801
19856,0.050467859648565414
19857,0.06532098566628583
19858,0.0472874451224437
19859,0.0895851163769912
19860,0.11113633246221037
19861,0.0895851163769912
19862,0.0521330604156563
19863,0.03294343905785485
19864,0.08155796530189055
19865,0.022094611379221522
19866,0.0472874451224437
19867,0.0472874451224437
19868,0.03637532268518375
19869,0.031870571610423684
19870,0.023622642765858633
19871,0.07903125771029479
19872,0.0895851163769912
19873,0.06962564382891834
19874,0.03294343905785485
19875,0.0895851163769912
19876,0.10455365490510782
19877,0.05385008895239068
19878,0.1411897434506853
19879,0.06326265912384453
19880,0.08155796530189055
19881,0.11113633246221037
19882,0.1370913686325979
19883,0.06326265912384453
19884,0.03885174918700678
19885,0.030831530235430404
19886,0.07657630222726251
19887,0.09831774697482025
19888,0.04287184471684473
19889,0.06962564382891834
19890,0.10455365490510782
19891,0.1013931778423964
19892,0.05562035029109824
19893,0.04287184471684473
19894,0.07419146202147729
19895,0.06326265912384453
19896,0.07657630222726251
19897,0.023622642765858633
19898,0.023622642765858633
19899,0.030831530235430404
19900,0.03885174918700678
19901,0.04287184471684473
19902,0.0521330604156563
19903,0.07187511267178946
19904,0.059326311972524026
19905,0.1411897434506853
19906,0.020663328957880672
19907,0.06744146074358998
19908,0.04148951147230672
19909,0.044298105555134894
19910,0.07419146202147729
19911,0.03294343905785485
19912,0.11113633246221037
19913,0.05744527367010645
19914,0.0895851163769912
19915,0.026994094835726477
19916,0.044298105555134894
19917,0.09241538285980007
19918,0.03294343905785485
19919,0.044298105555134894
19920,0.07187511267178946
19921,0.11807880307813506
19922,0.0340511524412236
19923,0.04287184471684473
19924,0.02790753622320684
19925,0.06126494107819702
19926,0.08155796530189055
19927,0.05744527367010645
19928,0.14538999654972165
19929,0.017470713401722432
19930,0.06744146074358998
19931,0.05744527367010645
19932,0.09532570362584843
19933,0.06326265912384453
19934,0.07187511267178946
19935,0.01806788128844435
19936,0.0472874451224437
19937,0.04014987964502801
19938,0.03637532268518375
19939,0.06326265912384453
19940,0.0895851163769912
19941,0.03637532268518375
19942,0.04287184471684473
19943,0.05744527367010645
19944,0.09532570362584843
19945,0.04148951147230672
19946,0.11113633246221037
19947,0.04576954626093176
19948,0.1370913686325979
19949,0.07187511267178946
19950,0.08415807244319695
19951,0.02790753622320684
19952,0.03637532268518375
19953,0.10780082751501731
19954,0.05562035029109824
19955,0.04576954626093176
19956,0.13309352252567752
19957,0.05385008895239068
19958,0.12919480614845036
19959,0.1411897434506853
19960,0.0340511524412236
19961,0.08155796530189055
19962,0.04576954626093176
19963,0.05385008895239068
19964,0.059326311972524026
19965,0.06326265912384453
19966,0.08683323524129412
19967,0.05744527367010645
19968,0.06744146074358998
19969,0.03885174918700678
19970,0.07187511267178946
19971,0.02525362158524688
19972,0.08683323524129412
19973,0.11807880307813506
19974,0.0472874451224437
19975,0.03885174918700678
19976,0.03294343905785485
19977,0.11456179056371053
19978,0.08415807244319695
19979,0.06962564382891834
19980,0.12919480614845036
19981,0.050467859648565414
19982,0.031870571610423684
19983,0.0895851163769912
19984,0.03885174918700678
19985,0.08155796530189055
19986,0.1013931778423964
19987,0.09532570362584843
19988,0.02284615406529167
19989,0.03637532268518375
19990,0.04014987964502801
19991,0.09532570362584843
19992,0.01998212368725082
19993,0.11456179056371053
19994,0.08683323524129412
19995,0.08155796530189055
19996,0.03637532268518375
19997,0.11456179056371053
19998,0.035194756820265335
19999,0.04148951147230672
20000,0.06744146074358998
20001,0.12168894794618093
20002,0.029825320005255892
20003,0.050467859648565414
20004,0.08155796530189055
20005,0.11113633246221037
20006,0.0895851163769912
20007,0.07187511267178946
20008,0.035194756820265335
20009,0.09532570362584843
20010,0.04148951147230672
20011,0.05562035029109824
20012,0.08683323524129412
20013,0.04576954626093176
20014,0.07419146202147729
20015,0.02442486287796552
20016,0.11807880307813506
20017,0.12168894794618093
20018,0.03637532268518375
20019,0.04287184471684473
20020,0.04287184471684473
20021,0.1370913686325979
20022,0.11456179056371053
20023,0.03294343905785485
20024,0.07657630222726251
20025,0.03885174918700678
20026,0.08415807244319695
20027,0.06126494107819702
20028,0.05744527367010645
20029,0.05744527367010645
20030,0.05385008895239068
20031,0.04576954626093176
20032,0.1253937758578759
20033,0.04148951147230672
20034,0.07903125771029479
20035,0.06326265912384453
20036,0.11113633246221037
20037,0.09831774697482025
20038,0.050467859648565414
20039,0.037593946162112056
20040,0.044298105555134894
20041,0.09241538285980007
20042,0.09241538285980007
20043,0.059326311972524026
20044,0.11113633246221037
20045,0.0340511524412236
20046,0.05744527367010645
20047,0.0521330604156563
20048,0.02885097064418959
20049,0.05385008895239068
20050,0.04576954626093176
20051,0.08683323524129412
20052,0.1411897434506853
20053,0.044298105555134894
20054,0.07903125771029479
20055,0.059326311972524026
20056,0.1411897434506853
20057,0.0521330604156563
20058,0.05562035029109824
20059,0.04885310630405945
20060,0.07187511267178946
20061,0.08155796530189055
20062,0.06326265912384453
20063,0.07903125771029479
20064,0.059326311972524026
20065,0.0472874451224437
20066,0.0895851163769912
20067,0.07657630222726251
20068,0.1370913686325979
20069,0.08155796530189055
20070,0.09241538285980007
20071,0.13309352252567752
20072,0.06744146074358998
20073,0.07419146202147729
20074,0.11113633246221037
20075,0.02284615406529167
20076,0.07419146202147729
20077,0.09532570362584843
20078,0.12168894794618093
20079,0.050467859648565414
20080,0.04014987964502801
20081,0.07903125771029479
20082,0.09532570362584843
20083,0.07419146202147729
20084,0.0521330604156563
20085,0.05385008895239068
20086,0.04287184471684473
20087,0.01868507284109021
20088,0.10455365490510782
20089,0.1411897434506853
20090,0.11807880307813506
20091,0.06126494107819702
20092,0.06326265912384453
20093,0.050467859648565414
20094,0.050467859648565414
20095,0.12919480614845036
20096,0.07657630222726251
20097,0.0472874451224437
20098,0.14538999654972165
20099,0.059326311972524026
20100,0.04014987964502801
20101,0.044298105555134894
20102,0.01998212368725082
20103,0.05744527367010645
20104,0.12919480614845036
20105,0.07187511267178946
20106,0.11456179056371053
20107,0.07657630222726251
20108,0.06962564382891834
20109,0.059326311972524026
20110,0.04014987964502801
20111,0.09241538285980007
20112,0.14538999654972165
20113,0.07187511267178946
20114,0.06126494107819702
20115,0.04576954626093176
20116,0.05562035029109824
20117,0.031870571610423684
20118,0.02442486287796552
20119,0.03294343905785485
20120,0.1370913686325979
20121,0.04014987964502801
20122,0.05385008895239068
20123,0.07419146202147729
20124,0.04885310630405945
20125,0.04014987964502801
20126,0.10780082751501731
20127,0.0472874451224437
20128,0.030831530235430404
20129,0.1411897434506853
20130,0.044298105555134894
20131,0.06126494107819702
20132,0.04287184471684473
20133,0.04148951147230672
20134,0.06126494107819702
20135,0.04014987964502801
20136,0.04148951147230672
20137,0.1013931778423964
20138,0.07419146202147729
20139,0.05385008895239068
20140,0.10780082751501731
20141,0.04287184471684473
20142,0.08683323524129412
20143,0.044298105555134894
20144,0.04148951147230672
20145,0.02790753622320684
20146,0.07187511267178946
20147,0.10455365490510782
20148,0.07419146202147729
20149,0.11113633246221037
20150,0.026109748256448687
20151,0.06532098566628583
20152,0.059326311972524026
20153,0.09831774697482025
20154,0.07419146202147729
20155,0.06744146074358998
20156,0.04287184471684473
20157,0.11113633246221037
20158,0.030831530235430404
20159,0.08683323524129412
20160,0.06126494107819702
20161,0.07657630222726251
20162,0.0521330604156563
20163,0.11456179056371053
20164,0.11456179056371053
20165,0.04576954626093176
20166,0.04014987964502801
20167,0.06126494107819702
20168,0.05385008895239068
20169,0.04148951147230672
20170,0.1013931778423964
20171,0.0895851163769912
20172,0.06962564382891834
20173,0.04148951147230672
20174,0.04148951147230672
20175,0.0521330604156563
20176,0.044298105555134894
20177,0.017470713401722432
20178,0.11113633246221037
20179,0.07657630222726251
20180,0.09831774697482025
20181,0.04148951147230672
20182,0.11456179056371053
20183,0.1370913686325979
20184,0.04287184471684473
20185,0.12168894794618093
20186,0.03294343905785485
20187,0.029825320005255892
20188,0.07657630222726251
20189,0.030831530235430404
20190,0.1253937758578759
20191,0.08155796530189055
20192,0.04287184471684473
20193,0.10455365490510782
20194,0.030831530235430404
20195,0.06532098566628583
20196,0.029825320005255892
20197,0.050467859648565414
20198,0.07657630222726251
20199,0.04014987964502801
20200,0.1370913686325979
20201,0.06532098566628583
20202,0.05385008895239068
20203,0.035194756820265335
20204,0.029825320005255892
20205,0.08155796530189055
20206,0.029825320005255892
20207,0.04148951147230672
20208,0.06962564382891834
20209,0.07903125771029479
20210,0.07187511267178946
20211,0.037593946162112056
20212,0.07657630222726251
20213,0.05385008895239068
20214,0.031870571610423684
20215,0.09241538285980007
20216,0.050467859648565414
20217,0.050467859648565414
20218,0.1411897434506853
20219,0.08415807244319695
20220,0.05562035029109824
20221,0.1013931778423964
20222,0.04287184471684473
20223,0.08155796530189055
20224,0.06326265912384453
20225,0.0340511524412236
20226,0.019322932527049887
20227,0.08683323524129412
20228,0.050467859648565414
20229,0.11807880307813506
20230,0.09831774697482025
20231,0.05562035029109824
20232,0.12919480614845036
20233,0.02442486287796552
20234,0.10455365490510782
20235,0.0521330604156563
20236,0.04014987964502801
20237,0.03294343905785485
20238,0.04287184471684473
20239,0.09241538285980007
20240,0.11113633246221037
20241,0.04576954626093176
20242,0.09532570362584843
20243,0.04287184471684473
20244,0.08683323524129412
20245,0.059326311972524026
20246,0.04287184471684473
20247,0.050467859648565414
20248,0.06532098566628583
20249,0.031870571610423684
20250,0.05744527367010645
20251,0.04576954626093176
20252,0.06126494107819702
20253,0.06126494107819702
20254,0.06326265912384453
20255,0.050467859648565414
20256,0.04014987964502801
20257,0.03885174918700678
20258,0.059326311972524026
20259,0.13309352252567752
20260,0.059326311972524026
20261,0.0472874451224437
20262,0.044298105555134894
20263,0.14969342319192988
20264,0.04885310630405945
20265,0.037593946162112056
20266,0.06126494107819702
20267,0.08155796530189055
20268,0.02525362158524688
20269,0.10780082751501731
20270,0.04014987964502801
20271,0.06962564382891834
20272,0.0521330604156563
20273,0.10455365490510782
20274,0.14538999654972165
20275,0.12919480614845036
20276,0.0521330604156563
20277,0.1013931778423964
20278,0.08683323524129412
20279,0.02525362158524688
20280,0.037593946162112056
20281,0.09241538285980007
20282,0.1411897434506853
20283,0.06962564382891834
20284,0.07657630222726251
20285,0.04885310630405945
20286,0.03637532268518375
20287,0.11113633246221037
20288,0.06962564382891834
20289,0.037593946162112056
20290,0.06126494107819702
20291,0.09241538285980007
20292,0.11807880307813506
20293,0.037593946162112056
20294,0.02885097064418959
20295,0.04885310630405945
20296,0.04885310630405945
20297,0.03637532268518375
20298,0.1253937758578759
20299,0.07419146202147729
20300,0.03637532268518375
20301,0.07419146202147729
20302,0.0521330604156563
20303,0.10780082751501731
20304,0.07657630222726251
20305,0.07187511267178946
20306,0.04148951147230672
20307,0.07419146202147729
20308,0.10780082751501731
20309,0.14538999654972165
20310,0.02525362158524688
20311,0.07419146202147729
20312,0.11456179056371053
20313,0.07187511267178946
20314,0.06962564382891834
20315,0.029825320005255892
20316,0.04885310630405945
20317,0.06126494107819702
20318,0.10455365490510782
20319,0.04576954626093176
20320,0.0472874451224437
20321,0.06744146074358998
20322,0.026994094835726477
20323,0.03885174918700678
20324,0.13309352252567752
20325,0.04014987964502801
20326,0.06326265912384453
20327,0.08155796530189055
20328,0.06532098566628583
20329,0.059326311972524026
20330,0.11456179056371053
20331,0.04148951147230672
20332,0.08415807244319695
20333,0.044298105555134894
20334,0.0521330604156563
20335,0.06326265912384453
20336,0.06962564382891834
20337,0.029825320005255892
20338,0.06532098566628583
20339,0.1013931778423964
20340,0.044298105555134894
20341,0.1253937758578759
20342,0.1013931778423964
20343,0.06962564382891834
20344,0.022094611379221522
20345,0.04287184471684473
20346,0.12168894794618093
20347,0.08415807244319695
20348,0.02790753622320684
20349,0.0472874451224437
20350,0.12919480614845036
20351,0.0472874451224437
20352,0.07657630222726251
20353,0.0521330604156563
20354,0.0895851163769912
20355,0.04014987964502801
20356,0.05562035029109824
20357,0.031870571610423684
20358,0.06962564382891834
20359,0.08415807244319695
20360,0.07419146202147729
20361,0.06744146074358998
20362,0.03294343905785485
20363,0.11807880307813506
20364,0.08415807244319695
20365,0.03294343905785485
20366,0.11807880307813506
20367,0.07657630222726251
20368,0.09241538285980007
20369,0.05744527367010645
20370,0.07903125771029479
20371,0.0521330604156563
20372,0.08415807244319695
20373,0.04576954626093176
20374,0.11113633246221037
20375,0.06326265912384453
20376,0.0472874451224437
20377,0.08155796530189055
20378,0.06126494107819702
20379,0.059326311972524026
20380,0.08683323524129412
20381,0.04885310630405945
20382,0.08683323524129412
20383,0.11113633246221037
20384,0.13309352252567752
20385,0.0472874451224437
20386,0.10455365490510782
20387,0.01579318133211142
20388,0.11113633246221037
20389,0.07419146202147729
20390,0.07657630222726251
20391,0.03294343905785485
20392,0.07903125771029479
20393,0.05385008895239068
20394,0.037593946162112056
20395,0.02136725069186659
20396,0.0472874451224437
20397,0.04148951147230672
20398,0.1253937758578759
20399,0.04014987964502801
20400,0.04287184471684473
20401,0.1013931778423964
20402,0.07657630222726251
20403,0.05562035029109824
20404,0.044298105555134894
20405,0.10780082751501731
20406,0.050467859648565414
20407,0.0895851163769912
20408,0.03885174918700678
20409,0.09532570362584843
20410,0.016892943165924136
20411,0.06744146074358998
20412,0.04885310630405945
20413,0.0521330604156563
20414,0.05385008895239068
20415,0.02525362158524688
20416,0.11807880307813506
20417,0.019322932527049887
20418,0.044298105555134894
20419,0.08415807244319695
20420,0.04885310630405945
20421,0.12168894794618093
20422,0.11113633246221037
20423,0.04148951147230672
20424,0.08155796530189055
20425,0.06326265912384453
20426,0.06126494107819702
20427,0.030831530235430404
20428,0.03885174918700678
20429,0.05744527367010645
20430,0.08155796530189055
20431,0.08155796530189055
20432,0.037593946162112056
20433,0.04885310630405945
20434,0.029825320005255892
20435,0.09241538285980007
20436,0.07187511267178946
20437,0.023622642765858633
20438,0.044298105555134894
20439,0.06962564382891834
20440,0.08415807244319695
20441,0.06532098566628583
20442,0.04287184471684473
20443,0.04014987964502801
20444,0.02790753622320684
20445,0.01868507284109021
20446,0.03637532268518375
20447,0.05744527367010645
20448,0.07903125771029479
20449,0.1013931778423964
20450,0.06326265912384453
20451,0.09241538285980007
20452,0.08683323524129412
20453,0.09241538285980007
20454,0.030831530235430404
20455,0.029825320005255892
20456,0.07419146202147729
20457,0.08415807244319695
20458,0.02885097064418959
20459,0.08415807244319695
20460,0.05562035029109824
20461,0.06326265912384453
20462,0.09241538285980007
20463,0.08155796530189055
20464,0.11456179056371053
20465,0.09241538285980007
20466,0.04014987964502801
20467,0.0340511524412236
20468,0.06962564382891834
20469,0.06962564382891834
20470,0.059326311972524026
20471,0.07903125771029479
20472,0.06326265912384453
20473,0.08683323524129412
20474,0.11456179056371053
20475,0.050467859648565414
20476,0.03294343905785485
20477,0.02885097064418959
20478,0.0521330604156563
20479,0.08683323524129412
20480,0.0895851163769912
20481,0.08415807244319695
20482,0.08415807244319695
20483,0.05744527367010645
20484,0.044298105555134894
20485,0.12168894794618093
20486,0.04885310630405945
20487,0.13309352252567752
20488,0.03637532268518375
20489,0.09831774697482025
20490,0.044298105555134894
20491,0.026109748256448687
20492,0.06326265912384453
20493,0.07903125771029479
20494,0.08683323524129412
20495,0.07419146202147729
20496,0.07187511267178946
20497,0.03885174918700678
20498,0.05744527367010645
20499,0.14969342319192988
20500,0.03294343905785485
20501,0.026109748256448687
20502,0.04576954626093176
20503,0.1411897434506853
20504,0.13309352252567752
20505,0.11456179056371053
20506,0.06532098566628583
20507,0.0340511524412236
20508,0.07903125771029479
20509,0.06532098566628583
20510,0.07903125771029479
20511,0.0472874451224437
20512,0.10780082751501731
20513,0.02790753622320684
20514,0.14969342319192988
20515,0.04885310630405945
20516,0.09532570362584843
20517,0.11807880307813506
20518,0.05744527367010645
20519,0.02525362158524688
20520,0.13309352252567752
20521,0.08683323524129412
20522,0.03885174918700678
20523,0.07657630222726251
20524,0.09532570362584843
20525,0.0521330604156563
20526,0.06532098566628583
20527,0.037593946162112056
20528,0.04148951147230672
20529,0.06126494107819702
20530,0.037593946162112056
20531,0.050467859648565414
20532,0.08683323524129412
20533,0.04576954626093176
20534,0.0340511524412236
20535,0.0895851163769912
20536,0.12919480614845036
20537,0.059326311972524026
20538,0.0895851163769912
20539,0.04885310630405945
20540,0.04576954626093176
20541,0.11113633246221037
20542,0.0895851163769912
20543,0.11113633246221037
20544,0.03294343905785485
20545,0.03294343905785485
20546,0.04148951147230672
20547,0.04148951147230672
20548,0.06326265912384453
20549,0.04576954626093176
20550,0.07657630222726251
20551,0.07903125771029479
20552,0.04287184471684473
20553,0.07419146202147729
20554,0.04576954626093176
20555,0.06126494107819702
20556,0.0521330604156563
20557,0.12919480614845036
20558,0.08415807244319695
20559,0.030831530235430404
20560,0.04576954626093176
20561,0.07419146202147729
20562,0.1370913686325979
20563,0.09532570362584843
20564,0.05562035029109824
20565,0.11113633246221037
20566,0.08415807244319695
20567,0.0472874451224437
20568,0.09831774697482025
20569,0.037593946162112056
20570,0.04014987964502801
20571,0.09831774697482025
20572,0.12919480614845036
20573,0.03885174918700678
20574,0.08683323524129412
20575,0.10455365490510782
20576,0.08415807244319695
20577,0.04885310630405945
20578,0.04576954626093176
20579,0.05385008895239068
20580,0.029825320005255892
20581,0.044298105555134894
20582,0.044298105555134894
20583,0.029825320005255892
20584,0.059326311972524026
20585,0.06126494107819702
20586,0.10455365490510782
20587,0.06532098566628583
20588,0.11807880307813506
20589,0.03885174918700678
20590,0.05385008895239068
20591,0.059326311972524026
20592,0.03885174918700678
20593,0.10455365490510782
20594,0.12919480614845036
20595,0.07419146202147729
20596,0.07419146202147729
20597,0.1013931778423964
20598,0.037593946162112056
20599,0.0521330604156563
20600,0.02885097064418959
20601,0.0472874451224437
20602,0.02525362158524688
20603,0.0472874451224437
20604,0.044298105555134894
20605,0.05385008895239068
20606,0.026109748256448687
20607,0.07187511267178946
20608,0.06532098566628583
20609,0.12168894794618093
20610,0.0895851163769912
20611,0.050467859648565414
20612,0.037593946162112056
20613,0.06744146074358998
20614,0.05562035029109824
20615,0.035194756820265335
20616,0.037593946162112056
20617,0.04885310630405945
20618,0.13309352252567752
20619,0.09241538285980007
20620,0.030831530235430404
20621,0.05744527367010645
20622,0.050467859648565414
20623,0.02525362158524688
20624,0.059326311972524026
20625,0.044298105555134894
20626,0.09831774697482025
20627,0.06532098566628583
20628,0.09831774697482025
20629,0.07903125771029479
20630,0.06744146074358998
20631,0.10455365490510782
20632,0.09241538285980007
20633,0.11807880307813506
20634,0.05744527367010645
20635,0.04148951147230672
20636,0.017470713401722432
20637,0.059326311972524026
20638,0.035194756820265335
20639,0.0521330604156563
20640,0.09532570362584843
20641,0.13309352252567752
20642,0.0472874451224437
20643,0.08683323524129412
20644,0.06326265912384453
20645,0.0521330604156563
20646,0.09241538285980007
20647,0.09241538285980007
20648,0.06744146074358998
20649,0.07187511267178946
20650,0.09532570362584843
20651,0.06962564382891834
20652,0.04014987964502801
20653,0.03885174918700678
20654,0.037593946162112056
20655,0.04148951147230672
20656,0.0521330604156563
20657,0.05385008895239068
20658,0.06744146074358998
20659,0.037593946162112056
20660,0.05562035029109824
20661,0.1013931778423964
20662,0.05385008895239068
20663,0.03294343905785485
20664,0.1253937758578759
20665,0.13309352252567752
20666,0.1370913686325979
20667,0.06962564382891834
20668,0.05562035029109824
20669,0.06126494107819702
20670,0.04885310630405945
20671,0.05744527367010645
20672,0.04148951147230672
20673,0.07419146202147729
20674,0.0472874451224437
20675,0.12168894794618093
20676,0.044298105555134894
20677,0.07187511267178946
20678,0.05562035029109824
20679,0.04014987964502801
20680,0.05562035029109824
20681,0.07903125771029479
20682,0.06962564382891834
20683,0.050467859648565414
20684,0.07903125771029479
20685,0.11807880307813506
20686,0.05385008895239068
20687,0.0895851163769912
20688,0.1411897434506853
20689,0.0340511524412236
20690,0.037593946162112056
20691,0.07187511267178946
20692,0.06744146074358998
20693,0.07903125771029479
20694,0.08155796530189055
20695,0.05385008895239068
20696,0.04014987964502801
20697,0.05562035029109824
20698,0.02525362158524688
20699,0.04576954626093176
20700,0.029825320005255892
20701,0.059326311972524026
20702,0.0521330604156563
20703,0.050467859648565414
20704,0.13309352252567752
20705,0.04287184471684473
20706,0.04576954626093176
20707,0.044298105555134894
20708,0.10455365490510782
20709,0.059326311972524026
20710,0.050467859648565414
20711,0.05385008895239068
20712,0.1370913686325979
20713,0.07657630222726251
20714,0.12919480614845036
20715,0.0521330604156563
20716,0.08683323524129412
20717,0.050467859648565414
20718,0.04576954626093176
20719,0.05744527367010645
20720,0.05385008895239068
20721,0.03637532268518375
20722,0.09241538285980007
20723,0.030831530235430404
20724,0.11807880307813506
20725,0.0340511524412236
20726,0.08155796530189055
20727,0.02885097064418959
20728,0.06126494107819702
20729,0.0472874451224437
20730,0.05562035029109824
20731,0.0521330604156563
20732,0.12919480614845036
20733,0.07419146202147729
20734,0.1370913686325979
20735,0.13309352252567752
20736,0.050467859648565414
20737,0.12168894794618093
20738,0.030831530235430404
20739,0.059326311972524026
20740,0.04287184471684473
20741,0.044298105555134894
20742,0.044298105555134894
20743,0.03637532268518375
20744,0.0895851163769912
20745,0.12919480614845036
20746,0.10780082751501731
20747,0.0521330604156563
20748,0.10780082751501731
20749,0.10780082751501731
20750,0.12168894794618093
20751,0.0895851163769912
20752,0.03294343905785485
20753,0.12919480614845036
20754,0.029825320005255892
20755,0.0472874451224437
20756,0.04576954626093176
20757,0.06326265912384453
20758,0.0340511524412236
20759,0.07657630222726251
20760,0.11807880307813506
20761,0.06532098566628583
20762,0.06962564382891834
20763,0.1253937758578759
20764,0.07419146202147729
20765,0.04576954626093176
20766,0.06326265912384453
20767,0.06126494107819702
20768,0.07187511267178946
20769,0.1411897434506853
20770,0.08683323524129412
20771,0.035194756820265335
20772,0.06326265912384453
20773,0.02284615406529167
20774,0.050467859648565414
20775,0.059326311972524026
20776,0.10455365490510782
20777,0.02136725069186659
20778,0.09831774697482025
20779,0.07419146202147729
20780,0.044298105555134894
20781,0.03885174918700678
20782,0.06962564382891834
20783,0.04014987964502801
20784,0.05385008895239068
20785,0.08683323524129412
20786,0.11807880307813506
20787,0.08683323524129412
20788,0.1013931778423964
20789,0.030831530235430404
20790,0.05562035029109824
20791,0.09241538285980007
20792,0.12168894794618093
20793,0.059326311972524026
20794,0.04148951147230672
20795,0.06744146074358998
20796,0.026109748256448687
20797,0.0521330604156563
20798,0.0895851163769912
20799,0.04885310630405945
20800,0.08155796530189055
20801,0.11456179056371053
20802,0.059326311972524026
20803,0.04148951147230672
20804,0.12168894794618093
20805,0.11807880307813506
20806,0.05385008895239068
20807,0.08683323524129412
20808,0.026994094835726477
20809,0.08155796530189055
20810,0.044298105555134894
20811,0.04576954626093176
20812,0.06326265912384453
20813,0.05744527367010645
20814,0.06126494107819702
20815,0.04576954626093176
20816,0.12919480614845036
20817,0.04014987964502801
20818,0.06326265912384453
20819,0.0895851163769912
20820,0.04148951147230672
20821,0.06962564382891834
20822,0.059326311972524026
20823,0.02442486287796552
20824,0.04287184471684473
20825,0.08683323524129412
20826,0.05744527367010645
20827,0.05562035029109824
20828,0.050467859648565414
20829,0.02284615406529167
20830,0.05744527367010645
20831,0.050467859648565414
20832,0.09241538285980007
20833,0.1411897434506853
20834,0.06126494107819702
20835,0.0521330604156563
20836,0.05562035029109824
20837,0.059326311972524026
20838,0.06126494107819702
20839,0.03885174918700678
20840,0.06962564382891834
20841,0.07903125771029479
20842,0.0521330604156563
20843,0.12919480614845036
20844,0.044298105555134894
20845,0.10780082751501731
20846,0.08415807244319695
20847,0.06744146074358998
20848,0.0521330604156563
20849,0.14969342319192988
20850,0.10455365490510782
20851,0.03294343905785485
20852,0.0895851163769912
20853,0.05385008895239068
20854,0.044298105555134894
20855,0.07657630222726251
20856,0.05562035029109824
20857,0.05385008895239068
20858,0.07903125771029479
20859,0.10455365490510782
20860,0.059326311972524026
20861,0.12168894794618093
20862,0.07419146202147729
20863,0.06744146074358998
20864,0.12919480614845036
20865,0.05562035029109824
20866,0.11113633246221037
20867,0.05562035029109824
20868,0.06126494107819702
20869,0.05562035029109824
20870,0.12919480614845036
20871,0.07187511267178946
20872,0.04287184471684473
20873,0.06744146074358998
20874,0.044298105555134894
20875,0.059326311972524026
20876,0.06532098566628583
20877,0.03294343905785485
20878,0.11807880307813506
20879,0.08415807244319695
20880,0.035194756820265335
20881,0.04148951147230672
20882,0.0521330604156563
20883,0.04287184471684473
20884,0.04148951147230672
20885,0.037593946162112056
20886,0.07187511267178946
20887,0.1411897434506853
20888,0.08415807244319695
20889,0.059326311972524026
20890,0.09241538285980007
20891,0.05562035029109824
20892,0.0340511524412236
20893,0.0472874451224437
20894,0.06962564382891834
20895,0.044298105555134894
20896,0.1370913686325979
20897,0.019322932527049887
20898,0.03885174918700678
20899,0.031870571610423684
20900,0.059326311972524026
20901,0.08683323524129412
20902,0.04576954626093176
20903,0.0895851163769912
20904,0.07419146202147729
20905,0.0521330604156563
20906,0.04287184471684473
20907,0.10780082751501731
20908,0.08415807244319695
20909,0.07187511267178946
20910,0.05744527367010645
20911,0.07419146202147729
20912,0.07187511267178946
20913,0.05385008895239068
20914,0.1253937758578759
20915,0.08683323524129412
20916,0.07657630222726251
20917,0.04576954626093176
20918,0.06126494107819702
20919,0.07903125771029479
20920,0.059326311972524026
20921,0.06326265912384453
20922,0.03885174918700678
20923,0.044298105555134894
20924,0.12919480614845036
20925,0.06962564382891834
20926,0.06962564382891834
20927,0.04576954626093176
20928,0.05562035029109824
20929,0.10780082751501731
20930,0.050467859648565414
20931,0.06962564382891834
20932,0.026994094835726477
20933,0.07657630222726251
20934,0.06126494107819702
20935,0.035194756820265335
20936,0.07187511267178946
20937,0.06532098566628583
20938,0.08415807244319695
20939,0.044298105555134894
20940,0.08415807244319695
20941,0.11113633246221037
20942,0.04576954626093176
20943,0.02284615406529167
20944,0.04148951147230672
20945,0.10455365490510782
20946,0.14969342319192988
20947,0.050467859648565414
20948,0.15410125929925808
20949,0.15861467629411466
20950,0.05744527367010645
20951,0.06326265912384453
20952,0.0472874451224437
20953,0.09831774697482025
20954,0.04287184471684473
20955,0.06532098566628583
20956,0.09532570362584843
20957,0.05744527367010645
20958,0.09831774697482025
20959,0.06326265912384453
20960,0.0895851163769912
20961,0.035194756820265335
20962,0.05385008895239068
20963,0.04287184471684473
20964,0.11807880307813506
20965,0.029825320005255892
20966,0.044298105555134894
20967,0.10780082751501731
20968,0.02284615406529167
20969,0.06744146074358998
20970,0.1411897434506853
20971,0.07419146202147729
20972,0.09532570362584843
20973,0.02525362158524688
20974,0.07419146202147729
20975,0.1411897434506853
20976,0.06326265912384453
20977,0.1013931778423964
20978,0.02442486287796552
20979,0.05562035029109824
20980,0.0472874451224437
20981,0.050467859648565414
20982,0.11456179056371053
20983,0.037593946162112056
20984,0.11807880307813506
20985,0.044298105555134894
20986,0.06326265912384453
20987,0.11456179056371053
20988,0.06962564382891834
20989,0.04148951147230672
20990,0.06326265912384453
20991,0.0521330604156563
20992,0.07903125771029479
20993,0.0521330604156563
20994,0.026109748256448687
20995,0.11807880307813506
20996,0.0472874451224437
20997,0.05385008895239068
20998,0.10780082751501731
20999,0.10780082751501731
21000,0.07903125771029479
21001,0.0521330604156563
21002,0.12919480614845036
21003,0.04014987964502801
21004,0.035194756820265335
21005,0.026994094835726477
21006,0.09241538285980007
21007,0.02284615406529167
21008,0.09831774697482025
21009,0.035194756820265335
21010,0.06532098566628583
21011,0.07903125771029479
21012,0.05744527367010645
21013,0.0472874451224437
21014,0.0472874451224437
21015,0.06326265912384453
21016,0.05744527367010645
21017,0.044298105555134894
21018,0.04148951147230672
21019,0.04576954626093176
21020,0.07419146202147729
21021,0.05385008895239068
21022,0.037593946162112056
21023,0.05385008895239068
21024,0.026994094835726477
21025,0.044298105555134894
21026,0.0340511524412236
21027,0.0472874451224437
21028,0.08415807244319695
21029,0.1253937758578759
21030,0.050467859648565414
21031,0.044298105555134894
21032,0.04287184471684473
21033,0.04576954626093176
21034,0.04885310630405945
21035,0.059326311972524026
21036,0.01998212368725082
21037,0.09241538285980007
21038,0.1253937758578759
21039,0.04576954626093176
21040,0.07903125771029479
21041,0.029825320005255892
21042,0.05744527367010645
21043,0.10455365490510782
21044,0.05744527367010645
21045,0.09532570362584843
21046,0.0472874451224437
21047,0.05562035029109824
21048,0.07903125771029479
21049,0.09241538285980007
21050,0.12919480614845036
21051,0.11807880307813506
21052,0.11456179056371053
21053,0.06532098566628583
21054,0.06126494107819702
21055,0.07903125771029479
21056,0.07419146202147729
21057,0.0521330604156563
21058,0.04576954626093176
21059,0.037593946162112056
21060,0.02136725069186659
21061,0.08155796530189055
21062,0.08415807244319695
21063,0.09241538285980007
21064,0.11456179056371053
21065,0.050467859648565414
21066,0.1253937758578759
21067,0.06326265912384453
21068,0.026109748256448687
21069,0.09831774697482025
21070,0.1253937758578759
21071,0.09241538285980007
21072,0.0340511524412236
21073,0.044298105555134894
21074,0.07657630222726251
21075,0.06532098566628583
21076,0.04885310630405945
21077,0.0472874451224437
21078,0.1013931778423964
21079,0.03885174918700678
21080,0.06126494107819702
21081,0.05385008895239068
21082,0.05744527367010645
21083,0.09532570362584843
21084,0.06532098566628583
21085,0.02136725069186659
21086,0.09532570362584843
21087,0.06126494107819702
21088,0.050467859648565414
21089,0.09241538285980007
21090,0.05562035029109824
21091,0.1253937758578759
21092,0.03637532268518375
21093,0.03294343905785485
21094,0.07657630222726251
21095,0.0472874451224437
21096,0.044298105555134894
21097,0.05385008895239068
21098,0.09532570362584843
21099,0.05385008895239068
21100,0.07187511267178946
21101,0.02885097064418959
21102,0.0521330604156563
21103,0.050467859648565414
21104,0.05385008895239068
21105,0.06126494107819702
21106,0.05385008895239068
21107,0.0472874451224437
21108,0.06744146074358998
21109,0.035194756820265335
21110,0.05562035029109824
21111,0.14969342319192988
21112,0.05744527367010645
21113,0.06326265912384453
21114,0.0340511524412236
21115,0.09532570362584843
21116,0.03637532268518375
21117,0.12919480614845036
21118,0.05744527367010645
21119,0.01806788128844435
21120,0.08155796530189055
21121,0.15410125929925808
21122,0.04014987964502801
21123,0.029825320005255892
21124,0.0472874451224437
21125,0.09532570362584843
21126,0.037593946162112056
21127,0.0521330604156563
21128,0.02790753622320684
21129,0.06744146074358998
21130,0.05562035029109824
21131,0.1253937758578759
21132,0.04148951147230672
21133,0.1013931778423964
21134,0.10455365490510782
21135,0.04014987964502801
21136,0.08683323524129412
21137,0.09532570362584843
21138,0.04287184471684473
21139,0.04576954626093176
21140,0.07187511267178946
21141,0.05562035029109824
21142,0.13309352252567752
21143,0.07657630222726251
21144,0.12919480614845036
21145,0.037593946162112056
21146,0.06326265912384453
21147,0.06126494107819702
21148,0.050467859648565414
21149,0.04287184471684473
21150,0.08683323524129412
21151,0.07187511267178946
21152,0.05562035029109824
21153,0.08683323524129412
21154,0.029825320005255892
21155,0.026109748256448687
21156,0.07903125771029479
21157,0.08155796530189055
21158,0.026109748256448687
21159,0.06744146074358998
21160,0.08155796530189055
21161,0.03637532268518375
21162,0.03294343905785485
21163,0.10455365490510782
21164,0.07903125771029479
21165,0.0521330604156563
21166,0.08415807244319695
21167,0.09532570362584843
21168,0.05385008895239068
21169,0.02790753622320684
21170,0.12919480614845036
21171,0.05744527367010645
21172,0.0521330604156563
21173,0.08683323524129412
21174,0.06326265912384453
21175,0.031870571610423684
21176,0.05562035029109824
21177,0.09532570362584843
21178,0.09532570362584843
21179,0.06744146074358998
21180,0.05744527367010645
21181,0.0521330604156563
21182,0.07419146202147729
21183,0.035194756820265335
21184,0.1013931778423964
21185,0.07187511267178946
21186,0.02790753622320684
21187,0.044298105555134894
21188,0.020663328957880672
21189,0.08415807244319695
21190,0.06744146074358998
21191,0.030831530235430404
21192,0.07187511267178946
21193,0.04885310630405945
21194,0.11113633246221037
21195,0.06962564382891834
21196,0.07419146202147729
21197,0.06126494107819702
21198,0.044298105555134894
21199,0.022094611379221522
21200,0.1411897434506853
21201,0.08683323524129412
21202,0.04148951147230672
21203,0.06744146074358998
21204,0.12919480614845036
21205,0.07657630222726251
21206,0.09241538285980007
21207,0.023622642765858633
21208,0.05562035029109824
21209,0.0521330604156563
21210,0.11807880307813506
21211,0.0472874451224437
21212,0.04576954626093176
21213,0.06326265912384453
21214,0.06532098566628583
21215,0.08683323524129412
21216,0.08155796530189055
21217,0.08683323524129412
21218,0.0340511524412236
21219,0.0521330604156563
21220,0.06326265912384453
21221,0.04576954626093176
21222,0.1013931778423964
21223,0.044298105555134894
21224,0.06126494107819702
21225,0.05744527367010645
21226,0.08155796530189055
21227,0.03294343905785485
21228,0.11113633246221037
21229,0.10455365490510782
21230,0.10780082751501731
21231,0.030831530235430404
21232,0.037593946162112056
21233,0.08415807244319695
21234,0.0472874451224437
21235,0.08155796530189055
21236,0.04885310630405945
21237,0.050467859648565414
21238,0.05562035029109824
21239,0.05562035029109824
21240,0.12919480614845036
21241,0.03294343905785485
21242,0.0472874451224437
21243,0.06744146074358998
21244,0.04576954626093176
21245,0.11807880307813506
21246,0.06744146074358998
21247,0.1013931778423964
21248,0.04148951147230672
21249,0.09831774697482025
21250,0.12919480614845036
21251,0.029825320005255892
21252,0.06744146074358998
21253,0.059326311972524026
21254,0.08415807244319695
21255,0.05562035029109824
21256,0.06126494107819702
21257,0.04576954626093176
21258,0.06962564382891834
21259,0.01998212368725082
21260,0.03885174918700678
21261,0.09532570362584843
21262,0.06326265912384453
21263,0.06962564382891834
21264,0.05744527367010645
21265,0.07903125771029479
21266,0.0895851163769912
21267,0.04885310630405945
21268,0.0521330604156563
21269,0.12168894794618093
21270,0.06962564382891834
21271,0.050467859648565414
21272,0.06326265912384453
21273,0.037593946162112056
21274,0.06126494107819702
21275,0.05385008895239068
21276,0.035194756820265335
21277,0.12168894794618093
21278,0.026109748256448687
21279,0.05744527367010645
21280,0.04885310630405945
21281,0.06532098566628583
21282,0.05744527367010645
21283,0.08415807244319695
21284,0.05562035029109824
21285,0.04287184471684473
21286,0.11113633246221037
21287,0.04148951147230672
21288,0.07419146202147729
21289,0.08683323524129412
21290,0.03637532268518375
21291,0.06532098566628583
21292,0.026994094835726477
21293,0.07419146202147729
21294,0.023622642765858633
21295,0.09532570362584843
21296,0.04576954626093176
21297,0.1370913686325979
21298,0.04885310630405945
21299,0.06126494107819702
21300,0.04148951147230672
21301,0.02790753622320684
21302,0.07903125771029479
21303,0.14538999654972165
21304,0.11807880307813506
21305,0.06744146074358998
21306,0.037593946162112056
21307,0.09532570362584843
21308,0.03294343905785485
21309,0.026109748256448687
21310,0.08155796530189055
21311,0.06744146074358998
21312,0.03885174918700678
21313,0.07419146202147729
21314,0.02885097064418959
21315,0.03637532268518375
21316,0.03885174918700678
21317,0.031870571610423684
21318,0.06962564382891834
21319,0.031870571610423684
21320,0.026109748256448687
21321,0.03885174918700678
21322,0.035194756820265335
21323,0.10455365490510782
21324,0.03885174918700678
21325,0.09241538285980007
21326,0.0895851163769912
21327,0.06126494107819702
21328,0.0895851163769912
21329,0.07419146202147729
21330,0.04148951147230672
21331,0.04885310630405945
21332,0.06126494107819702
21333,0.044298105555134894
21334,0.0472874451224437
21335,0.06126494107819702
21336,0.06326265912384453
21337,0.03294343905785485
21338,0.09241538285980007
21339,0.12168894794618093
21340,0.11807880307813506
21341,0.11456179056371053
21342,0.1370913686325979
21343,0.0472874451224437
21344,0.11456179056371053
21345,0.04576954626093176
21346,0.1013931778423964
21347,0.1013931778423964
21348,0.02284615406529167
21349,0.0521330604156563
21350,0.06326265912384453
21351,0.04287184471684473
21352,0.06962564382891834
21353,0.08155796530189055
21354,0.0472874451224437
21355,0.04287184471684473
21356,0.037593946162112056
21357,0.035194756820265335
21358,0.06126494107819702
21359,0.05562035029109824
21360,0.10780082751501731
21361,0.050467859648565414
21362,0.09831774697482025
21363,0.08155796530189055
21364,0.10455365490510782
21365,0.029825320005255892
21366,0.07903125771029479
21367,0.03637532268518375
21368,0.04576954626093176
21369,0.06744146074358998
21370,0.06532098566628583
21371,0.0895851163769912
21372,0.08415807244319695
21373,0.059326311972524026
21374,0.07419146202147729
21375,0.05744527367010645
21376,0.1253937758578759
21377,0.05385008895239068
21378,0.02885097064418959
21379,0.06126494107819702
21380,0.0521330604156563
21381,0.022094611379221522
21382,0.05562035029109824
21383,0.04014987964502801
21384,0.04287184471684473
21385,0.0521330604156563
21386,0.03294343905785485
21387,0.0895851163769912
21388,0.031870571610423684
21389,0.08683323524129412
21390,0.09241538285980007
21391,0.09831774697482025
21392,0.06126494107819702
21393,0.05744527367010645
21394,0.07419146202147729
21395,0.1370913686325979
21396,0.0472874451224437
21397,0.10780082751501731
21398,0.04885310630405945
21399,0.14538999654972165
21400,0.07187511267178946
21401,0.11807880307813506
21402,0.04885310630405945
21403,0.03637532268518375
21404,0.026994094835726477
21405,0.06744146074358998
21406,0.03637532268518375
21407,0.020663328957880672
21408,0.07657630222726251
21409,0.1411897434506853
21410,0.06126494107819702
21411,0.06744146074358998
21412,0.09532570362584843
21413,0.10455365490510782
21414,0.1370913686325979
21415,0.08683323524129412
21416,0.06126494107819702
21417,0.031870571610423684
21418,0.06532098566628583
21419,0.04287184471684473
21420,0.08155796530189055
21421,0.02136725069186659
21422,0.026994094835726477
21423,0.050467859648565414
21424,0.09241538285980007
21425,0.050467859648565414
21426,0.0521330604156563
21427,0.023622642765858633
21428,0.050467859648565414
21429,0.017470713401722432
21430,0.03637532268518375
21431,0.07903125771029479
21432,0.050467859648565414
21433,0.035194756820265335
21434,0.09831774697482025
21435,0.06532098566628583
21436,0.06532098566628583
21437,0.0521330604156563
21438,0.030831530235430404
21439,0.09532570362584843
21440,0.06962564382891834
21441,0.01998212368725082
21442,0.12168894794618093
21443,0.0521330604156563
21444,0.06744146074358998
21445,0.06744146074358998
21446,0.09532570362584843
21447,0.08415807244319695
21448,0.06532098566628583
21449,0.03885174918700678
21450,0.04014987964502801
21451,0.10455365490510782
21452,0.10780082751501731
21453,0.14538999654972165
21454,0.08155796530189055
21455,0.07903125771029479
21456,0.1013931778423964
21457,0.08415807244319695
21458,0.06326265912384453
21459,0.09241538285980007
21460,0.0521330604156563
21461,0.11807880307813506
21462,0.023622642765858633
21463,0.11113633246221037
21464,0.04885310630405945
21465,0.037593946162112056
21466,0.05744527367010645
21467,0.04287184471684473
21468,0.10780082751501731
21469,0.044298105555134894
21470,0.14538999654972165
21471,0.08155796530189055
21472,0.10780082751501731
21473,0.09241538285980007
21474,0.03885174918700678
21475,0.04576954626093176
21476,0.09831774697482025
21477,0.03885174918700678
21478,0.06962564382891834
21479,0.07903125771029479
21480,0.12919480614845036
21481,0.10780082751501731
21482,0.07419146202147729
21483,0.059326311972524026
21484,0.08683323524129412
21485,0.10455365490510782
21486,0.07187511267178946
21487,0.08683323524129412
21488,0.044298105555134894
21489,0.04576954626093176
21490,0.06126494107819702
21491,0.04576954626093176
21492,0.035194756820265335
21493,0.04287184471684473
21494,0.07419146202147729
21495,0.08683323524129412
21496,0.05562035029109824
21497,0.06326265912384453
21498,0.1013931778423964
21499,0.13309352252567752
21500,0.0895851163769912
21501,0.08155796530189055
21502,0.09532570362584843
21503,0.06326265912384453
21504,0.09241538285980007
21505,0.10455365490510782
21506,0.03294343905785485
21507,0.06532098566628583
21508,0.04885310630405945
21509,0.05562035029109824
21510,0.04885310630405945
21511,0.07903125771029479
21512,0.044298105555134894
21513,0.06532098566628583
21514,0.026994094835726477
21515,0.04148951147230672
21516,0.03885174918700678
21517,0.1013931778423964
21518,0.07903125771029479
21519,0.04287184471684473
21520,0.02790753622320684
21521,0.0521330604156563
21522,0.08683323524129412
21523,0.1253937758578759
21524,0.06744146074358998
21525,0.1013931778423964
21526,0.059326311972524026
21527,0.03294343905785485
21528,0.07187511267178946
21529,0.11113633246221037
21530,0.05744527367010645
21531,0.06326265912384453
21532,0.1013931778423964
21533,0.059326311972524026
21534,0.08155796530189055
21535,0.03637532268518375
21536,0.1370913686325979
21537,0.09241538285980007
21538,0.07903125771029479
21539,0.0340511524412236
21540,0.029825320005255892
21541,0.0521330604156563
21542,0.050467859648565414
21543,0.03885174918700678
21544,0.04014987964502801
21545,0.0472874451224437
21546,0.06532098566628583
21547,0.07187511267178946
21548,0.07903125771029479
21549,0.13309352252567752
21550,0.02525362158524688
21551,0.08683323524129412
21552,0.09532570362584843
21553,0.07657630222726251
21554,0.05385008895239068
21555,0.09241538285980007
21556,0.035194756820265335
21557,0.04148951147230672
21558,0.08155796530189055
21559,0.044298105555134894
21560,0.1013931778423964
21561,0.06326265912384453
21562,0.04148951147230672
21563,0.04885310630405945
21564,0.05744527367010645
21565,0.0521330604156563
21566,0.06126494107819702
21567,0.07419146202147729
21568,0.04287184471684473
21569,0.05562035029109824
21570,0.05562035029109824
21571,0.06326265912384453
21572,0.037593946162112056
21573,0.06744146074358998
21574,0.06126494107819702
21575,0.0521330604156563
21576,0.06744146074358998
21577,0.09532570362584843
21578,0.12168894794618093
21579,0.06744146074358998
21580,0.08683323524129412
21581,0.06962564382891834
21582,0.0521330604156563
21583,0.05385008895239068
21584,0.0472874451224437
21585,0.04287184471684473
21586,0.02790753622320684
21587,0.030831530235430404
21588,0.03637532268518375
21589,0.04014987964502801
21590,0.04148951147230672
21591,0.07419146202147729
21592,0.044298105555134894
21593,0.09532570362584843
21594,0.02790753622320684
21595,0.07187511267178946
21596,0.07187511267178946
21597,0.05562035029109824
21598,0.02442486287796552
21599,0.06744146074358998
21600,0.12919480614845036
21601,0.044298105555134894
21602,0.037593946162112056
21603,0.06126494107819702
21604,0.031870571610423684
21605,0.08683323524129412
21606,0.04287184471684473
21607,0.06744146074358998
21608,0.02790753622320684
21609,0.04576954626093176
21610,0.10455365490510782
21611,0.050467859648565414
21612,0.037593946162112056
21613,0.06326265912384453
21614,0.026994094835726477
21615,0.026994094835726477
21616,0.07187511267178946
21617,0.07419146202147729
21618,0.02284615406529167
21619,0.04287184471684473
21620,0.06744146074358998
21621,0.11807880307813506
21622,0.03637532268518375
21623,0.13309352252567752
21624,0.04148951147230672
21625,0.05744527367010645
21626,0.02790753622320684
21627,0.09241538285980007
21628,0.1013931778423964
21629,0.05385008895239068
21630,0.04576954626093176
21631,0.06532098566628583
21632,0.0340511524412236
21633,0.09831774697482025
21634,0.08415807244319695
21635,0.1013931778423964
21636,0.11113633246221037
21637,0.023622642765858633
21638,0.04885310630405945
21639,0.11113633246221037
21640,0.05385008895239068
21641,0.030831530235430404
21642,0.06744146074358998
21643,0.04287184471684473
21644,0.05562035029109824
21645,0.06532098566628583
21646,0.08155796530189055
21647,0.08415807244319695
21648,0.06962564382891834
21649,0.1411897434506853
21650,0.06126494107819702
21651,0.05562035029109824
21652,0.04885310630405945
21653,0.06532098566628583
21654,0.04148951147230672
21655,0.04148951147230672
21656,0.08415807244319695
21657,0.04885310630405945
21658,0.0472874451224437
21659,0.06326265912384453
21660,0.03637532268518375
21661,0.035194756820265335
21662,0.044298105555134894
21663,0.08683323524129412
21664,0.08155796530189055
21665,0.0895851163769912
21666,0.06962564382891834
21667,0.04287184471684473
21668,0.035194756820265335
21669,0.031870571610423684
21670,0.11456179056371053
21671,0.02136725069186659
21672,0.06326265912384453
21673,0.03637532268518375
21674,0.09831774697482025
21675,0.03885174918700678
21676,0.044298105555134894
21677,0.06532098566628583
21678,0.029825320005255892
21679,0.06126494107819702
21680,0.12168894794618093
21681,0.031870571610423684
21682,0.14538999654972165
21683,0.02442486287796552
21684,0.059326311972524026
21685,0.08155796530189055
21686,0.07187511267178946
21687,0.11456179056371053
21688,0.0895851163769912
21689,0.06962564382891834
21690,0.0472874451224437
21691,0.14538999654972165
21692,0.031870571610423684
21693,0.0895851163769912
21694,0.06326265912384453
21695,0.12168894794618093
21696,0.05385008895239068
21697,0.12168894794618093
21698,0.050467859648565414
21699,0.08683323524129412
21700,0.1411897434506853
21701,0.09241538285980007
21702,0.06326265912384453
21703,0.02885097064418959
21704,0.04148951147230672
21705,0.02525362158524688
21706,0.037593946162112056
21707,0.05562035029109824
21708,0.031870571610423684
21709,0.026109748256448687
21710,0.08155796530189055
21711,0.07419146202147729
21712,0.07187511267178946
21713,0.07187511267178946
21714,0.06962564382891834
21715,0.11113633246221037
21716,0.0895851163769912
21717,0.06962564382891834
21718,0.03637532268518375
21719,0.12919480614845036
21720,0.04014987964502801
21721,0.0895851163769912
21722,0.15861467629411466
21723,0.07903125771029479
21724,0.06744146074358998
21725,0.06326265912384453
21726,0.04014987964502801
21727,0.04287184471684473
21728,0.08683323524129412
21729,0.04014987964502801
21730,0.07657630222726251
21731,0.031870571610423684
21732,0.06962564382891834
21733,0.026109748256448687
21734,0.09831774697482025
21735,0.11456179056371053
21736,0.04287184471684473
21737,0.04287184471684473
21738,0.04148951147230672
21739,0.09532570362584843
21740,0.09241538285980007
21741,0.09241538285980007
21742,0.06532098566628583
21743,0.05385008895239068
21744,0.04148951147230672
21745,0.14969342319192988
21746,0.05385008895239068
21747,0.0521330604156563
21748,0.02442486287796552
21749,0.04885310630405945
21750,0.044298105555134894
21751,0.09831774697482025
21752,0.026994094835726477
21753,0.06744146074358998
21754,0.04014987964502801
21755,0.07187511267178946
21756,0.1253937758578759
21757,0.1253937758578759
21758,0.10780082751501731
21759,0.06326265912384453
21760,0.04148951147230672
21761,0.03637532268518375
21762,0.09831774697482025
21763,0.03885174918700678
21764,0.044298105555134894
21765,0.0895851163769912
21766,0.03637532268518375
21767,0.07187511267178946
21768,0.11807880307813506
21769,0.07903125771029479
21770,0.07657630222726251
21771,0.07903125771029479
21772,0.11807880307813506
21773,0.08415807244319695
21774,0.07903125771029479
21775,0.044298105555134894
21776,0.08415807244319695
21777,0.04576954626093176
21778,0.05562035029109824
21779,0.08683323524129412
21780,0.14538999654972165
21781,0.07187511267178946
21782,0.06962564382891834
21783,0.044298105555134894
21784,0.07657630222726251
21785,0.06962564382891834
21786,0.11807880307813506
21787,0.03885174918700678
21788,0.10455365490510782
21789,0.0521330604156563
21790,0.023622642765858633
21791,0.059326311972524026
21792,0.11807880307813506
21793,0.08683323524129412
21794,0.02525362158524688
21795,0.11113633246221037
21796,0.059326311972524026
21797,0.09241538285980007
21798,0.06326265912384453
21799,0.06532098566628583
21800,0.04014987964502801
21801,0.02442486287796552
21802,0.0340511524412236
21803,0.0521330604156563
21804,0.04885310630405945
21805,0.035194756820265335
21806,0.10780082751501731
21807,0.07903125771029479
21808,0.09831774697482025
21809,0.037593946162112056
21810,0.05385008895239068
21811,0.08683323524129412
21812,0.02885097064418959
21813,0.035194756820265335
21814,0.09532570362584843
21815,0.06962564382891834
21816,0.012899734025195017
21817,0.07903125771029479
21818,0.11113633246221037
21819,0.050467859648565414
21820,0.044298105555134894
21821,0.044298105555134894
21822,0.01806788128844435
21823,0.06962564382891834
21824,0.06326265912384453
21825,0.11456179056371053
21826,0.11456179056371053
21827,0.06962564382891834
21828,0.06962564382891834
21829,0.14969342319192988
21830,0.04885310630405945
21831,0.09831774697482025
21832,0.07903125771029479
21833,0.03885174918700678
21834,0.016892943165924136
21835,0.059326311972524026
21836,0.12168894794618093
21837,0.06962564382891834
21838,0.06326265912384453
21839,0.06326265912384453
21840,0.03294343905785485
21841,0.04576954626093176
21842,0.02442486287796552
21843,0.04885310630405945
21844,0.01806788128844435
21845,0.13309352252567752
21846,0.04576954626093176
21847,0.14969342319192988
21848,0.031870571610423684
21849,0.1253937758578759
21850,0.0340511524412236
21851,0.0472874451224437
21852,0.06962564382891834
21853,0.07903125771029479
21854,0.06126494107819702
21855,0.03637532268518375
21856,0.06532098566628583
21857,0.044298105555134894
21858,0.12168894794618093
21859,0.0472874451224437
21860,0.02790753622320684
21861,0.12168894794618093
21862,0.06126494107819702
21863,0.07903125771029479
21864,0.0472874451224437
21865,0.02885097064418959
21866,0.06962564382891834
21867,0.031870571610423684
21868,0.11456179056371053
21869,0.11456179056371053
21870,0.044298105555134894
21871,0.0895851163769912
21872,0.0472874451224437
21873,0.06126494107819702
21874,0.044298105555134894
21875,0.11113633246221037
21876,0.06962564382891834
21877,0.035194756820265335
21878,0.059326311972524026
21879,0.04885310630405945
21880,0.11113633246221037
21881,0.12919480614845036
21882,0.09532570362584843
21883,0.07657630222726251
21884,0.06532098566628583
21885,0.04287184471684473
21886,0.07419146202147729
21887,0.04287184471684473
21888,0.11807880307813506
21889,0.0521330604156563
21890,0.0895851163769912
21891,0.15410125929925808
21892,0.07187511267178946
21893,0.07419146202147729
21894,0.09241538285980007
21895,0.030831530235430404
21896,0.06962564382891834
21897,0.10455365490510782
21898,0.06126494107819702
21899,0.050467859648565414
21900,0.08155796530189055
21901,0.06744146074358998
21902,0.08415807244319695
21903,0.02790753622320684
21904,0.1411897434506853
21905,0.07903125771029479
21906,0.09241538285980007
21907,0.0340511524412236
21908,0.06962564382891834
21909,0.06962564382891834
21910,0.044298105555134894
21911,0.10780082751501731
21912,0.15410125929925808
21913,0.09831774697482025
21914,0.030831530235430404
21915,0.07903125771029479
21916,0.04885310630405945
21917,0.06962564382891834
21918,0.1411897434506853
21919,0.037593946162112056
21920,0.04148951147230672
21921,0.06126494107819702
21922,0.05385008895239068
21923,0.10455365490510782
21924,0.05744527367010645
21925,0.05385008895239068
21926,0.04287184471684473
21927,0.059326311972524026
21928,0.0521330604156563
21929,0.05744527367010645
21930,0.09241538285980007
21931,0.0521330604156563
21932,0.11113633246221037
21933,0.059326311972524026
21934,0.06126494107819702
21935,0.02885097064418959
21936,0.04148951147230672
21937,0.02525362158524688
21938,0.05744527367010645
21939,0.06744146074358998
21940,0.13309352252567752
21941,0.05562035029109824
21942,0.037593946162112056
21943,0.04287184471684473
21944,0.07187511267178946
21945,0.0895851163769912
21946,0.1013931778423964
21947,0.02442486287796552
21948,0.06126494107819702
21949,0.08155796530189055
21950,0.037593946162112056
21951,0.11456179056371053
21952,0.022094611379221522
21953,0.11807880307813506
21954,0.050467859648565414
21955,0.06126494107819702
21956,0.037593946162112056
21957,0.0340511524412236
21958,0.09532570362584843
21959,0.037593946162112056
21960,0.06532098566628583
21961,0.01998212368725082
21962,0.06532098566628583
21963,0.03294343905785485
21964,0.0472874451224437
21965,0.04287184471684473
21966,0.0340511524412236
21967,0.06126494107819702
21968,0.05744527367010645
21969,0.037593946162112056
21970,0.0521330604156563
21971,0.031870571610423684
21972,0.09241538285980007
21973,0.0521330604156563
21974,0.026994094835726477
21975,0.05744527367010645
21976,0.035194756820265335
21977,0.07903125771029479
21978,0.059326311972524026
21979,0.05385008895239068
21980,0.05744527367010645
21981,0.06326265912384453
21982,0.04576954626093176
21983,0.09831774697482025
21984,0.04576954626093176
21985,0.059326311972524026
21986,0.06532098566628583
21987,0.06744146074358998
21988,0.07657630222726251
21989,0.06126494107819702
21990,0.08155796530189055
21991,0.026109748256448687
21992,0.12919480614845036
21993,0.05385008895239068
21994,0.05744527367010645
21995,0.08415807244319695
21996,0.035194756820265335
21997,0.026994094835726477
21998,0.04576954626093176
21999,0.037593946162112056
22000,0.06962564382891834
22001,0.05562035029109824
22002,0.050467859648565414
22003,0.05744527367010645
22004,0.14969342319192988
22005,0.0521330604156563
22006,0.06962564382891834
22007,0.07903125771029479
22008,0.026109748256448687
22009,0.04014987964502801
22010,0.09831774697482025
22011,0.06532098566628583
22012,0.03885174918700678
22013,0.031870571610423684
22014,0.02885097064418959
22015,0.05744527367010645
22016,0.050467859648565414
22017,0.04576954626093176
22018,0.02442486287796552
22019,0.04576954626093176
22020,0.10455365490510782
22021,0.12168894794618093
22022,0.044298105555134894
22023,0.01998212368725082
22024,0.04148951147230672
22025,0.07187511267178946
22026,0.03637532268518375
22027,0.14969342319192988
22028,0.02885097064418959
22029,0.06532098566628583
22030,0.0895851163769912
22031,0.12919480614845036
22032,0.13309352252567752
22033,0.07903125771029479
22034,0.06532098566628583
22035,0.12919480614845036
22036,0.09241538285980007
22037,0.07419146202147729
22038,0.1411897434506853
22039,0.08415807244319695
22040,0.06962564382891834
22041,0.05562035029109824
22042,0.059326311972524026
22043,0.08415807244319695
22044,0.0472874451224437
22045,0.04576954626093176
22046,0.07419146202147729
22047,0.10455365490510782
22048,0.1370913686325979
22049,0.11113633246221037
22050,0.07903125771029479
22051,0.06532098566628583
22052,0.06326265912384453
22053,0.11113633246221037
22054,0.04287184471684473
22055,0.07187511267178946
22056,0.06532098566628583
22057,0.08683323524129412
22058,0.02136725069186659
22059,0.06326265912384453
22060,0.059326311972524026
22061,0.07657630222726251
22062,0.10780082751501731
22063,0.03637532268518375
22064,0.02525362158524688
22065,0.07657630222726251
22066,0.09831774697482025
22067,0.035194756820265335
22068,0.037593946162112056
22069,0.02442486287796552
22070,0.15410125929925808
22071,0.023622642765858633
22072,0.12919480614845036
22073,0.059326311972524026
22074,0.04885310630405945
22075,0.06744146074358998
22076,0.050467859648565414
22077,0.04576954626093176
22078,0.02136725069186659
22079,0.07903125771029479
22080,0.09532570362584843
22081,0.07903125771029479
22082,0.05385008895239068
22083,0.0340511524412236
22084,0.044298105555134894
22085,0.03885174918700678
22086,0.04576954626093176
22087,0.03294343905785485
22088,0.08155796530189055
22089,0.04576954626093176
22090,0.08155796530189055
22091,0.03294343905785485
22092,0.04148951147230672
22093,0.11113633246221037
22094,0.06126494107819702
22095,0.06126494107819702
22096,0.02136725069186659
22097,0.04148951147230672
22098,0.04287184471684473
22099,0.026994094835726477
22100,0.13309352252567752
22101,0.11807880307813506
22102,0.04148951147230672
22103,0.07187511267178946
22104,0.12168894794618093
22105,0.1253937758578759
22106,0.07419146202147729
22107,0.03637532268518375
22108,0.0340511524412236
22109,0.04287184471684473
22110,0.031870571610423684
22111,0.03294343905785485
22112,0.1013931778423964
22113,0.09241538285980007
22114,0.0521330604156563
22115,0.07187511267178946
22116,0.11456179056371053
22117,0.09532570362584843
22118,0.0895851163769912
22119,0.050467859648565414
22120,0.02790753622320684
22121,0.0521330604156563
22122,0.11113633246221037
22123,0.037593946162112056
22124,0.11113633246221037
22125,0.05744527367010645
22126,0.0472874451224437
22127,0.059326311972524026
22128,0.06744146074358998
22129,0.023622642765858633
22130,0.059326311972524026
22131,0.031870571610423684
22132,0.06962564382891834
22133,0.04576954626093176
22134,0.04148951147230672
22135,0.03637532268518375
22136,0.03885174918700678
22137,0.037593946162112056
22138,0.1013931778423964
22139,0.1013931778423964
22140,0.044298105555134894
22141,0.050467859648565414
22142,0.02284615406529167
22143,0.035194756820265335
22144,0.07903125771029479
22145,0.05744527367010645
22146,0.059326311972524026
22147,0.03637532268518375
22148,0.06126494107819702
22149,0.11113633246221037
22150,0.07419146202147729
22151,0.09532570362584843
22152,0.04885310630405945
22153,0.1253937758578759
22154,0.0340511524412236
22155,0.06326265912384453
22156,0.05562035029109824
22157,0.07903125771029479
22158,0.11807880307813506
22159,0.04576954626093176
22160,0.08415807244319695
22161,0.0472874451224437
22162,0.0521330604156563
22163,0.06126494107819702
22164,0.13309352252567752
22165,0.12919480614845036
22166,0.08155796530189055
22167,0.04885310630405945
22168,0.08415807244319695
22169,0.0472874451224437
22170,0.031870571610423684
22171,0.04014987964502801
22172,0.06744146074358998
22173,0.06962564382891834
22174,0.09532570362584843
22175,0.07419146202147729
22176,0.04148951147230672
22177,0.09831774697482025
22178,0.04885310630405945
22179,0.04287184471684473
22180,0.020663328957880672
22181,0.03885174918700678
22182,0.023622642765858633
22183,0.08155796530189055
22184,0.1370913686325979
22185,0.06126494107819702
22186,0.10455365490510782
22187,0.14538999654972165
22188,0.03885174918700678
22189,0.03885174918700678
22190,0.06326265912384453
22191,0.04014987964502801
22192,0.04287184471684473
22193,0.035194756820265335
22194,0.07903125771029479
22195,0.04885310630405945
22196,0.05562035029109824
22197,0.06326265912384453
22198,0.08415807244319695
22199,0.044298105555134894
22200,0.050467859648565414
22201,0.0895851163769912
22202,0.0895851163769912
22203,0.0895851163769912
22204,0.06532098566628583
22205,0.050467859648565414
22206,0.03885174918700678
22207,0.05744527367010645
22208,0.07187511267178946
22209,0.031870571610423684
22210,0.0895851163769912
22211,0.029825320005255892
22212,0.05385008895239068
22213,0.07187511267178946
22214,0.022094611379221522
22215,0.06326265912384453
22216,0.06962564382891834
22217,0.07657630222726251
22218,0.07903125771029479
22219,0.07419146202147729
22220,0.06744146074358998
22221,0.04287184471684473
22222,0.0472874451224437
22223,0.10455365490510782
22224,0.05744527367010645
22225,0.05562035029109824
22226,0.02885097064418959
22227,0.05385008895239068
22228,0.1013931778423964
22229,0.1370913686325979
22230,0.05744527367010645
22231,0.0472874451224437
22232,0.09532570362584843
22233,0.07657630222726251
22234,0.08155796530189055
22235,0.07903125771029479
22236,0.08683323524129412
22237,0.04148951147230672
22238,0.08683323524129412
22239,0.11113633246221037
22240,0.04576954626093176
22241,0.07903125771029479
22242,0.12919480614845036
22243,0.11113633246221037
22244,0.0521330604156563
22245,0.050467859648565414
22246,0.08155796530189055
22247,0.037593946162112056
22248,0.04885310630405945
22249,0.11113633246221037
22250,0.050467859648565414
22251,0.04885310630405945
22252,0.04576954626093176
22253,0.12919480614845036
22254,0.0340511524412236
22255,0.044298105555134894
22256,0.07419146202147729
22257,0.06962564382891834
22258,0.030831530235430404
22259,0.06326265912384453
22260,0.08415807244319695
22261,0.023622642765858633
22262,0.08415807244319695
22263,0.04287184471684473
22264,0.04148951147230672
22265,0.016892943165924136
22266,0.03637532268518375
22267,0.10780082751501731
22268,0.1370913686325979
22269,0.09831774697482025
22270,0.06744146074358998
22271,0.03637532268518375
22272,0.1370913686325979
22273,0.04576954626093176
22274,0.035194756820265335
22275,0.07419146202147729
22276,0.12168894794618093
22277,0.03294343905785485
22278,0.0521330604156563
22279,0.10455365490510782
22280,0.07903125771029479
22281,0.04287184471684473
22282,0.07903125771029479
22283,0.04885310630405945
22284,0.020663328957880672
22285,0.07903125771029479
22286,0.0340511524412236
22287,0.07657630222726251
22288,0.06744146074358998
22289,0.06744146074358998
22290,0.02442486287796552
22291,0.06532098566628583
22292,0.026994094835726477
22293,0.07419146202147729
22294,0.06744146074358998
22295,0.06326265912384453
22296,0.0521330604156563
22297,0.06962564382891834
22298,0.08415807244319695
22299,0.0521330604156563
22300,0.050467859648565414
22301,0.11807880307813506
22302,0.02525362158524688
22303,0.050467859648565414
22304,0.04885310630405945
22305,0.06326265912384453
22306,0.08415807244319695
22307,0.04576954626093176
22308,0.10455365490510782
22309,0.06326265912384453
22310,0.04885310630405945
22311,0.1013931778423964
22312,0.04148951147230672
22313,0.07903125771029479
22314,0.03885174918700678
22315,0.035194756820265335
22316,0.03637532268518375
22317,0.0895851163769912
22318,0.06744146074358998
22319,0.10455365490510782
22320,0.09532570362584843
22321,0.05562035029109824
22322,0.09241538285980007
22323,0.059326311972524026
22324,0.0895851163769912
22325,0.0895851163769912
22326,0.0472874451224437
22327,0.0521330604156563
22328,0.06962564382891834
22329,0.05385008895239068
22330,0.08415807244319695
22331,0.07187511267178946
22332,0.05744527367010645
22333,0.08415807244319695
22334,0.037593946162112056
22335,0.03637532268518375
22336,0.08155796530189055
22337,0.06532098566628583
22338,0.05385008895239068
22339,0.03637532268518375
22340,0.08155796530189055
22341,0.04576954626093176
22342,0.05385008895239068
22343,0.11113633246221037
22344,0.044298105555134894
22345,0.03885174918700678
22346,0.04885310630405945
22347,0.0895851163769912
22348,0.07903125771029479
22349,0.05562035029109824
22350,0.04885310630405945
22351,0.06532098566628583
22352,0.14538999654972165
22353,0.01868507284109021
22354,0.1411897434506853
22355,0.09241538285980007
22356,0.05385008895239068
22357,0.1013931778423964
22358,0.06126494107819702
22359,0.04885310630405945
22360,0.08155796530189055
22361,0.05385008895239068
22362,0.10780082751501731
22363,0.06326265912384453
22364,0.06326265912384453
22365,0.07657630222726251
22366,0.04576954626093176
22367,0.09831774697482025
22368,0.023622642765858633
22369,0.05744527367010645
22370,0.026994094835726477
22371,0.030831530235430404
22372,0.0895851163769912
22373,0.10455365490510782
22374,0.031870571610423684
22375,0.12919480614845036
22376,0.06532098566628583
22377,0.020663328957880672
22378,0.09241538285980007
22379,0.031870571610423684
22380,0.05385008895239068
22381,0.03637532268518375
22382,0.037593946162112056
22383,0.05385008895239068
22384,0.029825320005255892
22385,0.1013931778423964
22386,0.08415807244319695
22387,0.07419146202147729
22388,0.07657630222726251
22389,0.08415807244319695
22390,0.0521330604156563
22391,0.03885174918700678
22392,0.04014987964502801
22393,0.07187511267178946
22394,0.08415807244319695
22395,0.11807880307813506
22396,0.09831774697482025
22397,0.06326265912384453
22398,0.026109748256448687
22399,0.05744527367010645
22400,0.044298105555134894
22401,0.059326311972524026
22402,0.12168894794618093
22403,0.07187511267178946
22404,0.026109748256448687
22405,0.02136725069186659
22406,0.04014987964502801
22407,0.06744146074358998
22408,0.10455365490510782
22409,0.06326265912384453
22410,0.04885310630405945
22411,0.04287184471684473
22412,0.05562035029109824
22413,0.06532098566628583
22414,0.04287184471684473
22415,0.10455365490510782
22416,0.04014987964502801
22417,0.09831774697482025
22418,0.03637532268518375
22419,0.06532098566628583
22420,0.07657630222726251
22421,0.12919480614845036
22422,0.09532570362584843
22423,0.02525362158524688
22424,0.0340511524412236
22425,0.044298105555134894
22426,0.04885310630405945
22427,0.06962564382891834
22428,0.09831774697482025
22429,0.04148951147230672
22430,0.07903125771029479
22431,0.06326265912384453
22432,0.050467859648565414
22433,0.03885174918700678
22434,0.07187511267178946
22435,0.030831530235430404
22436,0.05744527367010645
22437,0.044298105555134894
22438,0.02442486287796552
22439,0.044298105555134894
22440,0.04885310630405945
22441,0.06962564382891834
22442,0.050467859648565414
22443,0.07419146202147729
22444,0.11456179056371053
22445,0.06744146074358998
22446,0.03294343905785485
22447,0.02885097064418959
22448,0.059326311972524026
22449,0.1013931778423964
22450,0.029825320005255892
22451,0.1013931778423964
22452,0.04014987964502801
22453,0.10780082751501731
22454,0.06744146074358998
22455,0.050467859648565414
22456,0.04885310630405945
22457,0.037593946162112056
22458,0.04885310630405945
22459,0.04885310630405945
22460,0.08683323524129412
22461,0.07419146202147729
22462,0.0521330604156563
22463,0.06326265912384453
22464,0.05744527367010645
22465,0.14969342319192988
22466,0.04014987964502801
22467,0.06326265912384453
22468,0.04885310630405945
22469,0.11456179056371053
22470,0.07419146202147729
22471,0.06962564382891834
22472,0.06744146074358998
22473,0.04576954626093176
22474,0.04148951147230672
22475,0.0340511524412236
22476,0.04885310630405945
22477,0.05744527367010645
22478,0.08155796530189055
22479,0.06326265912384453
22480,0.044298105555134894
22481,0.12168894794618093
22482,0.04014987964502801
22483,0.0472874451224437
22484,0.09241538285980007
22485,0.035194756820265335
22486,0.06126494107819702
22487,0.07419146202147729
22488,0.08155796530189055
22489,0.07419146202147729
22490,0.01806788128844435
22491,0.05385008895239068
22492,0.044298105555134894
22493,0.029825320005255892
22494,0.08415807244319695
22495,0.050467859648565414
22496,0.04885310630405945
22497,0.12919480614845036
22498,0.10780082751501731
22499,0.07187511267178946
22500,0.02885097064418959
22501,0.08155796530189055
22502,0.037593946162112056
22503,0.044298105555134894
22504,0.09241538285980007
22505,0.11807880307813506
22506,0.050467859648565414
22507,0.1013931778423964
22508,0.04576954626093176
22509,0.02284615406529167
22510,0.1253937758578759
22511,0.07903125771029479
22512,0.02885097064418959
22513,0.09241538285980007
22514,0.06532098566628583
22515,0.08155796530189055
22516,0.04885310630405945
22517,0.1411897434506853
22518,0.020663328957880672
22519,0.04576954626093176
22520,0.0472874451224437
22521,0.11807880307813506
22522,0.07419146202147729
22523,0.11113633246221037
22524,0.02284615406529167
22525,0.06126494107819702
22526,0.06326265912384453
22527,0.02284615406529167
22528,0.04287184471684473
22529,0.06744146074358998
22530,0.06326265912384453
22531,0.02136725069186659
22532,0.08155796530189055
22533,0.050467859648565414
22534,0.030831530235430404
22535,0.05385008895239068
22536,0.06326265912384453
22537,0.02885097064418959
22538,0.12168894794618093
22539,0.06962564382891834
22540,0.12168894794618093
22541,0.08155796530189055
22542,0.05385008895239068
22543,0.09241538285980007
22544,0.04287184471684473
22545,0.05562035029109824
22546,0.08415807244319695
22547,0.029825320005255892
22548,0.06126494107819702
22549,0.023622642765858633
22550,0.07187511267178946
22551,0.12919480614845036
22552,0.0521330604156563
22553,0.05385008895239068
22554,0.03294343905785485
22555,0.026109748256448687
22556,0.11113633246221037
22557,0.044298105555134894
22558,0.06532098566628583
22559,0.10455365490510782
22560,0.10780082751501731
22561,0.022094611379221522
22562,0.03294343905785485
22563,0.03294343905785485
22564,0.06532098566628583
22565,0.0895851163769912
22566,0.11113633246221037
22567,0.01806788128844435
22568,0.07903125771029479
22569,0.020663328957880672
22570,0.10780082751501731
22571,0.06532098566628583
22572,0.06532098566628583
22573,0.05562035029109824
22574,0.035194756820265335
22575,0.06744146074358998
22576,0.07657630222726251
22577,0.06962564382891834
22578,0.044298105555134894
22579,0.08683323524129412
22580,0.03637532268518375
22581,0.07657630222726251
22582,0.07657630222726251
22583,0.1370913686325979
22584,0.04885310630405945
22585,0.09241538285980007
22586,0.044298105555134894
22587,0.08415807244319695
22588,0.10780082751501731
22589,0.04885310630405945
22590,0.08683323524129412
22591,0.04885310630405945
22592,0.0521330604156563
22593,0.03637532268518375
22594,0.0472874451224437
22595,0.06962564382891834
22596,0.06962564382891834
22597,0.059326311972524026
22598,0.059326311972524026
22599,0.07903125771029479
22600,0.0895851163769912
22601,0.07187511267178946
22602,0.03294343905785485
22603,0.05562035029109824
22604,0.1411897434506853
22605,0.07187511267178946
22606,0.0895851163769912
22607,0.06962564382891834
22608,0.1013931778423964
22609,0.02885097064418959
22610,0.10455365490510782
22611,0.015270026198302424
22612,0.03637532268518375
22613,0.03885174918700678
22614,0.04014987964502801
22615,0.07657630222726251
22616,0.03637532268518375
22617,0.05744527367010645
22618,0.04885310630405945
22619,0.050467859648565414
22620,0.037593946162112056
22621,0.026109748256448687
22622,0.08415807244319695
22623,0.06744146074358998
22624,0.07903125771029479
22625,0.04287184471684473
22626,0.026109748256448687
22627,0.050467859648565414
22628,0.03885174918700678
22629,0.05744527367010645
22630,0.03885174918700678
22631,0.030831530235430404
22632,0.12919480614845036
22633,0.06962564382891834
22634,0.014274385186035453
22635,0.026994094835726477
22636,0.044298105555134894
22637,0.07187511267178946
22638,0.050467859648565414
22639,0.0895851163769912
22640,0.1253937758578759
22641,0.11113633246221037
22642,0.10780082751501731
22643,0.06326265912384453
22644,0.1253937758578759
22645,0.08415807244319695
22646,0.09241538285980007
22647,0.05385008895239068
22648,0.04885310630405945
22649,0.10780082751501731
22650,0.05385008895239068
22651,0.050467859648565414
22652,0.0521330604156563
22653,0.05744527367010645
22654,0.14538999654972165
22655,0.12168894794618093
22656,0.02790753622320684
22657,0.030831530235430404
22658,0.12168894794618093
22659,0.07903125771029479
22660,0.11456179056371053
22661,0.02525362158524688
22662,0.06532098566628583
22663,0.07419146202147729
22664,0.12168894794618093
22665,0.0521330604156563
22666,0.08155796530189055
22667,0.01998212368725082
22668,0.059326311972524026
22669,0.12919480614845036
22670,0.035194756820265335
22671,0.11113633246221037
22672,0.044298105555134894
22673,0.08155796530189055
22674,0.05744527367010645
22675,0.044298105555134894
22676,0.059326311972524026
22677,0.08155796530189055
22678,0.0895851163769912
22679,0.02525362158524688
22680,0.03637532268518375
22681,0.07419146202147729
22682,0.07657630222726251
22683,0.02136725069186659
22684,0.03885174918700678
22685,0.06326265912384453
22686,0.07187511267178946
22687,0.11456179056371053
22688,0.04014987964502801
22689,0.03294343905785485
22690,0.07903125771029479
22691,0.04576954626093176
22692,0.07419146202147729
22693,0.0521330604156563
22694,0.044298105555134894
22695,0.09532570362584843
22696,0.022094611379221522
22697,0.050467859648565414
22698,0.04576954626093176
22699,0.04014987964502801
22700,0.07903125771029479
22701,0.06326265912384453
22702,0.06962564382891834
22703,0.07657630222726251
22704,0.07419146202147729
22705,0.0340511524412236
22706,0.10780082751501731
22707,0.07903125771029479
22708,0.05744527367010645
22709,0.06532098566628583
22710,0.13309352252567752
22711,0.030831530235430404
22712,0.050467859648565414
22713,0.06126494107819702
22714,0.059326311972524026
22715,0.10455365490510782
22716,0.02790753622320684
22717,0.08683323524129412
22718,0.030831530235430404
22719,0.04576954626093176
22720,0.04885310630405945
22721,0.12168894794618093
22722,0.09831774697482025
22723,0.07657630222726251
22724,0.03637532268518375
22725,0.09532570362584843
22726,0.03885174918700678
22727,0.030831530235430404
22728,0.026109748256448687
22729,0.04014987964502801
22730,0.050467859648565414
22731,0.07187511267178946
22732,0.08415807244319695
22733,0.02790753622320684
22734,0.044298105555134894
22735,0.04014987964502801
22736,0.07187511267178946
22737,0.04576954626093176
22738,0.06326265912384453
22739,0.04287184471684473
22740,0.050467859648565414
22741,0.05385008895239068
22742,0.07657630222726251
22743,0.09241538285980007
22744,0.11113633246221037
22745,0.1013931778423964
22746,0.04148951147230672
22747,0.04148951147230672
22748,0.11113633246221037
22749,0.07657630222726251
22750,0.10780082751501731
22751,0.09532570362584843
22752,0.07657630222726251
22753,0.0472874451224437
22754,0.02284615406529167
22755,0.04014987964502801
22756,0.07187511267178946
22757,0.0521330604156563
22758,0.06962564382891834
22759,0.03294343905785485
22760,0.023622642765858633
22761,0.07657630222726251
22762,0.06326265912384453
22763,0.06744146074358998
22764,0.04287184471684473
22765,0.06326265912384453
22766,0.05385008895239068
22767,0.10455365490510782
22768,0.04576954626093176
22769,0.030831530235430404
22770,0.07657630222726251
22771,0.05744527367010645
22772,0.07657630222726251
22773,0.04287184471684473
22774,0.035194756820265335
22775,0.06532098566628583
22776,0.06532098566628583
22777,0.03637532268518375
22778,0.0521330604156563
22779,0.04287184471684473
22780,0.03885174918700678
22781,0.06962564382891834
22782,0.059326311972524026
22783,0.09532570362584843
22784,0.09831774697482025
22785,0.04576954626093176
22786,0.05562035029109824
22787,0.06532098566628583
22788,0.04287184471684473
22789,0.0340511524412236
22790,0.0895851163769912
22791,0.08683323524129412
22792,0.07657630222726251
22793,0.044298105555134894
22794,0.09831774697482025
22795,0.07903125771029479
22796,0.1370913686325979
22797,0.044298105555134894
22798,0.1253937758578759
22799,0.03294343905785485
22800,0.04576954626093176
22801,0.03637532268518375
22802,0.0521330604156563
22803,0.035194756820265335
22804,0.09532570362584843
22805,0.04287184471684473
22806,0.04014987964502801
22807,0.06532098566628583
22808,0.04885310630405945
22809,0.044298105555134894
22810,0.0472874451224437
22811,0.05385008895239068
22812,0.0521330604156563
22813,0.06962564382891834
22814,0.1253937758578759
22815,0.04148951147230672
22816,0.05744527367010645
22817,0.07419146202147729
22818,0.09241538285980007
22819,0.07657630222726251
22820,0.06326265912384453
22821,0.01806788128844435
22822,0.06326265912384453
22823,0.11456179056371053
22824,0.02790753622320684
22825,0.026994094835726477
22826,0.15410125929925808
22827,0.06962564382891834
22828,0.11456179056371053
22829,0.059326311972524026
22830,0.04576954626093176
22831,0.11807880307813506
22832,0.03885174918700678
22833,0.05385008895239068
22834,0.1013931778423964
22835,0.09831774697482025
22836,0.07657630222726251
22837,0.06126494107819702
22838,0.07419146202147729
22839,0.1411897434506853
22840,0.04148951147230672
22841,0.06962564382891834
22842,0.07419146202147729
22843,0.06326265912384453
22844,0.07903125771029479
22845,0.06326265912384453
22846,0.07187511267178946
22847,0.12919480614845036
22848,0.04287184471684473
22849,0.02525362158524688
22850,0.06326265912384453
22851,0.05562035029109824
22852,0.05385008895239068
22853,0.0521330604156563
22854,0.08415807244319695
22855,0.04885310630405945
22856,0.04287184471684473
22857,0.06532098566628583
22858,0.059326311972524026
22859,0.1370913686325979
22860,0.07657630222726251
22861,0.059326311972524026
22862,0.10455365490510782
22863,0.037593946162112056
22864,0.12168894794618093
22865,0.06744146074358998
22866,0.08415807244319695
22867,0.1370913686325979
22868,0.02525362158524688
22869,0.050467859648565414
22870,0.05562035029109824
22871,0.06126494107819702
22872,0.031870571610423684
22873,0.13309352252567752
22874,0.023622642765858633
22875,0.06744146074358998
22876,0.019322932527049887
22877,0.09241538285980007
22878,0.07657630222726251
22879,0.09831774697482025
22880,0.07419146202147729
22881,0.08415807244319695
22882,0.07187511267178946
22883,0.017470713401722432
22884,0.05562035029109824
22885,0.030831530235430404
22886,0.06962564382891834
22887,0.07419146202147729
22888,0.06962564382891834
22889,0.06532098566628583
22890,0.030831530235430404
22891,0.10455365490510782
22892,0.05385008895239068
22893,0.04885310630405945
22894,0.13309352252567752
22895,0.04148951147230672
22896,0.12919480614845036
22897,0.06962564382891834
22898,0.050467859648565414
22899,0.09532570362584843
22900,0.06126494107819702
22901,0.1370913686325979
22902,0.04287184471684473
22903,0.020663328957880672
22904,0.06744146074358998
22905,0.06326265912384453
22906,0.05385008895239068
22907,0.04885310630405945
22908,0.04014987964502801
22909,0.04014987964502801
22910,0.07657630222726251
22911,0.044298105555134894
22912,0.07657630222726251
22913,0.05562035029109824
22914,0.06532098566628583
22915,0.04885310630405945
22916,0.05744527367010645
22917,0.09241538285980007
22918,0.04148951147230672
22919,0.04148951147230672
22920,0.06962564382891834
22921,0.1370913686325979
22922,0.11456179056371053
22923,0.07903125771029479
22924,0.03637532268518375
22925,0.05385008895239068
22926,0.06532098566628583
22927,0.044298105555134894
22928,0.09831774697482025
22929,0.02136725069186659
22930,0.06126494107819702
22931,0.06126494107819702
22932,0.1370913686325979
22933,0.05744527367010645
22934,0.1253937758578759
22935,0.06532098566628583
22936,0.06326265912384453
22937,0.05385008895239068
22938,0.06744146074358998
22939,0.030831530235430404
22940,0.09831774697482025
22941,0.14969342319192988
22942,0.06744146074358998
22943,0.03885174918700678
22944,0.04885310630405945
22945,0.05744527367010645
22946,0.09532570362584843
22947,0.12919480614845036
22948,0.02790753622320684
22949,0.04014987964502801
22950,0.08155796530189055
22951,0.06532098566628583
22952,0.06962564382891834
22953,0.09532570362584843
22954,0.07657630222726251
22955,0.035194756820265335
22956,0.037593946162112056
22957,0.10455365490510782
22958,0.059326311972524026
22959,0.026109748256448687
22960,0.1253937758578759
22961,0.0895851163769912
22962,0.09831774697482025
22963,0.13309352252567752
22964,0.044298105555134894
22965,0.06962564382891834
22966,0.1370913686325979
22967,0.11456179056371053
22968,0.0521330604156563
22969,0.12168894794618093
22970,0.12919480614845036
22971,0.02136725069186659
22972,0.04014987964502801
22973,0.06532098566628583
22974,0.044298105555134894
22975,0.06126494107819702
22976,0.022094611379221522
22977,0.02885097064418959
22978,0.059326311972524026
22979,0.09241538285980007
22980,0.016892943165924136
22981,0.04148951147230672
22982,0.04576954626093176
22983,0.06744146074358998
22984,0.023622642765858633
22985,0.1013931778423964
22986,0.04287184471684473
22987,0.09241538285980007
22988,0.0340511524412236
22989,0.10455365490510782
22990,0.11807880307813506
22991,0.04287184471684473
22992,0.04287184471684473
22993,0.09241538285980007
22994,0.12919480614845036
22995,0.06962564382891834
22996,0.11113633246221037
22997,0.07657630222726251
22998,0.10780082751501731
22999,0.10780082751501731
23000,0.05744527367010645
23001,0.04287184471684473
23002,0.12168894794618093
23003,0.06744146074358998
23004,0.019322932527049887
23005,0.08155796530189055
23006,0.09532570362584843
23007,0.04885310630405945
23008,0.07903125771029479
23009,0.04287184471684473
23010,0.044298105555134894
23011,0.06126494107819702
23012,0.03294343905785485
23013,0.04576954626093176
23014,0.0472874451224437
23015,0.059326311972524026
23016,0.04148951147230672
23017,0.12168894794618093
23018,0.10780082751501731
23019,0.05744527367010645
23020,0.06962564382891834
23021,0.06962564382891834
23022,0.07419146202147729
23023,0.11807880307813506
23024,0.04576954626093176
23025,0.03885174918700678
23026,0.06126494107819702
23027,0.0340511524412236
23028,0.12919480614845036
23029,0.06962564382891834
23030,0.10780082751501731
23031,0.08155796530189055
23032,0.06126494107819702
23033,0.0895851163769912
23034,0.05562035029109824
23035,0.02790753622320684
23036,0.07657630222726251
23037,0.12168894794618093
23038,0.14969342319192988
23039,0.06962564382891834
23040,0.06326265912384453
23041,0.07903125771029479
23042,0.08683323524129412
23043,0.050467859648565414
23044,0.03885174918700678
23045,0.06126494107819702
23046,0.026109748256448687
23047,0.05562035029109824
23048,0.04576954626093176
23049,0.07903125771029479
23050,0.08415807244319695
23051,0.07419146202147729
23052,0.07657630222726251
23053,0.09241538285980007
23054,0.035194756820265335
23055,0.07419146202147729
23056,0.1370913686325979
23057,0.02790753622320684
23058,0.05562035029109824
23059,0.11456179056371053
23060,0.020663328957880672
23061,0.04576954626093176
23062,0.08683323524129412
23063,0.07419146202147729
23064,0.08683323524129412
23065,0.03294343905785485
23066,0.04148951147230672
23067,0.06532098566628583
23068,0.0472874451224437
23069,0.08415807244319695
23070,0.04014987964502801
23071,0.03294343905785485
23072,0.07657630222726251
23073,0.02442486287796552
23074,0.031870571610423684
23075,0.07657630222726251
23076,0.09831774697482025
23077,0.10455365490510782
23078,0.07187511267178946
23079,0.08155796530189055
23080,0.04287184471684473
23081,0.10780082751501731
23082,0.06962564382891834
23083,0.07419146202147729
23084,0.08155796530189055
23085,0.11456179056371053
23086,0.05562035029109824
23087,0.04885310630405945
23088,0.0895851163769912
23089,0.04148951147230672
23090,0.07657630222726251
23091,0.08155796530189055
23092,0.06532098566628583
23093,0.02442486287796552
23094,0.02885097064418959
23095,0.044298105555134894
23096,0.0521330604156563
23097,0.03885174918700678
23098,0.07419146202147729
23099,0.10455365490510782
23100,0.035194756820265335
23101,0.12919480614845036
23102,0.04014987964502801
23103,0.026994094835726477
23104,0.05744527367010645
23105,0.07903125771029479
23106,0.09831774697482025
23107,0.044298105555134894
23108,0.07187511267178946
23109,0.04287184471684473
23110,0.0472874451224437
23111,0.05744527367010645
23112,0.03885174918700678
23113,0.05744527367010645
23114,0.07419146202147729
23115,0.02790753622320684
23116,0.11456179056371053
23117,0.037593946162112056
23118,0.04287184471684473
23119,0.08155796530189055
23120,0.0895851163769912
23121,0.12919480614845036
23122,0.06962564382891834
23123,0.05744527367010645
23124,0.0895851163769912
23125,0.03637532268518375
23126,0.09241538285980007
23127,0.06962564382891834
23128,0.08155796530189055
23129,0.03294343905785485
23130,0.0340511524412236
23131,0.03885174918700678
23132,0.07657630222726251
23133,0.06744146074358998
23134,0.04885310630405945
23135,0.0895851163769912
23136,0.05562035029109824
23137,0.07187511267178946
23138,0.11113633246221037
23139,0.02136725069186659
23140,0.12168894794618093
23141,0.09241538285980007
23142,0.037593946162112056
23143,0.05385008895239068
23144,0.037593946162112056
23145,0.1253937758578759
23146,0.08155796530189055
23147,0.04576954626093176
23148,0.08155796530189055
23149,0.06126494107819702
23150,0.0895851163769912
23151,0.11456179056371053
23152,0.05562035029109824
23153,0.14969342319192988
23154,0.1370913686325979
23155,0.04287184471684473
23156,0.06326265912384453
23157,0.03294343905785485
23158,0.04014987964502801
23159,0.08683323524129412
23160,0.044298105555134894
23161,0.04014987964502801
23162,0.1013931778423964
23163,0.06326265912384453
23164,0.10780082751501731
23165,0.06532098566628583
23166,0.0521330604156563
23167,0.07903125771029479
23168,0.044298105555134894
23169,0.05562035029109824
23170,0.08155796530189055
23171,0.031870571610423684
23172,0.07187511267178946
23173,0.06126494107819702
23174,0.05385008895239068
23175,0.04287184471684473
23176,0.04287184471684473
23177,0.023622642765858633
23178,0.05562035029109824
23179,0.06126494107819702
23180,0.059326311972524026
23181,0.06532098566628583
23182,0.12168894794618093
23183,0.04014987964502801
23184,0.037593946162112056
23185,0.10455365490510782
23186,0.12168894794618093
23187,0.06962564382891834
23188,0.031870571610423684
23189,0.09241538285980007
23190,0.06532098566628583
23191,0.12919480614845036
23192,0.11807880307813506
23193,0.06962564382891834
23194,0.07419146202147729
23195,0.1253937758578759
23196,0.05744527367010645
23197,0.06326265912384453
23198,0.08415807244319695
23199,0.01579318133211142
23200,0.04148951147230672
23201,0.07657630222726251
23202,0.09241538285980007
23203,0.10780082751501731
23204,0.030831530235430404
23205,0.059326311972524026
23206,0.016892943165924136
23207,0.05385008895239068
23208,0.02284615406529167
23209,0.08683323524129412
23210,0.04885310630405945
23211,0.04148951147230672
23212,0.09241538285980007
23213,0.0895851163769912
23214,0.09241538285980007
23215,0.05562035029109824
23216,0.04014987964502801
23217,0.08683323524129412
23218,0.1013931778423964
23219,0.06962564382891834
23220,0.04287184471684473
23221,0.01579318133211142
23222,0.04287184471684473
23223,0.05562035029109824
23224,0.07187511267178946
23225,0.09532570362584843
23226,0.09831774697482025
23227,0.02284615406529167
23228,0.08155796530189055
23229,0.09831774697482025
23230,0.09241538285980007
23231,0.11807880307813506
23232,0.04148951147230672
23233,0.03885174918700678
23234,0.05562035029109824
23235,0.019322932527049887
23236,0.05562035029109824
23237,0.11807880307813506
23238,0.06744146074358998
23239,0.06744146074358998
23240,0.04576954626093176
23241,0.06744146074358998
23242,0.07657630222726251
23243,0.04014987964502801
23244,0.02284615406529167
23245,0.07187511267178946
23246,0.10780082751501731
23247,0.09532570362584843
23248,0.08155796530189055
23249,0.037593946162112056
23250,0.09241538285980007
23251,0.14538999654972165
23252,0.01998212368725082
23253,0.11113633246221037
23254,0.029825320005255892
23255,0.11807880307813506
23256,0.1013931778423964
23257,0.044298105555134894
23258,0.08683323524129412
23259,0.11807880307813506
23260,0.03885174918700678
23261,0.022094611379221522
23262,0.04148951147230672
23263,0.10455365490510782
23264,0.01579318133211142
23265,0.14969342319192988
23266,0.0472874451224437
23267,0.03294343905785485
23268,0.1411897434506853
23269,0.06744146074358998
23270,0.1253937758578759
23271,0.08415807244319695
23272,0.02284615406529167
23273,0.06962564382891834
23274,0.11113633246221037
23275,0.026994094835726477
23276,0.04576954626093176
23277,0.06126494107819702
23278,0.03885174918700678
23279,0.06744146074358998
23280,0.14969342319192988
23281,0.09241538285980007
23282,0.09241538285980007
23283,0.0472874451224437
23284,0.04885310630405945
23285,0.11807880307813506
23286,0.0472874451224437
23287,0.07187511267178946
23288,0.06744146074358998
23289,0.04576954626093176
23290,0.04576954626093176
23291,0.05385008895239068
23292,0.0521330604156563
23293,0.07419146202147729
23294,0.04287184471684473
23295,0.09831774697482025
23296,0.06326265912384453
23297,0.1253937758578759
23298,0.04885310630405945
23299,0.0895851163769912
23300,0.07903125771029479
23301,0.06744146074358998
23302,0.05562035029109824
23303,0.14538999654972165
23304,0.04287184471684473
23305,0.044298105555134894
23306,0.06744146074358998
23307,0.04576954626093176
23308,0.0521330604156563
23309,0.0521330604156563
23310,0.030831530235430404
23311,0.07657630222726251
23312,0.07657630222726251
23313,0.07657630222726251
23314,0.03885174918700678
23315,0.026109748256448687
23316,0.04576954626093176
23317,0.08155796530189055
23318,0.06126494107819702
23319,0.1013931778423964
23320,0.07187511267178946
23321,0.04885310630405945
23322,0.05744527367010645
23323,0.05562035029109824
23324,0.03885174918700678
23325,0.06962564382891834
23326,0.0340511524412236
23327,0.04148951147230672
23328,0.0521330604156563
23329,0.0521330604156563
23330,0.05562035029109824
23331,0.08683323524129412
23332,0.08683323524129412
23333,0.0521330604156563
23334,0.06744146074358998
23335,0.05385008895239068
23336,0.09532570362584843
23337,0.050467859648565414
23338,0.09241538285980007
23339,0.11113633246221037
23340,0.020663328957880672
23341,0.10780082751501731
23342,0.03637532268518375
23343,0.10455365490510782
23344,0.0521330604156563
23345,0.06326265912384453
23346,0.03637532268518375
23347,0.13309352252567752
23348,0.05385008895239068
23349,0.020663328957880672
23350,0.035194756820265335
23351,0.03637532268518375
23352,0.06744146074358998
23353,0.07187511267178946
23354,0.04885310630405945
23355,0.030831530235430404
23356,0.03885174918700678
23357,0.06962564382891834
23358,0.04287184471684473
23359,0.01998212368725082
23360,0.0472874451224437
23361,0.05562035029109824
23362,0.04576954626093176
23363,0.11456179056371053
23364,0.05744527367010645
23365,0.13309352252567752
23366,0.031870571610423684
23367,0.0340511524412236
23368,0.09241538285980007
23369,0.04148951147230672
23370,0.09532570362584843
23371,0.06326265912384453
23372,0.10780082751501731
23373,0.04576954626093176
23374,0.11456179056371053
23375,0.0895851163769912
23376,0.05385008895239068
23377,0.10455365490510782
23378,0.06962564382891834
23379,0.029825320005255892
23380,0.05385008895239068
23381,0.0472874451224437
23382,0.035194756820265335
23383,0.0472874451224437
23384,0.1253937758578759
23385,0.10455365490510782
23386,0.030831530235430404
23387,0.06326265912384453
23388,0.02790753622320684
23389,0.06962564382891834
23390,0.04576954626093176
23391,0.050467859648565414
23392,0.04148951147230672
23393,0.08415807244319695
23394,0.08155796530189055
23395,0.06744146074358998
23396,0.0895851163769912
23397,0.05385008895239068
23398,0.14969342319192988
23399,0.044298105555134894
23400,0.06962564382891834
23401,0.09241538285980007
23402,0.09532570362584843
23403,0.031870571610423684
23404,0.11807880307813506
23405,0.04885310630405945
23406,0.050467859648565414
23407,0.08155796530189055
23408,0.05562035029109824
23409,0.05744527367010645
23410,0.029825320005255892
23411,0.04287184471684473
23412,0.09831774697482025
23413,0.026109748256448687
23414,0.02525362158524688
23415,0.09532570362584843
23416,0.04576954626093176
23417,0.06744146074358998
23418,0.0895851163769912
23419,0.059326311972524026
23420,0.06962564382891834
23421,0.03885174918700678
23422,0.08155796530189055
23423,0.08415807244319695
23424,0.06126494107819702
23425,0.03885174918700678
23426,0.06326265912384453
23427,0.03885174918700678
23428,0.031870571610423684
23429,0.06532098566628583
23430,0.06962564382891834
23431,0.0340511524412236
23432,0.05744527367010645
23433,0.08683323524129412
23434,0.10780082751501731
23435,0.05562035029109824
23436,0.03637532268518375
23437,0.06962564382891834
23438,0.07187511267178946
23439,0.03637532268518375
23440,0.07419146202147729
23441,0.05744527367010645
23442,0.06126494107819702
23443,0.07657630222726251
23444,0.06532098566628583
23445,0.05562035029109824
23446,0.026109748256448687
23447,0.13309352252567752
23448,0.05385008895239068
23449,0.11113633246221037
23450,0.08415807244319695
23451,0.044298105555134894
23452,0.06532098566628583
23453,0.02790753622320684
23454,0.04576954626093176
23455,0.0895851163769912
23456,0.11807880307813506
23457,0.01998212368725082
23458,0.0472874451224437
23459,0.09532570362584843
23460,0.14538999654972165
23461,0.04576954626093176
23462,0.11456179056371053
23463,0.1411897434506853
23464,0.04287184471684473
23465,0.0895851163769912
23466,0.11456179056371053
23467,0.04885310630405945
23468,0.03637532268518375
23469,0.04287184471684473
23470,0.1013931778423964
23471,0.0521330604156563
23472,0.06326265912384453
23473,0.07419146202147729
23474,0.09831774697482025
23475,0.06744146074358998
23476,0.04287184471684473
23477,0.11807880307813506
23478,0.05385008895239068
23479,0.0472874451224437
23480,0.050467859648565414
23481,0.09241538285980007
23482,0.03294343905785485
23483,0.08415807244319695
23484,0.05562035029109824
23485,0.0521330604156563
23486,0.02525362158524688
23487,0.0472874451224437
23488,0.026109748256448687
23489,0.11113633246221037
23490,0.11456179056371053
23491,0.035194756820265335
23492,0.07903125771029479
23493,0.08155796530189055
23494,0.10455365490510782
23495,0.06962564382891834
23496,0.10455365490510782
23497,0.031870571610423684
23498,0.04576954626093176
23499,0.09241538285980007
23500,0.07657630222726251
23501,0.04885310630405945
23502,0.044298105555134894
23503,0.04885310630405945
23504,0.04287184471684473
23505,0.04148951147230672
23506,0.11807880307813506
23507,0.11456179056371053
23508,0.0472874451224437
23509,0.050467859648565414
23510,0.04576954626093176
23511,0.12168894794618093
23512,0.06532098566628583
23513,0.04148951147230672
23514,0.07419146202147729
23515,0.10780082751501731
23516,0.07419146202147729
23517,0.1013931778423964
23518,0.012056749295157793
23519,0.0521330604156563
23520,0.05562035029109824
23521,0.03294343905785485
23522,0.029825320005255892
23523,0.05562035029109824
23524,0.06326265912384453
23525,0.0340511524412236
23526,0.11113633246221037
23527,0.05385008895239068
23528,0.04148951147230672
23529,0.03885174918700678
23530,0.044298105555134894
23531,0.08155796530189055
23532,0.07657630222726251
23533,0.04014987964502801
23534,0.07187511267178946
23535,0.09241538285980007
23536,0.029825320005255892
23537,0.09241538285980007
23538,0.0521330604156563
23539,0.13309352252567752
23540,0.06744146074358998
23541,0.03885174918700678
23542,0.0340511524412236
23543,0.06744146074358998
23544,0.06744146074358998
23545,0.035194756820265335
23546,0.1013931778423964
23547,0.06532098566628583
23548,0.11807880307813506
23549,0.044298105555134894
23550,0.022094611379221522
23551,0.029825320005255892
23552,0.07903125771029479
23553,0.07903125771029479
23554,0.04148951147230672
23555,0.0895851163769912
23556,0.08415807244319695
23557,0.06744146074358998
23558,0.023622642765858633
23559,0.044298105555134894
23560,0.09241538285980007
23561,0.09831774697482025
23562,0.06326265912384453
23563,0.15410125929925808
23564,0.07657630222726251
23565,0.09532570362584843
23566,0.04014987964502801
23567,0.04885310630405945
23568,0.06326265912384453
23569,0.09831774697482025
23570,0.09831774697482025
23571,0.08415807244319695
23572,0.0472874451224437
23573,0.05744527367010645
23574,0.1253937758578759
23575,0.05562035029109824
23576,0.0895851163769912
23577,0.06744146074358998
23578,0.05385008895239068
23579,0.08155796530189055
23580,0.02885097064418959
23581,0.06326265912384453
23582,0.08683323524129412
23583,0.11456179056371053
23584,0.1013931778423964
23585,0.04885310630405945
23586,0.05562035029109824
23587,0.023622642765858633
23588,0.09241538285980007
23589,0.029825320005255892
23590,0.06126494107819702
23591,0.08683323524129412
23592,0.02885097064418959
23593,0.04576954626093176
23594,0.06326265912384453
23595,0.0521330604156563
23596,0.0521330604156563
23597,0.07657630222726251
23598,0.07419146202147729
23599,0.02885097064418959
23600,0.1253937758578759
23601,0.037593946162112056
23602,0.04885310630405945
23603,0.03885174918700678
23604,0.03294343905785485
23605,0.07419146202147729
23606,0.04014987964502801
23607,0.08683323524129412
23608,0.02284615406529167
23609,0.06126494107819702
23610,0.06532098566628583
23611,0.14538999654972165
23612,0.04148951147230672
23613,0.0895851163769912
23614,0.1253937758578759
23615,0.08415807244319695
23616,0.06962564382891834
23617,0.1013931778423964
23618,0.08415807244319695
23619,0.06126494107819702
23620,0.1253937758578759
23621,0.02525362158524688
23622,0.06962564382891834
23623,0.059326311972524026
23624,0.0472874451224437
23625,0.0472874451224437
23626,0.0895851163769912
23627,0.022094611379221522
23628,0.15861467629411466
23629,0.04148951147230672
23630,0.05744527367010645
23631,0.06962564382891834
23632,0.014763940816671187
23633,0.07657630222726251
23634,0.01806788128844435
23635,0.07657630222726251
23636,0.07187511267178946
23637,0.06326265912384453
23638,0.030831530235430404
23639,0.09532570362584843
23640,0.08415807244319695
23641,0.03637532268518375
23642,0.01579318133211142
23643,0.06744146074358998
23644,0.0340511524412236
23645,0.037593946162112056
23646,0.10780082751501731
23647,0.06126494107819702
23648,0.02284615406529167
23649,0.06962564382891834
23650,0.1013931778423964
23651,0.06126494107819702
23652,0.04287184471684473
23653,0.059326311972524026
23654,0.10455365490510782
23655,0.03885174918700678
23656,0.06126494107819702
23657,0.10455365490510782
23658,0.09241538285980007
23659,0.09831774697482025
23660,0.0472874451224437
23661,0.06962564382891834
23662,0.15410125929925808
23663,0.04885310630405945
23664,0.08415807244319695
23665,0.08683323524129412
23666,0.11807880307813506
23667,0.09831774697482025
23668,0.04148951147230672
23669,0.05744527367010645
23670,0.04014987964502801
23671,0.026994094835726477
23672,0.01579318133211142
23673,0.09241538285980007
23674,0.04885310630405945
23675,0.06962564382891834
23676,0.06532098566628583
23677,0.0895851163769912
23678,0.026994094835726477
23679,0.022094611379221522
23680,0.05562035029109824
23681,0.06744146074358998
23682,0.029825320005255892
23683,0.05744527367010645
23684,0.08415807244319695
23685,0.04014987964502801
23686,0.04576954626093176
23687,0.05744527367010645
23688,0.0895851163769912
23689,0.01998212368725082
23690,0.09241538285980007
23691,0.0340511524412236
23692,0.04014987964502801
23693,0.05385008895239068
23694,0.12168894794618093
23695,0.059326311972524026
23696,0.026994094835726477
23697,0.06962564382891834
23698,0.12168894794618093
23699,0.0472874451224437
23700,0.02885097064418959
23701,0.06744146074358998
23702,0.059326311972524026
23703,0.06126494107819702
23704,0.050467859648565414
23705,0.07903125771029479
23706,0.04148951147230672
23707,0.059326311972524026
23708,0.08683323524129412
23709,0.04576954626093176
23710,0.08415807244319695
23711,0.09532570362584843
23712,0.05562035029109824
23713,0.050467859648565414
23714,0.08415807244319695
23715,0.1370913686325979
23716,0.07187511267178946
23717,0.06326265912384453
23718,0.08683323524129412
23719,0.04148951147230672
23720,0.04576954626093176
23721,0.05385008895239068
23722,0.06744146074358998
23723,0.11113633246221037
23724,0.11113633246221037
23725,0.04576954626093176
23726,0.05744527367010645
23727,0.0521330604156563
23728,0.1370913686325979
23729,0.03637532268518375
23730,0.06326265912384453
23731,0.05744527367010645
23732,0.07187511267178946
23733,0.10780082751501731
23734,0.07903125771029479
23735,0.04148951147230672
23736,0.03294343905785485
23737,0.09241538285980007
23738,0.15410125929925808
23739,0.04576954626093176
23740,0.11807880307813506
23741,0.07187511267178946
23742,0.07419146202147729
23743,0.08683323524129412
23744,0.08155796530189055
23745,0.1013931778423964
23746,0.050467859648565414
23747,0.04148951147230672
23748,0.05385008895239068
23749,0.05562035029109824
23750,0.050467859648565414
23751,0.09241538285980007
23752,0.09532570362584843
23753,0.11807880307813506
23754,0.05562035029109824
23755,0.0521330604156563
23756,0.07657630222726251
23757,0.06962564382891834
23758,0.03637532268518375
23759,0.08683323524129412
23760,0.03637532268518375
23761,0.04885310630405945
23762,0.0340511524412236
23763,0.07187511267178946
23764,0.08155796530189055
23765,0.05385008895239068
23766,0.06962564382891834
23767,0.04885310630405945
23768,0.05562035029109824
23769,0.04287184471684473
23770,0.04148951147230672
23771,0.02442486287796552
23772,0.02284615406529167
23773,0.06126494107819702
23774,0.07419146202147729
23775,0.04148951147230672
23776,0.02790753622320684
23777,0.03637532268518375
23778,0.04287184471684473
23779,0.05744527367010645
23780,0.044298105555134894
23781,0.09241538285980007
23782,0.023622642765858633
23783,0.06326265912384453
23784,0.06532098566628583
23785,0.037593946162112056
23786,0.07419146202147729
23787,0.07657630222726251
23788,0.11456179056371053
23789,0.0895851163769912
23790,0.029825320005255892
23791,0.07657630222726251
23792,0.0895851163769912
23793,0.14969342319192988
23794,0.06962564382891834
23795,0.05744527367010645
23796,0.06962564382891834
23797,0.09831774697482025
23798,0.07187511267178946
23799,0.04885310630405945
23800,0.04576954626093176
23801,0.10780082751501731
23802,0.07187511267178946
23803,0.1253937758578759
23804,0.0521330604156563
23805,0.06532098566628583
23806,0.05744527367010645
23807,0.02525362158524688
23808,0.06744146074358998
23809,0.11456179056371053
23810,0.06744146074358998
23811,0.07657630222726251
23812,0.07187511267178946
23813,0.10780082751501731
23814,0.06326265912384453
23815,0.07187511267178946
23816,0.0472874451224437
23817,0.07187511267178946
23818,0.09532570362584843
23819,0.07187511267178946
23820,0.037593946162112056
23821,0.04014987964502801
23822,0.11456179056371053
23823,0.1013931778423964
23824,0.05385008895239068
23825,0.03294343905785485
23826,0.11807880307813506
23827,0.04148951147230672
23828,0.11456179056371053
23829,0.059326311972524026
23830,0.02790753622320684
23831,0.06126494107819702
23832,0.08683323524129412
23833,0.07657630222726251
23834,0.11113633246221037
23835,0.07903125771029479
23836,0.11807880307813506
23837,0.12168894794618093
23838,0.14538999654972165
23839,0.07187511267178946
23840,0.031870571610423684
23841,0.05385008895239068
23842,0.07903125771029479
23843,0.04576954626093176
23844,0.04885310630405945
23845,0.04148951147230672
23846,0.03294343905785485
23847,0.031870571610423684
23848,0.044298105555134894
23849,0.05562035029109824
23850,0.14969342319192988
23851,0.05744527367010645
23852,0.06744146074358998
23853,0.06744146074358998
23854,0.1253937758578759
23855,0.11456179056371053
23856,0.07657630222726251
23857,0.05744527367010645
23858,0.06962564382891834
23859,0.0521330604156563
23860,0.050467859648565414
23861,0.04287184471684473
23862,0.050467859648565414
23863,0.06962564382891834
23864,0.11113633246221037
23865,0.08155796530189055
23866,0.07187511267178946
23867,0.059326311972524026
23868,0.06532098566628583
23869,0.04014987964502801
23870,0.01633396259861487
23871,0.04014987964502801
23872,0.050467859648565414
23873,0.04885310630405945
23874,0.09831774697482025
23875,0.05744527367010645
23876,0.05744527367010645
23877,0.0521330604156563
23878,0.13309352252567752
23879,0.11807880307813506
23880,0.1370913686325979
23881,0.02525362158524688
23882,0.0895851163769912
23883,0.030831530235430404
23884,0.014763940816671187
23885,0.05385008895239068
23886,0.10455365490510782
23887,0.08683323524129412
23888,0.037593946162112056
23889,0.13309352252567752
23890,0.05744527367010645
23891,0.059326311972524026
23892,0.1370913686325979
23893,0.0895851163769912
23894,0.04014987964502801
23895,0.06326265912384453
23896,0.0521330604156563
23897,0.10780082751501731
23898,0.03885174918700678
23899,0.0340511524412236
23900,0.026994094835726477
23901,0.06532098566628583
23902,0.05385008895239068
23903,0.06532098566628583
23904,0.026994094835726477
23905,0.05562035029109824
23906,0.05744527367010645
23907,0.050467859648565414
23908,0.07187511267178946
23909,0.10455365490510782
23910,0.09532570362584843
23911,0.02284615406529167
23912,0.059326311972524026
23913,0.06126494107819702
23914,0.0472874451224437
23915,0.05744527367010645
23916,0.031870571610423684
23917,0.0472874451224437
23918,0.09532570362584843
23919,0.07657630222726251
23920,0.1253937758578759
23921,0.035194756820265335
23922,0.0895851163769912
23923,0.06532098566628583
23924,0.0340511524412236
23925,0.04014987964502801
23926,0.06126494107819702
23927,0.11807880307813506
23928,0.1013931778423964
23929,0.07187511267178946
23930,0.06532098566628583
23931,0.09241538285980007
23932,0.07187511267178946
23933,0.1370913686325979
23934,0.04576954626093176
23935,0.07187511267178946
23936,0.04148951147230672
23937,0.09241538285980007
23938,0.11807880307813506
23939,0.08415807244319695
23940,0.04576954626093176
23941,0.0472874451224437
23942,0.04885310630405945
23943,0.04014987964502801
23944,0.06126494107819702
23945,0.02790753622320684
23946,0.0895851163769912
23947,0.08155796530189055
23948,0.059326311972524026
23949,0.037593946162112056
23950,0.06126494107819702
23951,0.06962564382891834
23952,0.04576954626093176
23953,0.04014987964502801
23954,0.05562035029109824
23955,0.11807880307813506
23956,0.044298105555134894
23957,0.0472874451224437
23958,0.06126494107819702
23959,0.08415807244319695
23960,0.04287184471684473
23961,0.04148951147230672
23962,0.026994094835726477
23963,0.09532570362584843
23964,0.03294343905785485
23965,0.08683323524129412
23966,0.044298105555134894
23967,0.06744146074358998
23968,0.10455365490510782
23969,0.12919480614845036
23970,0.035194756820265335
23971,0.03294343905785485
23972,0.044298105555134894
23973,0.1013931778423964
23974,0.0895851163769912
23975,0.13309352252567752
23976,0.05562035029109824
23977,0.07903125771029479
23978,0.05562035029109824
23979,0.0340511524412236
23980,0.10455365490510782
23981,0.07419146202147729
23982,0.11113633246221037
23983,0.1253937758578759
23984,0.08683323524129412
23985,0.04885310630405945
23986,0.0521330604156563
23987,0.07903125771029479
23988,0.1370913686325979
23989,0.059326311972524026
23990,0.09831774697482025
23991,0.12168894794618093
23992,0.0521330604156563
23993,0.11456179056371053
23994,0.06126494107819702
23995,0.06744146074358998
23996,0.03637532268518375
23997,0.14538999654972165
23998,0.026994094835726477
23999,0.07657630222726251
24000,0.08415807244319695
24001,0.12919480614845036
24002,0.11113633246221037
24003,0.06126494107819702
24004,0.059326311972524026
24005,0.07419146202147729
24006,0.03885174918700678
24007,0.059326311972524026
24008,0.06744146074358998
24009,0.05744527367010645
24010,0.07903125771029479
24011,0.08155796530189055
24012,0.031870571610423684
24013,0.13309352252567752
24014,0.07419146202147729
24015,0.050467859648565414
24016,0.07903125771029479
24017,0.04014987964502801
24018,0.07903125771029479
24019,0.05385008895239068
24020,0.06326265912384453
24021,0.050467859648565414
24022,0.035194756820265335
24023,0.09241538285980007
24024,0.07903125771029479
24025,0.06962564382891834
24026,0.04148951147230672
24027,0.04576954626093176
24028,0.0340511524412236
24029,0.08155796530189055
24030,0.10780082751501731
24031,0.04576954626093176
24032,0.035194756820265335
24033,0.04576954626093176
24034,0.01633396259861487
24035,0.08155796530189055
24036,0.08155796530189055
24037,0.020663328957880672
24038,0.09241538285980007
24039,0.1253937758578759
24040,0.04576954626093176
24041,0.12919480614845036
24042,0.03294343905785485
24043,0.06962564382891834
24044,0.059326311972524026
24045,0.03885174918700678
24046,0.11456179056371053
24047,0.0521330604156563
24048,0.05385008895239068
24049,0.03637532268518375
24050,0.07419146202147729
24051,0.08415807244319695
24052,0.035194756820265335
24053,0.10780082751501731
24054,0.035194756820265335
24055,0.031870571610423684
24056,0.06126494107819702
24057,0.13309352252567752
24058,0.030831530235430404
24059,0.05562035029109824
24060,0.07657630222726251
24061,0.020663328957880672
24062,0.07419146202147729
24063,0.059326311972524026
24064,0.035194756820265335
24065,0.03294343905785485
24066,0.09241538285980007
24067,0.04576954626093176
24068,0.07419146202147729
24069,0.07903125771029479
24070,0.08415807244319695
24071,0.06532098566628583
24072,0.044298105555134894
24073,0.030831530235430404
24074,0.08155796530189055
24075,0.0472874451224437
24076,0.07187511267178946
24077,0.030831530235430404
24078,0.12168894794618093
24079,0.017470713401722432
24080,0.05385008895239068
24081,0.02885097064418959
24082,0.06744146074358998
24083,0.020663328957880672
24084,0.1370913686325979
24085,0.03294343905785485
24086,0.06532098566628583
24087,0.059326311972524026
24088,0.04576954626093176
24089,0.06126494107819702
24090,0.13309352252567752
24091,0.1253937758578759
24092,0.04014987964502801
24093,0.023622642765858633
24094,0.07903125771029479
24095,0.08683323524129412
24096,0.05385008895239068
24097,0.044298105555134894
24098,0.06126494107819702
24099,0.06326265912384453
24100,0.0895851163769912
24101,0.035194756820265335
24102,0.031870571610423684
24103,0.07903125771029479
24104,0.020663328957880672
24105,0.04287184471684473
24106,0.04014987964502801
24107,0.06126494107819702
24108,0.04885310630405945
24109,0.07419146202147729
24110,0.04287184471684473
24111,0.04287184471684473
24112,0.044298105555134894
24113,0.06744146074358998
24114,0.06532098566628583
24115,0.12919480614845036
24116,0.059326311972524026
24117,0.08683323524129412
24118,0.06744146074358998
24119,0.0521330604156563
24120,0.10455365490510782
24121,0.044298105555134894
24122,0.08415807244319695
24123,0.0521330604156563
24124,0.08155796530189055
24125,0.10455365490510782
24126,0.06126494107819702
24127,0.0340511524412236
24128,0.050467859648565414
24129,0.04014987964502801
24130,0.07903125771029479
24131,0.11456179056371053
24132,0.0521330604156563
24133,0.07187511267178946
24134,0.12919480614845036
24135,0.06744146074358998
24136,0.026994094835726477
24137,0.037593946162112056
24138,0.08683323524129412
24139,0.0895851163769912
24140,0.09241538285980007
24141,0.11456179056371053
24142,0.09831774697482025
24143,0.07903125771029479
24144,0.02790753622320684
24145,0.0521330604156563
24146,0.11456179056371053
24147,0.0521330604156563
24148,0.06326265912384453
24149,0.10780082751501731
24150,0.06962564382891834
24151,0.03294343905785485
24152,0.06326265912384453
24153,0.03885174918700678
24154,0.09241538285980007
24155,0.05385008895239068
24156,0.06326265912384453
24157,0.031870571610423684
24158,0.04148951147230672
24159,0.02885097064418959
24160,0.05385008895239068
24161,0.08155796530189055
24162,0.050467859648565414
24163,0.05744527367010645
24164,0.04287184471684473
24165,0.059326311972524026
24166,0.037593946162112056
24167,0.044298105555134894
24168,0.023622642765858633
24169,0.11456179056371053
24170,0.05562035029109824
24171,0.10455365490510782
24172,0.06126494107819702
24173,0.11456179056371053
24174,0.030831530235430404
24175,0.09532570362584843
24176,0.09241538285980007
24177,0.037593946162112056
24178,0.08415807244319695
24179,0.0895851163769912
24180,0.03294343905785485
24181,0.10455365490510782
24182,0.06962564382891834
24183,0.10455365490510782
24184,0.02525362158524688
24185,0.1253937758578759
24186,0.0116558990836608
24187,0.0895851163769912
24188,0.014763940816671187
24189,0.1370913686325979
24190,0.0521330604156563
24191,0.13309352252567752
24192,0.08155796530189055
24193,0.05385008895239068
24194,0.07419146202147729
24195,0.059326311972524026
24196,0.044298105555134894
24197,0.0521330604156563
24198,0.07657630222726251
24199,0.0895851163769912
24200,0.02790753622320684
24201,0.05562035029109824
24202,0.13309352252567752
24203,0.059326311972524026
24204,0.09241538285980007
24205,0.03294343905785485
24206,0.10455365490510782
24207,0.08415807244319695
24208,0.06126494107819702
24209,0.044298105555134894
24210,0.06744146074358998
24211,0.1253937758578759
24212,0.037593946162112056
24213,0.059326311972524026
24214,0.10780082751501731
24215,0.0521330604156563
24216,0.05744527367010645
24217,0.0521330604156563
24218,0.14969342319192988
24219,0.13309352252567752
24220,0.020663328957880672
24221,0.03294343905785485
24222,0.0895851163769912
24223,0.026994094835726477
24224,0.08683323524129412
24225,0.0521330604156563
24226,0.0895851163769912
24227,0.10780082751501731
24228,0.059326311972524026
24229,0.09532570362584843
24230,0.02136725069186659
24231,0.09831774697482025
24232,0.05385008895239068
24233,0.06532098566628583
24234,0.09241538285980007
24235,0.09241538285980007
24236,0.03294343905785485
24237,0.044298105555134894
24238,0.06962564382891834
24239,0.035194756820265335
24240,0.08155796530189055
24241,0.07657630222726251
24242,0.04287184471684473
24243,0.02790753622320684
24244,0.09532570362584843
24245,0.026994094835726477
24246,0.12919480614845036
24247,0.10455365490510782
24248,0.07903125771029479
24249,0.04287184471684473
24250,0.07419146202147729
24251,0.09532570362584843
24252,0.037593946162112056
24253,0.050467859648565414
24254,0.037593946162112056
24255,0.06532098566628583
24256,0.06962564382891834
24257,0.04885310630405945
24258,0.11807880307813506
24259,0.07187511267178946
24260,0.06962564382891834
24261,0.11807880307813506
24262,0.08155796530189055
24263,0.07419146202147729
24264,0.01868507284109021
24265,0.031870571610423684
24266,0.037593946162112056
24267,0.05385008895239068
24268,0.06962564382891834
24269,0.031870571610423684
24270,0.02885097064418959
24271,0.029825320005255892
24272,0.022094611379221522
24273,0.08415807244319695
24274,0.06532098566628583
24275,0.04885310630405945
24276,0.059326311972524026
24277,0.09241538285980007
24278,0.0895851163769912
24279,0.029825320005255892
24280,0.13309352252567752
24281,0.07419146202147729
24282,0.05385008895239068
24283,0.07187511267178946
24284,0.04014987964502801
24285,0.06326265912384453
24286,0.12919480614845036
24287,0.08155796530189055
24288,0.07187511267178946
24289,0.059326311972524026
24290,0.050467859648565414
24291,0.09532570362584843
24292,0.05562035029109824
24293,0.035194756820265335
24294,0.09532570362584843
24295,0.031870571610423684
24296,0.09831774697482025
24297,0.07419146202147729
24298,0.0472874451224437
24299,0.07903125771029479
24300,0.05562035029109824
24301,0.11456179056371053
24302,0.030831530235430404
24303,0.1013931778423964
24304,0.04014987964502801
24305,0.05744527367010645
24306,0.07419146202147729
24307,0.0521330604156563
24308,0.0895851163769912
24309,0.06326265912384453
24310,0.07187511267178946
24311,0.0521330604156563
24312,0.09241538285980007
24313,0.02885097064418959
24314,0.0521330604156563
24315,0.04014987964502801
24316,0.07657630222726251
24317,0.03294343905785485
24318,0.12168894794618093
24319,0.10455365490510782
24320,0.10780082751501731
24321,0.06532098566628583
24322,0.07657630222726251
24323,0.0895851163769912
24324,0.1013931778423964
24325,0.05385008895239068
24326,0.06744146074358998
24327,0.0521330604156563
24328,0.07903125771029479
24329,0.08155796530189055
24330,0.08155796530189055
24331,0.04885310630405945
24332,0.05744527367010645
24333,0.08415807244319695
24334,0.04576954626093176
24335,0.06962564382891834
24336,0.06962564382891834
24337,0.05562035029109824
24338,0.04885310630405945
24339,0.09532570362584843
24340,0.14969342319192988
24341,0.04287184471684473
24342,0.04885310630405945
24343,0.026109748256448687
24344,0.07187511267178946
24345,0.0895851163769912
24346,0.08155796530189055
24347,0.0895851163769912
24348,0.04148951147230672
24349,0.11113633246221037
24350,0.09532570362584843
24351,0.03885174918700678
24352,0.04885310630405945
24353,0.09241538285980007
24354,0.0472874451224437
24355,0.05385008895239068
24356,0.05744527367010645
24357,0.04885310630405945
24358,0.06532098566628583
24359,0.09241538285980007
24360,0.06126494107819702
24361,0.04148951147230672
24362,0.05385008895239068
24363,0.0340511524412236
24364,0.13309352252567752
24365,0.07419146202147729
24366,0.05385008895239068
24367,0.044298105555134894
24368,0.02442486287796552
24369,0.06962564382891834
24370,0.1013931778423964
24371,0.07419146202147729
24372,0.07187511267178946
24373,0.08155796530189055
24374,0.044298105555134894
24375,0.06126494107819702
24376,0.02284615406529167
24377,0.05385008895239068
24378,0.07903125771029479
24379,0.026109748256448687
24380,0.11807880307813506
24381,0.031870571610423684
24382,0.0472874451224437
24383,0.06326265912384453
24384,0.031870571610423684
24385,0.12168894794618093
24386,0.06326265912384453
24387,0.044298105555134894
24388,0.050467859648565414
24389,0.04885310630405945
24390,0.07657630222726251
24391,0.07187511267178946
24392,0.04014987964502801
24393,0.06744146074358998
24394,0.07419146202147729
24395,0.1411897434506853
24396,0.02790753622320684
24397,0.04576954626093176
24398,0.044298105555134894
24399,0.07903125771029479
24400,0.07903125771029479
24401,0.07187511267178946
24402,0.07657630222726251
24403,0.01868507284109021
24404,0.035194756820265335
24405,0.14538999654972165
24406,0.09532570362584843
24407,0.04014987964502801
24408,0.0895851163769912
24409,0.05385008895239068
24410,0.0472874451224437
24411,0.04576954626093176
24412,0.06962564382891834
24413,0.06962564382891834
24414,0.06126494107819702
24415,0.04148951147230672
24416,0.029825320005255892
24417,0.12919480614845036
24418,0.09532570362584843
24419,0.037593946162112056
24420,0.08683323524129412
24421,0.06962564382891834
24422,0.08683323524129412
24423,0.11456179056371053
24424,0.07903125771029479
24425,0.09241538285980007
24426,0.02885097064418959
24427,0.06326265912384453
24428,0.05562035029109824
24429,0.05744527367010645
24430,0.10455365490510782
24431,0.04014987964502801
24432,0.044298105555134894
24433,0.08683323524129412
24434,0.0472874451224437
24435,0.04885310630405945
24436,0.0472874451224437
24437,0.03637532268518375
24438,0.044298105555134894
24439,0.08683323524129412
24440,0.1370913686325979
24441,0.02885097064418959
24442,0.037593946162112056
24443,0.04287184471684473
24444,0.06744146074358998
24445,0.12168894794618093
24446,0.13309352252567752
24447,0.14969342319192988
24448,0.09241538285980007
24449,0.1013931778423964
24450,0.0521330604156563
24451,0.06962564382891834
24452,0.09831774697482025
24453,0.03637532268518375
24454,0.09532570362584843
24455,0.029825320005255892
24456,0.07187511267178946
24457,0.0895851163769912
24458,0.10455365490510782
24459,0.05744527367010645
24460,0.13309352252567752
24461,0.08683323524129412
24462,0.05744527367010645
24463,0.030831530235430404
24464,0.1411897434506853
24465,0.07657630222726251
24466,0.059326311972524026
24467,0.06744146074358998
24468,0.0340511524412236
24469,0.09532570362584843
24470,0.07903125771029479
24471,0.02790753622320684
24472,0.06744146074358998
24473,0.08155796530189055
24474,0.06126494107819702
24475,0.026994094835726477
24476,0.13309352252567752
24477,0.07187511267178946
24478,0.05385008895239068
24479,0.06532098566628583
24480,0.03885174918700678
24481,0.05385008895239068
24482,0.1253937758578759
24483,0.04885310630405945
24484,0.05562035029109824
24485,0.0521330604156563
24486,0.03885174918700678
24487,0.06962564382891834
24488,0.059326311972524026
24489,0.059326311972524026
24490,0.08155796530189055
24491,0.11113633246221037
24492,0.015270026198302424
24493,0.050467859648565414
24494,0.03885174918700678
24495,0.044298105555134894
24496,0.06962564382891834
24497,0.09241538285980007
24498,0.03885174918700678
24499,0.04287184471684473
24500,0.07419146202147729
24501,0.06326265912384453
24502,0.06126494107819702
24503,0.037593946162112056
24504,0.08415807244319695
24505,0.1013931778423964
24506,0.09831774697482025
24507,0.08155796530189055
24508,0.0340511524412236
24509,0.10780082751501731
24510,0.04885310630405945
24511,0.11113633246221037
24512,0.0895851163769912
24513,0.06326265912384453
24514,0.03885174918700678
24515,0.1013931778423964
24516,0.0340511524412236
24517,0.10780082751501731
24518,0.05744527367010645
24519,0.050467859648565414
24520,0.04014987964502801
24521,0.0521330604156563
24522,0.031870571610423684
24523,0.1013931778423964
24524,0.09532570362584843
24525,0.12919480614845036
24526,0.02790753622320684
24527,0.06744146074358998
24528,0.06326265912384453
24529,0.059326311972524026
24530,0.037593946162112056
24531,0.05562035029109824
24532,0.10455365490510782
24533,0.044298105555134894
24534,0.08683323524129412
24535,0.037593946162112056
24536,0.1253937758578759
24537,0.06744146074358998
24538,0.03294343905785485
24539,0.04885310630405945
24540,0.02885097064418959
24541,0.07419146202147729
24542,0.10455365490510782
24543,0.09241538285980007
24544,0.05385008895239068
24545,0.030831530235430404
24546,0.0521330604156563
24547,0.08683323524129412
24548,0.10780082751501731
24549,0.04287184471684473
24550,0.04576954626093176
24551,0.07419146202147729
24552,0.04148951147230672
24553,0.11113633246221037
24554,0.037593946162112056
24555,0.020663328957880672
24556,0.06326265912384453
24557,0.14969342319192988
24558,0.04148951147230672
24559,0.04148951147230672
24560,0.08683323524129412
24561,0.0521330604156563
24562,0.037593946162112056
24563,0.05744527367010645
24564,0.0340511524412236
24565,0.07657630222726251
24566,0.1411897434506853
24567,0.07187511267178946
24568,0.0340511524412236
24569,0.044298105555134894
24570,0.044298105555134894
24571,0.0895851163769912
24572,0.12168894794618093
24573,0.0895851163769912
24574,0.07187511267178946
24575,0.05385008895239068
24576,0.08415807244319695
24577,0.06126494107819702
24578,0.12919480614845036
24579,0.050467859648565414
24580,0.04885310630405945
24581,0.0521330604156563
24582,0.04576954626093176
24583,0.07657630222726251
24584,0.04287184471684473
24585,0.05385008895239068
24586,0.1013931778423964
24587,0.09532570362584843
24588,0.059326311972524026
24589,0.06532098566628583
24590,0.05744527367010645
24591,0.1013931778423964
24592,0.05744527367010645
24593,0.04014987964502801
24594,0.02790753622320684
24595,0.04148951147230672
24596,0.06126494107819702
24597,0.07187511267178946
24598,0.09241538285980007
24599,0.07903125771029479
24600,0.03885174918700678
24601,0.0472874451224437
24602,0.03637532268518375
24603,0.08683323524129412
24604,0.03885174918700678
24605,0.04287184471684473
24606,0.14538999654972165
24607,0.06962564382891834
24608,0.06744146074358998
24609,0.1411897434506853
24610,0.08155796530189055
24611,0.06532098566628583
24612,0.06126494107819702
24613,0.14538999654972165
24614,0.05744527367010645
24615,0.0895851163769912
24616,0.08683323524129412
24617,0.04576954626093176
24618,0.11807880307813506
24619,0.050467859648565414
24620,0.05385008895239068
24621,0.08155796530189055
24622,0.01806788128844435
24623,0.03294343905785485
24624,0.029825320005255892
24625,0.07903125771029479
24626,0.03885174918700678
24627,0.14969342319192988
24628,0.026994094835726477
24629,0.06326265912384453
24630,0.08683323524129412
24631,0.05385008895239068
24632,0.04014987964502801
24633,0.06326265912384453
24634,0.09241538285980007
24635,0.10455365490510782
24636,0.0472874451224437
24637,0.07657630222726251
24638,0.1013931778423964
24639,0.0895851163769912
24640,0.06744146074358998
24641,0.05744527367010645
24642,0.030831530235430404
24643,0.08683323524129412
24644,0.026109748256448687
24645,0.0472874451224437
24646,0.06744146074358998
24647,0.05744527367010645
24648,0.07419146202147729
24649,0.06532098566628583
24650,0.14969342319192988
24651,0.029825320005255892
24652,0.05744527367010645
24653,0.031870571610423684
24654,0.06744146074358998
24655,0.050467859648565414
24656,0.03294343905785485
24657,0.06962564382891834
24658,0.026994094835726477
24659,0.03294343905785485
24660,0.1253937758578759
24661,0.04148951147230672
24662,0.09241538285980007
24663,0.07657630222726251
24664,0.05562035029109824
24665,0.07657630222726251
24666,0.07187511267178946
24667,0.03637532268518375
24668,0.07187511267178946
24669,0.09241538285980007
24670,0.07187511267178946
24671,0.0340511524412236
24672,0.05562035029109824
24673,0.07419146202147729
24674,0.10780082751501731
24675,0.06962564382891834
24676,0.026994094835726477
24677,0.08415807244319695
24678,0.03885174918700678
24679,0.02525362158524688
24680,0.11456179056371053
24681,0.0895851163769912
24682,0.06326265912384453
24683,0.08683323524129412
24684,0.07657630222726251
24685,0.07657630222726251
24686,0.08683323524129412
24687,0.06326265912384453
24688,0.09831774697482025
24689,0.05744527367010645
24690,0.07903125771029479
24691,0.030831530235430404
24692,0.035194756820265335
24693,0.07657630222726251
24694,0.06532098566628583
24695,0.07657630222726251
24696,0.1013931778423964
24697,0.10780082751501731
24698,0.050467859648565414
24699,0.07419146202147729
24700,0.07657630222726251
24701,0.06962564382891834
24702,0.016892943165924136
24703,0.050467859648565414
24704,0.04885310630405945
24705,0.09241538285980007
24706,0.02442486287796552
24707,0.07187511267178946
24708,0.019322932527049887
24709,0.09532570362584843
24710,0.04014987964502801
24711,0.03294343905785485
24712,0.08415807244319695
24713,0.07657630222726251
24714,0.1253937758578759
24715,0.12168894794618093
24716,0.08155796530189055
24717,0.06326265912384453
24718,0.03637532268518375
24719,0.07419146202147729
24720,0.07419146202147729
24721,0.0895851163769912
24722,0.06532098566628583
24723,0.06962564382891834
24724,0.03885174918700678
24725,0.035194756820265335
24726,0.05562035029109824
24727,0.04885310630405945
24728,0.1253937758578759
24729,0.02284615406529167
24730,0.04014987964502801
24731,0.06126494107819702
24732,0.04576954626093176
24733,0.09241538285980007
24734,0.07657630222726251
24735,0.07187511267178946
24736,0.11456179056371053
24737,0.07419146202147729
24738,0.07187511267178946
24739,0.03637532268518375
24740,0.06962564382891834
24741,0.06962564382891834
24742,0.04885310630405945
24743,0.06962564382891834
24744,0.11807880307813506
24745,0.05562035029109824
24746,0.06962564382891834
24747,0.0521330604156563
24748,0.09532570362584843
24749,0.044298105555134894
24750,0.031870571610423684
24751,0.05744527367010645
24752,0.04885310630405945
24753,0.0340511524412236
24754,0.026109748256448687
24755,0.050467859648565414
24756,0.020663328957880672
24757,0.05562035029109824
24758,0.08683323524129412
24759,0.05385008895239068
24760,0.08415807244319695
24761,0.04287184471684473
24762,0.0521330604156563
24763,0.0895851163769912
24764,0.07657630222726251
24765,0.10455365490510782
24766,0.04885310630405945
24767,0.023622642765858633
24768,0.04287184471684473
24769,0.10455365490510782
24770,0.0472874451224437
24771,0.06126494107819702
24772,0.02525362158524688
24773,0.09241538285980007
24774,0.044298105555134894
24775,0.05385008895239068
24776,0.06962564382891834
24777,0.06962564382891834
24778,0.07903125771029479
24779,0.035194756820265335
24780,0.07657630222726251
24781,0.07187511267178946
24782,0.030831530235430404
24783,0.050467859648565414
24784,0.06532098566628583
24785,0.05744527367010645
24786,0.03885174918700678
24787,0.02525362158524688
24788,0.050467859648565414
24789,0.035194756820265335
24790,0.06326265912384453
24791,0.11113633246221037
24792,0.12919480614845036
24793,0.044298105555134894
24794,0.04014987964502801
24795,0.04885310630405945
24796,0.06326265912384453
24797,0.05744527367010645
24798,0.1253937758578759
24799,0.08415807244319695
24800,0.037593946162112056
24801,0.037593946162112056
24802,0.09831774697482025
24803,0.0895851163769912
24804,0.06744146074358998
24805,0.07187511267178946
24806,0.05562035029109824
24807,0.05744527367010645
24808,0.06532098566628583
24809,0.04576954626093176
24810,0.04014987964502801
24811,0.04287184471684473
24812,0.07657630222726251
24813,0.0472874451224437
24814,0.02790753622320684
24815,0.08415807244319695
24816,0.0521330604156563
24817,0.0340511524412236
24818,0.13309352252567752
24819,0.03885174918700678
24820,0.11113633246221037
24821,0.08155796530189055
24822,0.050467859648565414
24823,0.04014987964502801
24824,0.07657630222726251
24825,0.05744527367010645
24826,0.05744527367010645
24827,0.059326311972524026
24828,0.05744527367010645
24829,0.0521330604156563
24830,0.09241538285980007
24831,0.04576954626093176
24832,0.09241538285980007
24833,0.06126494107819702
24834,0.03637532268518375
24835,0.13309352252567752
24836,0.09831774697482025
24837,0.09241538285980007
24838,0.029825320005255892
24839,0.02885097064418959
24840,0.02525362158524688
24841,0.06326265912384453
24842,0.08415807244319695
24843,0.07903125771029479
24844,0.031870571610423684
24845,0.04576954626093176
24846,0.037593946162112056
24847,0.07657630222726251
24848,0.09831774697482025
24849,0.02790753622320684
24850,0.030831530235430404
24851,0.10455365490510782
24852,0.08683323524129412
24853,0.08683323524129412
24854,0.04148951147230672
24855,0.023622642765858633
24856,0.035194756820265335
24857,0.035194756820265335
24858,0.06744146074358998
24859,0.050467859648565414
24860,0.09241538285980007
24861,0.050467859648565414
24862,0.035194756820265335
24863,0.14538999654972165
24864,0.03885174918700678
24865,0.11113633246221037
24866,0.037593946162112056
24867,0.14969342319192988
24868,0.06962564382891834
24869,0.03294343905785485
24870,0.04885310630405945
24871,0.12168894794618093
24872,0.02885097064418959
24873,0.06532098566628583
24874,0.10455365490510782
24875,0.11456179056371053
24876,0.06744146074358998
24877,0.08415807244319695
24878,0.10455365490510782
24879,0.06744146074358998
24880,0.11456179056371053
24881,0.03294343905785485
24882,0.029825320005255892
24883,0.023622642765858633
24884,0.03294343905785485
24885,0.02136725069186659
24886,0.08155796530189055
24887,0.06126494107819702
24888,0.07903125771029479
24889,0.050467859648565414
24890,0.04287184471684473
24891,0.06744146074358998
24892,0.044298105555134894
24893,0.08415807244319695
24894,0.08155796530189055
24895,0.03294343905785485
24896,0.06962564382891834
24897,0.05562035029109824
24898,0.10780082751501731
24899,0.044298105555134894
24900,0.03885174918700678
24901,0.059326311972524026
24902,0.14969342319192988
24903,0.044298105555134894
24904,0.04148951147230672
24905,0.11113633246221037
24906,0.11456179056371053
24907,0.09532570362584843
24908,0.10455365490510782
24909,0.05385008895239068
24910,0.03637532268518375
24911,0.07657630222726251
24912,0.06962564382891834
24913,0.0521330604156563
24914,0.10455365490510782
24915,0.06962564382891834
24916,0.09241538285980007
24917,0.06744146074358998
24918,0.06126494107819702
24919,0.04576954626093176
24920,0.06532098566628583
24921,0.04885310630405945
24922,0.044298105555134894
24923,0.0521330604156563
24924,0.0521330604156563
24925,0.03294343905785485
24926,0.07903125771029479
24927,0.0895851163769912
24928,0.11456179056371053
24929,0.030831530235430404
24930,0.059326311972524026
24931,0.08155796530189055
24932,0.04014987964502801
24933,0.07903125771029479
24934,0.14969342319192988
24935,0.1411897434506853
24936,0.04287184471684473
24937,0.06962564382891834
24938,0.030831530235430404
24939,0.12168894794618093
24940,0.08683323524129412
24941,0.06962564382891834
24942,0.035194756820265335
24943,0.12168894794618093
24944,0.10455365490510782
24945,0.07419146202147729
24946,0.07187511267178946
24947,0.07657630222726251
24948,0.08155796530189055
24949,0.06962564382891834
24950,0.0895851163769912
24951,0.06326265912384453
24952,0.037593946162112056
24953,0.09831774697482025
24954,0.05744527367010645
24955,0.059326311972524026
24956,0.11113633246221037
24957,0.14538999654972165
24958,0.11113633246221037
24959,0.04148951147230672
24960,0.1253937758578759
24961,0.02885097064418959
24962,0.05744527367010645
24963,0.06962564382891834
24964,0.04576954626093176
24965,0.044298105555134894
24966,0.050467859648565414
24967,0.08415807244319695
24968,0.07657630222726251
24969,0.12919480614845036
24970,0.0340511524412236
24971,0.026109748256448687
24972,0.03885174918700678
24973,0.026994094835726477
24974,0.04014987964502801
24975,0.035194756820265335
24976,0.06532098566628583
24977,0.0472874451224437
24978,0.03885174918700678
24979,0.07187511267178946
24980,0.07903125771029479
24981,0.059326311972524026
24982,0.08415807244319695
24983,0.06532098566628583
24984,0.0895851163769912
24985,0.04148951147230672
24986,0.037593946162112056
24987,0.03637532268518375
24988,0.050467859648565414
24989,0.026109748256448687
24990,0.11456179056371053
24991,0.06326265912384453
24992,0.06126494107819702
24993,0.02885097064418959
24994,0.030831530235430404
24995,0.04287184471684473
24996,0.05562035029109824
24997,0.026109748256448687
24998,0.07187511267178946
24999,0.1013931778423964
25000,0.050467859648565414
25001,0.01998212368725082
25002,0.03294343905785485
25003,0.059326311972524026
25004,0.11456179056371053
25005,0.05562035029109824
25006,0.1411897434506853
25007,0.08415807244319695
25008,0.08415807244319695
25009,0.059326311972524026
25010,0.05744527367010645
25011,0.04576954626093176
25012,0.0472874451224437
25013,0.12919480614845036
25014,0.10455365490510782
25015,0.08155796530189055
25016,0.07903125771029479
25017,0.09241538285980007
25018,0.07419146202147729
25019,0.01806788128844435
25020,0.0472874451224437
25021,0.06126494107819702
25022,0.0340511524412236
25023,0.02442486287796552
25024,0.044298105555134894
25025,0.059326311972524026
25026,0.06532098566628583
25027,0.09532570362584843
25028,0.07903125771029479
25029,0.1253937758578759
25030,0.08683323524129412
25031,0.04148951147230672
25032,0.023622642765858633
25033,0.06744146074358998
25034,0.07903125771029479
25035,0.06744146074358998
25036,0.050467859648565414
25037,0.05562035029109824
25038,0.08155796530189055
25039,0.02525362158524688
25040,0.06126494107819702
25041,0.044298105555134894
25042,0.05385008895239068
25043,0.09241538285980007
25044,0.04885310630405945
25045,0.14538999654972165
25046,0.04287184471684473
25047,0.09241538285980007
25048,0.1013931778423964
25049,0.06532098566628583
25050,0.08155796530189055
25051,0.09831774697482025
25052,0.09831774697482025
25053,0.07419146202147729
25054,0.031870571610423684
25055,0.03885174918700678
25056,0.03294343905785485
25057,0.07903125771029479
25058,0.06744146074358998
25059,0.06962564382891834
25060,0.09241538285980007
25061,0.04576954626093176
25062,0.04014987964502801
25063,0.06326265912384453
25064,0.06532098566628583
25065,0.04576954626093176
25066,0.059326311972524026
25067,0.050467859648565414
25068,0.0521330604156563
25069,0.12919480614845036
25070,0.10455365490510782
25071,0.05385008895239068
25072,0.0472874451224437
25073,0.04014987964502801
25074,0.04885310630405945
25075,0.07419146202147729
25076,0.044298105555134894
25077,0.0895851163769912
25078,0.04287184471684473
25079,0.06962564382891834
25080,0.09241538285980007
25081,0.035194756820265335
25082,0.07657630222726251
25083,0.02284615406529167
25084,0.04576954626093176
25085,0.06326265912384453
25086,0.05562035029109824
25087,0.09532570362584843
25088,0.05385008895239068
25089,0.07657630222726251
25090,0.09532570362584843
25091,0.06326265912384453
25092,0.07657630222726251
25093,0.04885310630405945
25094,0.04148951147230672
25095,0.044298105555134894
25096,0.06744146074358998
25097,0.02525362158524688
25098,0.12168894794618093
25099,0.08415807244319695
25100,0.0340511524412236
25101,0.059326311972524026
25102,0.029825320005255892
25103,0.04576954626093176
25104,0.022094611379221522
25105,0.04287184471684473
25106,0.1013931778423964
25107,0.04885310630405945
25108,0.11807880307813506
25109,0.037593946162112056
25110,0.02525362158524688
25111,0.1253937758578759
25112,0.07419146202147729
25113,0.03294343905785485
25114,0.06744146074358998
25115,0.06532098566628583
25116,0.04148951147230672
25117,0.0472874451224437
25118,0.08415807244319695
25119,0.035194756820265335
25120,0.08415807244319695
25121,0.035194756820265335
25122,0.04287184471684473
25123,0.04148951147230672
25124,0.07657630222726251
25125,0.03885174918700678
25126,0.05562035029109824
25127,0.12168894794618093
25128,0.06126494107819702
25129,0.0895851163769912
25130,0.04576954626093176
25131,0.06326265912384453
25132,0.050467859648565414
25133,0.026994094835726477
25134,0.04576954626093176
25135,0.05562035029109824
25136,0.09831774697482025
25137,0.08415807244319695
25138,0.026109748256448687
25139,0.017470713401722432
25140,0.06126494107819702
25141,0.04148951147230672
25142,0.06962564382891834
25143,0.05385008895239068
25144,0.1013931778423964
25145,0.05385008895239068
25146,0.13309352252567752
25147,0.0472874451224437
25148,0.08415807244319695
25149,0.09831774697482025
25150,0.08683323524129412
25151,0.03294343905785485
25152,0.08683323524129412
25153,0.059326311972524026
25154,0.08683323524129412
25155,0.03885174918700678
25156,0.04287184471684473
25157,0.01998212368725082
25158,0.050467859648565414
25159,0.044298105555134894
25160,0.04576954626093176
25161,0.08155796530189055
25162,0.05744527367010645
25163,0.10455365490510782
25164,0.06126494107819702
25165,0.0521330604156563
25166,0.06326265912384453
25167,0.029825320005255892
25168,0.01806788128844435
25169,0.09241538285980007
25170,0.06962564382891834
25171,0.07657630222726251
25172,0.037593946162112056
25173,0.0521330604156563
25174,0.12919480614845036
25175,0.06126494107819702
25176,0.02790753622320684
25177,0.0895851163769912
25178,0.04148951147230672
25179,0.11113633246221037
25180,0.05385008895239068
25181,0.03637532268518375
25182,0.12919480614845036
25183,0.11113633246221037
25184,0.14538999654972165
25185,0.06326265912384453
25186,0.07903125771029479
25187,0.06962564382891834
25188,0.11456179056371053
25189,0.014763940816671187
25190,0.12919480614845036
25191,0.04885310630405945
25192,0.06326265912384453
25193,0.03885174918700678
25194,0.031870571610423684
25195,0.09241538285980007
25196,0.08155796530189055
25197,0.0521330604156563
25198,0.03885174918700678
25199,0.01806788128844435
25200,0.04885310630405945
25201,0.04014987964502801
25202,0.04014987964502801
25203,0.1253937758578759
25204,0.0895851163769912
25205,0.04885310630405945
25206,0.026994094835726477
25207,0.10780082751501731
25208,0.059326311972524026
25209,0.03294343905785485
25210,0.10455365490510782
25211,0.06126494107819702
25212,0.06962564382891834
25213,0.059326311972524026
25214,0.059326311972524026
25215,0.02885097064418959
25216,0.044298105555134894
25217,0.05385008895239068
25218,0.07419146202147729
25219,0.1253937758578759
25220,0.08155796530189055
25221,0.06326265912384453
25222,0.04885310630405945
25223,0.1411897434506853
25224,0.02442486287796552
25225,0.050467859648565414
25226,0.06744146074358998
25227,0.08155796530189055
25228,0.1013931778423964
25229,0.044298105555134894
25230,0.06126494107819702
25231,0.04148951147230672
25232,0.09241538285980007
25233,0.1013931778423964
25234,0.07187511267178946
25235,0.09532570362584843
25236,0.09241538285980007
25237,0.02442486287796552
25238,0.026994094835726477
25239,0.037593946162112056
25240,0.04576954626093176
25241,0.06962564382891834
25242,0.037593946162112056
25243,0.02790753622320684
25244,0.1253937758578759
25245,0.0895851163769912
25246,0.15861467629411466
25247,0.05385008895239068
25248,0.1411897434506853
25249,0.09241538285980007
25250,0.01806788128844435
25251,0.04576954626093176
25252,0.04014987964502801
25253,0.037593946162112056
25254,0.06126494107819702
25255,0.11807880307813506
25256,0.14969342319192988
25257,0.05744527367010645
25258,0.04148951147230672
25259,0.06532098566628583
25260,0.023622642765858633
25261,0.0895851163769912
25262,0.07419146202147729
25263,0.04148951147230672
25264,0.05562035029109824
25265,0.07657630222726251
25266,0.05562035029109824
25267,0.035194756820265335
25268,0.05744527367010645
25269,0.10455365490510782
25270,0.08415807244319695
25271,0.11456179056371053
25272,0.07419146202147729
25273,0.07657630222726251
25274,0.1253937758578759
25275,0.044298105555134894
25276,0.15410125929925808
25277,0.05562035029109824
25278,0.11113633246221037
25279,0.0472874451224437
25280,0.026994094835726477
25281,0.07903125771029479
25282,0.05562035029109824
25283,0.07187511267178946
25284,0.04576954626093176
25285,0.050467859648565414
25286,0.06126494107819702
25287,0.06532098566628583
25288,0.08415807244319695
25289,0.04885310630405945
25290,0.01806788128844435
25291,0.05562035029109824
25292,0.04576954626093176
25293,0.059326311972524026
25294,0.1411897434506853
25295,0.037593946162112056
25296,0.07657630222726251
25297,0.07657630222726251
25298,0.11113633246221037
25299,0.04148951147230672
25300,0.04148951147230672
25301,0.07187511267178946
25302,0.02885097064418959
25303,0.0472874451224437
25304,0.07419146202147729
25305,0.06962564382891834
25306,0.12168894794618093
25307,0.0472874451224437
25308,0.0521330604156563
25309,0.12919480614845036
25310,0.14538999654972165
25311,0.1253937758578759
25312,0.059326311972524026
25313,0.0340511524412236
25314,0.035194756820265335
25315,0.1253937758578759
25316,0.1370913686325979
25317,0.029825320005255892
25318,0.10455365490510782
25319,0.030831530235430404
25320,0.01633396259861487
25321,0.11456179056371053
25322,0.02885097064418959
25323,0.1370913686325979
25324,0.02525362158524688
25325,0.07903125771029479
25326,0.06532098566628583
25327,0.08683323524129412
25328,0.1013931778423964
25329,0.07657630222726251
25330,0.03885174918700678
25331,0.07419146202147729
25332,0.09241538285980007
25333,0.08683323524129412
25334,0.07903125771029479
25335,0.12919480614845036
25336,0.037593946162112056
25337,0.04148951147230672
25338,0.04885310630405945
25339,0.08683323524129412
25340,0.09241538285980007
25341,0.10780082751501731
25342,0.07187511267178946
25343,0.04576954626093176
25344,0.07187511267178946
25345,0.08683323524129412
25346,0.06744146074358998
25347,0.0340511524412236
25348,0.09532570362584843
25349,0.1013931778423964
25350,0.029825320005255892
25351,0.06532098566628583
25352,0.044298105555134894
25353,0.04885310630405945
25354,0.03294343905785485
25355,0.04014987964502801
25356,0.1013931778423964
25357,0.03294343905785485
25358,0.08415807244319695
25359,0.08683323524129412
25360,0.08415807244319695
25361,0.050467859648565414
25362,0.09532570362584843
25363,0.0895851163769912
25364,0.06962564382891834
25365,0.0472874451224437
25366,0.07187511267178946
25367,0.08415807244319695
25368,0.04885310630405945
25369,0.04014987964502801
25370,0.08683323524129412
25371,0.14969342319192988
25372,0.13309352252567752
25373,0.06126494107819702
25374,0.050467859648565414
25375,0.04576954626093176
25376,0.05744527367010645
25377,0.06744146074358998
25378,0.0895851163769912
25379,0.03294343905785485
25380,0.1253937758578759
25381,0.1013931778423964
25382,0.07419146202147729
25383,0.1013931778423964
25384,0.1013931778423964
25385,0.08415807244319695
25386,0.02284615406529167
25387,0.035194756820265335
25388,0.0340511524412236
25389,0.12168894794618093
25390,0.03637532268518375
25391,0.044298105555134894
25392,0.04885310630405945
25393,0.06962564382891834
25394,0.05562035029109824
25395,0.035194756820265335
25396,0.0895851163769912
25397,0.044298105555134894
25398,0.06744146074358998
25399,0.07657630222726251
25400,0.07419146202147729
25401,0.08683323524129412
25402,0.08415807244319695
25403,0.11113633246221037
25404,0.09241538285980007
25405,0.04576954626093176
25406,0.11113633246221037
25407,0.01998212368725082
25408,0.08415807244319695
25409,0.06744146074358998
25410,0.07903125771029479
25411,0.06744146074358998
25412,0.035194756820265335
25413,0.05562035029109824
25414,0.02442486287796552
25415,0.035194756820265335
25416,0.1013931778423964
25417,0.06126494107819702
25418,0.04287184471684473
25419,0.05744527367010645
25420,0.08415807244319695
25421,0.05744527367010645
25422,0.02885097064418959
25423,0.09241538285980007
25424,0.04576954626093176
25425,0.10780082751501731
25426,0.07657630222726251
25427,0.08683323524129412
25428,0.01806788128844435
25429,0.10780082751501731
25430,0.1013931778423964
25431,0.0521330604156563
25432,0.050467859648565414
25433,0.09241538285980007
25434,0.06326265912384453
25435,0.06962564382891834
25436,0.14969342319192988
25437,0.1253937758578759
25438,0.11113633246221037
25439,0.08155796530189055
25440,0.03294343905785485
25441,0.044298105555134894
25442,0.09241538285980007
25443,0.0895851163769912
25444,0.1013931778423964
25445,0.030831530235430404
25446,0.09241538285980007
25447,0.03294343905785485
25448,0.07187511267178946
25449,0.06532098566628583
25450,0.09532570362584843
25451,0.12168894794618093
25452,0.04287184471684473
25453,0.07187511267178946
25454,0.06532098566628583
25455,0.037593946162112056
25456,0.1253937758578759
25457,0.059326311972524026
25458,0.022094611379221522
25459,0.09532570362584843
25460,0.1013931778423964
25461,0.04148951147230672
25462,0.03637532268518375
25463,0.04287184471684473
25464,0.1013931778423964
25465,0.14538999654972165
25466,0.04148951147230672
25467,0.06326265912384453
25468,0.08415807244319695
25469,0.044298105555134894
25470,0.07419146202147729
25471,0.15410125929925808
25472,0.09241538285980007
25473,0.06326265912384453
25474,0.1253937758578759
25475,0.05744527367010645
25476,0.11807880307813506
25477,0.08415807244319695
25478,0.06126494107819702
25479,0.0340511524412236
25480,0.12168894794618093
25481,0.03294343905785485
25482,0.08683323524129412
25483,0.04287184471684473
25484,0.050467859648565414
25485,0.07657630222726251
25486,0.050467859648565414
25487,0.08683323524129412
25488,0.07419146202147729
25489,0.09831774697482025
25490,0.0895851163769912
25491,0.07903125771029479
25492,0.023622642765858633
25493,0.07187511267178946
25494,0.026109748256448687
25495,0.044298105555134894
25496,0.07419146202147729
25497,0.059326311972524026
25498,0.044298105555134894
25499,0.06744146074358998
25500,0.07903125771029479
25501,0.06532098566628583
25502,0.04885310630405945
25503,0.044298105555134894
25504,0.06126494107819702
25505,0.09831774697482025
25506,0.10780082751501731
25507,0.1013931778423964
25508,0.03885174918700678
25509,0.12168894794618093
25510,0.035194756820265335
25511,0.05744527367010645
25512,0.050467859648565414
25513,0.08683323524129412
25514,0.04576954626093176
25515,0.03637532268518375
25516,0.0521330604156563
25517,0.0472874451224437
25518,0.026994094835726477
25519,0.050467859648565414
25520,0.029825320005255892
25521,0.06962564382891834
25522,0.044298105555134894
25523,0.14538999654972165
25524,0.06962564382891834
25525,0.08415807244319695
25526,0.09241538285980007
25527,0.14969342319192988
25528,0.09831774697482025
25529,0.08415807244319695
25530,0.06962564382891834
25531,0.04148951147230672
25532,0.037593946162112056
25533,0.03637532268518375
25534,0.08155796530189055
25535,0.06962564382891834
25536,0.059326311972524026
25537,0.11113633246221037
25538,0.04885310630405945
25539,0.08683323524129412
25540,0.0472874451224437
25541,0.022094611379221522
25542,0.10455365490510782
25543,0.03637532268518375
25544,0.026109748256448687
25545,0.04576954626093176
25546,0.05744527367010645
25547,0.10780082751501731
25548,0.037593946162112056
25549,0.06126494107819702
25550,0.06962564382891834
25551,0.11456179056371053
25552,0.1013931778423964
25553,0.07187511267178946
25554,0.13309352252567752
25555,0.13309352252567752
25556,0.06326265912384453
25557,0.02790753622320684
25558,0.030831530235430404
25559,0.0521330604156563
25560,0.030831530235430404
25561,0.1370913686325979
25562,0.016892943165924136
25563,0.06962564382891834
25564,0.04148951147230672
25565,0.03637532268518375
25566,0.05562035029109824
25567,0.04148951147230672
25568,0.07187511267178946
25569,0.044298105555134894
25570,0.07187511267178946
25571,0.04014987964502801
25572,0.10780082751501731
25573,0.044298105555134894
25574,0.04148951147230672
25575,0.050467859648565414
25576,0.10780082751501731
25577,0.05562035029109824
25578,0.02525362158524688
25579,0.07657630222726251
25580,0.1253937758578759
25581,0.05744527367010645
25582,0.050467859648565414
25583,0.029825320005255892
25584,0.022094611379221522
25585,0.07657630222726251
25586,0.0895851163769912
25587,0.11456179056371053
25588,0.09532570362584843
25589,0.01998212368725082
25590,0.1013931778423964
25591,0.0340511524412236
25592,0.07419146202147729
25593,0.044298105555134894
25594,0.07419146202147729
25595,0.04885310630405945
25596,0.04885310630405945
25597,0.08415807244319695
25598,0.1013931778423964
25599,0.059326311972524026
25600,0.09241538285980007
25601,0.06962564382891834
25602,0.06962564382891834
25603,0.09241538285980007
25604,0.03885174918700678
25605,0.11456179056371053
25606,0.06744146074358998
25607,0.06532098566628583
25608,0.04014987964502801
25609,0.050467859648565414
25610,0.10780082751501731
25611,0.12168894794618093
25612,0.0340511524412236
25613,0.08683323524129412
25614,0.07903125771029479
25615,0.11807880307813506
25616,0.031870571610423684
25617,0.05744527367010645
25618,0.06962564382891834
25619,0.0895851163769912
25620,0.11456179056371053
25621,0.04014987964502801
25622,0.08415807244319695
25623,0.04014987964502801
25624,0.04885310630405945
25625,0.1013931778423964
25626,0.08415807244319695
25627,0.022094611379221522
25628,0.04576954626093176
25629,0.04885310630405945
25630,0.06326265912384453
25631,0.08155796530189055
25632,0.11807880307813506
25633,0.02885097064418959
25634,0.07187511267178946
25635,0.05744527367010645
25636,0.08415807244319695
25637,0.07419146202147729
25638,0.10780082751501731
25639,0.050467859648565414
25640,0.14969342319192988
25641,0.06126494107819702
25642,0.07657630222726251
25643,0.026994094835726477
25644,0.06326265912384453
25645,0.026994094835726477
25646,0.07657630222726251
25647,0.02442486287796552
25648,0.0340511524412236
25649,0.06744146074358998
25650,0.08155796530189055
25651,0.12168894794618093
25652,0.01998212368725082
25653,0.09831774697482025
25654,0.029825320005255892
25655,0.13309352252567752
25656,0.059326311972524026
25657,0.059326311972524026
25658,0.07187511267178946
25659,0.07657630222726251
25660,0.13309352252567752
25661,0.0472874451224437
25662,0.05744527367010645
25663,0.03294343905785485
25664,0.1013931778423964
25665,0.0521330604156563
25666,0.05744527367010645
25667,0.10455365490510782
25668,0.11113633246221037
25669,0.06962564382891834
25670,0.14538999654972165
25671,0.0521330604156563
25672,0.05562035029109824
25673,0.04287184471684473
25674,0.06962564382891834
25675,0.026109748256448687
25676,0.09831774697482025
25677,0.06126494107819702
25678,0.044298105555134894
25679,0.06126494107819702
25680,0.050467859648565414
25681,0.1253937758578759
25682,0.12919480614845036
25683,0.0521330604156563
25684,0.044298105555134894
25685,0.05385008895239068
25686,0.11113633246221037
25687,0.07657630222726251
25688,0.04576954626093176
25689,0.05562035029109824
25690,0.04576954626093176
25691,0.06744146074358998
25692,0.02525362158524688
25693,0.11113633246221037
25694,0.029825320005255892
25695,0.09532570362584843
25696,0.08415807244319695
25697,0.044298105555134894
25698,0.06744146074358998
25699,0.04576954626093176
25700,0.07903125771029479
25701,0.04014987964502801
25702,0.06532098566628583
25703,0.04014987964502801
25704,0.030831530235430404
25705,0.09532570362584843
25706,0.04885310630405945
25707,0.06744146074358998
25708,0.050467859648565414
25709,0.037593946162112056
25710,0.026109748256448687
25711,0.08683323524129412
25712,0.13309352252567752
25713,0.059326311972524026
25714,0.08415807244319695
25715,0.11113633246221037
25716,0.06962564382891834
25717,0.11113633246221037
25718,0.09532570362584843
25719,0.07903125771029479
25720,0.059326311972524026
25721,0.026109748256448687
25722,0.03637532268518375
25723,0.06326265912384453
25724,0.04885310630405945
25725,0.07419146202147729
25726,0.0521330604156563
25727,0.044298105555134894
25728,0.05385008895239068
25729,0.1013931778423964
25730,0.11113633246221037
25731,0.04885310630405945
25732,0.06962564382891834
25733,0.04287184471684473
25734,0.06126494107819702
25735,0.03637532268518375
25736,0.06744146074358998
25737,0.1013931778423964
25738,0.08683323524129412
25739,0.03294343905785485
25740,0.0895851163769912
25741,0.06126494107819702
25742,0.01998212368725082
25743,0.12168894794618093
25744,0.07903125771029479
25745,0.07187511267178946
25746,0.04576954626093176
25747,0.02885097064418959
25748,0.04287184471684473
25749,0.02790753622320684
25750,0.06126494107819702
25751,0.03637532268518375
25752,0.02525362158524688
25753,0.04148951147230672
25754,0.09241538285980007
25755,0.09241538285980007
25756,0.05562035029109824
25757,0.044298105555134894
25758,0.029825320005255892
25759,0.04148951147230672
25760,0.04287184471684473
25761,0.12919480614845036
25762,0.023622642765858633
25763,0.04287184471684473
25764,0.0521330604156563
25765,0.02442486287796552
25766,0.06962564382891834
25767,0.04287184471684473
25768,0.06326265912384453
25769,0.03885174918700678
25770,0.11456179056371053
25771,0.14538999654972165
25772,0.04148951147230672
25773,0.08683323524129412
25774,0.1253937758578759
25775,0.05385008895239068
25776,0.11456179056371053
25777,0.044298105555134894
25778,0.10455365490510782
25779,0.07657630222726251
25780,0.01806788128844435
25781,0.044298105555134894
25782,0.07903125771029479
25783,0.07657630222726251
25784,0.11113633246221037
25785,0.04287184471684473
25786,0.06326265912384453
25787,0.1370913686325979
25788,0.044298105555134894
25789,0.07187511267178946
25790,0.035194756820265335
25791,0.07657630222726251
25792,0.08415807244319695
25793,0.037593946162112056
25794,0.10455365490510782
25795,0.04014987964502801
25796,0.06532098566628583
25797,0.14969342319192988
25798,0.02525362158524688
25799,0.10780082751501731
25800,0.07903125771029479
25801,0.035194756820265335
25802,0.09532570362584843
25803,0.08155796530189055
25804,0.11807880307813506
25805,0.04014987964502801
25806,0.05385008895239068
25807,0.06532098566628583
25808,0.07187511267178946
25809,0.044298105555134894
25810,0.07419146202147729
25811,0.06326265912384453
25812,0.1253937758578759
25813,0.02790753622320684
25814,0.0521330604156563
25815,0.07657630222726251
25816,0.05385008895239068
25817,0.031870571610423684
25818,0.0895851163769912
25819,0.12168894794618093
25820,0.050467859648565414
25821,0.12168894794618093
25822,0.04576954626093176
25823,0.1013931778423964
25824,0.07419146202147729
25825,0.06962564382891834
25826,0.11113633246221037
25827,0.01998212368725082
25828,0.07187511267178946
25829,0.11113633246221037
25830,0.08415807244319695
25831,0.059326311972524026
25832,0.08155796530189055
25833,0.07657630222726251
25834,0.03294343905785485
25835,0.08155796530189055
25836,0.06126494107819702
25837,0.07657630222726251
25838,0.1013931778423964
25839,0.037593946162112056
25840,0.1013931778423964
25841,0.05385008895239068
25842,0.06744146074358998
25843,0.05385008895239068
25844,0.11807880307813506
25845,0.06326265912384453
25846,0.06126494107819702
25847,0.02790753622320684
25848,0.08683323524129412
25849,0.07903125771029479
25850,0.05562035029109824
25851,0.08155796530189055
25852,0.06744146074358998
25853,0.06532098566628583
25854,0.01868507284109021
25855,0.08683323524129412
25856,0.06326265912384453
25857,0.05385008895239068
25858,0.07657630222726251
25859,0.1370913686325979
25860,0.06326265912384453
25861,0.06532098566628583
25862,0.1013931778423964
25863,0.04576954626093176
25864,0.06744146074358998
25865,0.09241538285980007
25866,0.03885174918700678
25867,0.05385008895239068
25868,0.11113633246221037
25869,0.1411897434506853
25870,0.06326265912384453
25871,0.06532098566628583
25872,0.05385008895239068
25873,0.037593946162112056
25874,0.059326311972524026
25875,0.030831530235430404
25876,0.06326265912384453
25877,0.08155796530189055
25878,0.06126494107819702
25879,0.050467859648565414
25880,0.06126494107819702
25881,0.06744146074358998
25882,0.020663328957880672
25883,0.059326311972524026
25884,0.09241538285980007
25885,0.12168894794618093
25886,0.044298105555134894
25887,0.07903125771029479
25888,0.0340511524412236
25889,0.030831530235430404
25890,0.037593946162112056
25891,0.04885310630405945
25892,0.09532570362584843
25893,0.12919480614845036
25894,0.11807880307813506
25895,0.11807880307813506
25896,0.12168894794618093
25897,0.09532570362584843
25898,0.06126494107819702
25899,0.08415807244319695
25900,0.08155796530189055
25901,0.12168894794618093
25902,0.05562035029109824
25903,0.09532570362584843
25904,0.07187511267178946
25905,0.059326311972524026
25906,0.06962564382891834
25907,0.0472874451224437
25908,0.09241538285980007
25909,0.12919480614845036
25910,0.0472874451224437
25911,0.04287184471684473
25912,0.04885310630405945
25913,0.07187511267178946
25914,0.07903125771029479
25915,0.07657630222726251
25916,0.09532570362584843
25917,0.02525362158524688
25918,0.059326311972524026
25919,0.10455365490510782
25920,0.06532098566628583
25921,0.05562035029109824
25922,0.14538999654972165
25923,0.06962564382891834
25924,0.09831774697482025
25925,0.019322932527049887
25926,0.029825320005255892
25927,0.09241538285980007
25928,0.09241538285980007
25929,0.15410125929925808
25930,0.0521330604156563
25931,0.10455365490510782
25932,0.06326265912384453
25933,0.1253937758578759
25934,0.0895851163769912
25935,0.08155796530189055
25936,0.03294343905785485
25937,0.06532098566628583
25938,0.0895851163769912
25939,0.04885310630405945
25940,0.07187511267178946
25941,0.09831774697482025
25942,0.10780082751501731
25943,0.0895851163769912
25944,0.06326265912384453
25945,0.11807880307813506
25946,0.037593946162112056
25947,0.1253937758578759
25948,0.05744527367010645
25949,0.11113633246221037
25950,0.06962564382891834
25951,0.06532098566628583
25952,0.05562035029109824
25953,0.06126494107819702
25954,0.04014987964502801
25955,0.06126494107819702
25956,0.05562035029109824
25957,0.05562035029109824
25958,0.04148951147230672
25959,0.050467859648565414
25960,0.11456179056371053
25961,0.10455365490510782
25962,0.03637532268518375
25963,0.04287184471684473
25964,0.1013931778423964
25965,0.07657630222726251
25966,0.044298105555134894
25967,0.050467859648565414
25968,0.02136725069186659
25969,0.07187511267178946
25970,0.07657630222726251
25971,0.14969342319192988
25972,0.026109748256448687
25973,0.06532098566628583
25974,0.04576954626093176
25975,0.13309352252567752
25976,0.06962564382891834
25977,0.0521330604156563
25978,0.03637532268518375
25979,0.09241538285980007
25980,0.02442486287796552
25981,0.09532570362584843
25982,0.022094611379221522
25983,0.09241538285980007
25984,0.04014987964502801
25985,0.019322932527049887
25986,0.08683323524129412
25987,0.08415807244319695
25988,0.08155796530189055
25989,0.01868507284109021
25990,0.04885310630405945
25991,0.037593946162112056
25992,0.02284615406529167
25993,0.04148951147230672
25994,0.04576954626093176
25995,0.07903125771029479
25996,0.05744527367010645
25997,0.08155796530189055
25998,0.09831774697482025
25999,0.02885097064418959
26000,0.09241538285980007
26001,0.059326311972524026
26002,0.05385008895239068
26003,0.0472874451224437
26004,0.09532570362584843
26005,0.04576954626093176
26006,0.02442486287796552
26007,0.02885097064418959
26008,0.14969342319192988
26009,0.07187511267178946
26010,0.1411897434506853
26011,0.04885310630405945
26012,0.031870571610423684
26013,0.03637532268518375
26014,0.050467859648565414
26015,0.04148951147230672
26016,0.07419146202147729
26017,0.1013931778423964
26018,0.06962564382891834
26019,0.02790753622320684
26020,0.1411897434506853
26021,0.1370913686325979
26022,0.04014987964502801
26023,0.05385008895239068
26024,0.02525362158524688
26025,0.0340511524412236
26026,0.059326311972524026
26027,0.06126494107819702
26028,0.11456179056371053
26029,0.13309352252567752
26030,0.02790753622320684
26031,0.05744527367010645
26032,0.07903125771029479
26033,0.023622642765858633
26034,0.029825320005255892
26035,0.07419146202147729
26036,0.03294343905785485
26037,0.07657630222726251
26038,0.02525362158524688
26039,0.04287184471684473
26040,0.050467859648565414
26041,0.08683323524129412
26042,0.07419146202147729
26043,0.023622642765858633
26044,0.07657630222726251
26045,0.05562035029109824
26046,0.09241538285980007
26047,0.044298105555134894
26048,0.07657630222726251
26049,0.05744527367010645
26050,0.06532098566628583
26051,0.06326265912384453
26052,0.10455365490510782
26053,0.07903125771029479
26054,0.04148951147230672
26055,0.0472874451224437
26056,0.04287184471684473
26057,0.08683323524129412
26058,0.06532098566628583
26059,0.05385008895239068
26060,0.1253937758578759
26061,0.031870571610423684
26062,0.04885310630405945
26063,0.11456179056371053
26064,0.03637532268518375
26065,0.04576954626093176
26066,0.05744527367010645
26067,0.031870571610423684
26068,0.04148951147230672
26069,0.06532098566628583
26070,0.01998212368725082
26071,0.07903125771029479
26072,0.03294343905785485
26073,0.0895851163769912
26074,0.06126494107819702
26075,0.03294343905785485
26076,0.07187511267178946
26077,0.06532098566628583
26078,0.10455365490510782
26079,0.06126494107819702
26080,0.026109748256448687
26081,0.07903125771029479
26082,0.06126494107819702
26083,0.059326311972524026
26084,0.03885174918700678
26085,0.09831774697482025
26086,0.09532570362584843
26087,0.023622642765858633
26088,0.04148951147230672
26089,0.04148951147230672
26090,0.03637532268518375
26091,0.07419146202147729
26092,0.04576954626093176
26093,0.07419146202147729
26094,0.0472874451224437
26095,0.06126494107819702
26096,0.0521330604156563
26097,0.06126494107819702
26098,0.08415807244319695
26099,0.0472874451224437
26100,0.0340511524412236
26101,0.029825320005255892
26102,0.07187511267178946
26103,0.031870571610423684
26104,0.06744146074358998
26105,0.11807880307813506
26106,0.05562035029109824
26107,0.08155796530189055
26108,0.03885174918700678
26109,0.05385008895239068
26110,0.0472874451224437
26111,0.02442486287796552
26112,0.059326311972524026
26113,0.07187511267178946
26114,0.07187511267178946
26115,0.07657630222726251
26116,0.04014987964502801
26117,0.044298105555134894
26118,0.12919480614845036
26119,0.030831530235430404
26120,0.07657630222726251
26121,0.09241538285980007
26122,0.06326265912384453
26123,0.04885310630405945
26124,0.044298105555134894
26125,0.04014987964502801
26126,0.044298105555134894
26127,0.10780082751501731
26128,0.05385008895239068
26129,0.037593946162112056
26130,0.0472874451224437
26131,0.09241538285980007
26132,0.0521330604156563
26133,0.04148951147230672
26134,0.044298105555134894
26135,0.11456179056371053
26136,0.03885174918700678
26137,0.09532570362584843
26138,0.02442486287796552
26139,0.035194756820265335
26140,0.06744146074358998
26141,0.12168894794618093
26142,0.05562035029109824
26143,0.08415807244319695
26144,0.0521330604156563
26145,0.04014987964502801
26146,0.08683323524129412
26147,0.044298105555134894
26148,0.06962564382891834
26149,0.05385008895239068
26150,0.05744527367010645
26151,0.05562035029109824
26152,0.03294343905785485
26153,0.08415807244319695
26154,0.02885097064418959
26155,0.035194756820265335
26156,0.04885310630405945
26157,0.02525362158524688
26158,0.050467859648565414
26159,0.030831530235430404
26160,0.04576954626093176
26161,0.12919480614845036
26162,0.09831774697482025
26163,0.14969342319192988
26164,0.07187511267178946
26165,0.04576954626093176
26166,0.07657630222726251
26167,0.04014987964502801
26168,0.08155796530189055
26169,0.11456179056371053
26170,0.05744527367010645
26171,0.037593946162112056
26172,0.037593946162112056
26173,0.030831530235430404
26174,0.06532098566628583
26175,0.08683323524129412
26176,0.050467859648565414
26177,0.04885310630405945
26178,0.05744527367010645
26179,0.06744146074358998
26180,0.031870571610423684
26181,0.02885097064418959
26182,0.02790753622320684
26183,0.05385008895239068
26184,0.05744527367010645
26185,0.04885310630405945
26186,0.04576954626093176
26187,0.06126494107819702
26188,0.04576954626093176
26189,0.10455365490510782
26190,0.13309352252567752
26191,0.10455365490510782
26192,0.1411897434506853
26193,0.0472874451224437
26194,0.08155796530189055
26195,0.14969342319192988
26196,0.08683323524129412
26197,0.06744146074358998
26198,0.02885097064418959
26199,0.07903125771029479
26200,0.05744527367010645
26201,0.026994094835726477
26202,0.07419146202147729
26203,0.02136725069186659
26204,0.05385008895239068
26205,0.05562035029109824
26206,0.0895851163769912
26207,0.06744146074358998
26208,0.06326265912384453
26209,0.07187511267178946
26210,0.035194756820265335
26211,0.11113633246221037
26212,0.13309352252567752
26213,0.04287184471684473
26214,0.1253937758578759
26215,0.044298105555134894
26216,0.020663328957880672
26217,0.035194756820265335
26218,0.050467859648565414
26219,0.06532098566628583
26220,0.08415807244319695
26221,0.06126494107819702
26222,0.035194756820265335
26223,0.07657630222726251
26224,0.04287184471684473
26225,0.08683323524129412
26226,0.03885174918700678
26227,0.12168894794618093
26228,0.03294343905785485
26229,0.05744527367010645
26230,0.04576954626093176
26231,0.09532570362584843
26232,0.09831774697482025
26233,0.07187511267178946
26234,0.07657630222726251
26235,0.050467859648565414
26236,0.10455365490510782
26237,0.07187511267178946
26238,0.07903125771029479
26239,0.031870571610423684
26240,0.10780082751501731
26241,0.0472874451224437
26242,0.04014987964502801
26243,0.04576954626093176
26244,0.06326265912384453
26245,0.11113633246221037
26246,0.13309352252567752
26247,0.06126494107819702
26248,0.09831774697482025
26249,0.06126494107819702
26250,0.029825320005255892
26251,0.07657630222726251
26252,0.05744527367010645
26253,0.10780082751501731
26254,0.03885174918700678
26255,0.03294343905785485
26256,0.037593946162112056
26257,0.04576954626093176
26258,0.02790753622320684
26259,0.037593946162112056
26260,0.030831530235430404
26261,0.12168894794618093
26262,0.04576954626093176
26263,0.07187511267178946
26264,0.11113633246221037
26265,0.07657630222726251
26266,0.03294343905785485
26267,0.06744146074358998
26268,0.04287184471684473
26269,0.026109748256448687
26270,0.04576954626093176
26271,0.1411897434506853
26272,0.10455365490510782
26273,0.09241538285980007
26274,0.06962564382891834
26275,0.06744146074358998
26276,0.029825320005255892
26277,0.12168894794618093
26278,0.02885097064418959
26279,0.05744527367010645
26280,0.04885310630405945
26281,0.09831774697482025
26282,0.07187511267178946
26283,0.035194756820265335
26284,0.01998212368725082
26285,0.0895851163769912
26286,0.029825320005255892
26287,0.035194756820265335
26288,0.0340511524412236
26289,0.06126494107819702
26290,0.11456179056371053
26291,0.08415807244319695
26292,0.05744527367010645
26293,0.1013931778423964
26294,0.03885174918700678
26295,0.06962564382891834
26296,0.08155796530189055
26297,0.13309352252567752
26298,0.059326311972524026
26299,0.07419146202147729
26300,0.08683323524129412
26301,0.031870571610423684
26302,0.0521330604156563
26303,0.08155796530189055
26304,0.050467859648565414
26305,0.08683323524129412
26306,0.07187511267178946
26307,0.059326311972524026
26308,0.05744527367010645
26309,0.09532570362584843
26310,0.11807880307813506
26311,0.035194756820265335
26312,0.037593946162112056
26313,0.06326265912384453
26314,0.03637532268518375
26315,0.04287184471684473
26316,0.02525362158524688
26317,0.08155796530189055
26318,0.04014987964502801
26319,0.07903125771029479
26320,0.14538999654972165
26321,0.0472874451224437
26322,0.14538999654972165
26323,0.06532098566628583
26324,0.11807880307813506
26325,0.026994094835726477
26326,0.05385008895239068
26327,0.07187511267178946
26328,0.14538999654972165
26329,0.05744527367010645
26330,0.03885174918700678
26331,0.044298105555134894
26332,0.031870571610423684
26333,0.08155796530189055
26334,0.04287184471684473
26335,0.1253937758578759
26336,0.0521330604156563
26337,0.026994094835726477
26338,0.0895851163769912
26339,0.05744527367010645
26340,0.035194756820265335
26341,0.07187511267178946
26342,0.044298105555134894
26343,0.04576954626093176
26344,0.0472874451224437
26345,0.07903125771029479
26346,0.09532570362584843
26347,0.06962564382891834
26348,0.10780082751501731
26349,0.06962564382891834
26350,0.037593946162112056
26351,0.06744146074358998
26352,0.14538999654972165
26353,0.03885174918700678
26354,0.059326311972524026
26355,0.06326265912384453
26356,0.1253937758578759
26357,0.1370913686325979
26358,0.04576954626093176
26359,0.13309352252567752
26360,0.04014987964502801
26361,0.0895851163769912
26362,0.06744146074358998
26363,0.06962564382891834
26364,0.11807880307813506
26365,0.10455365490510782
26366,0.12919480614845036
26367,0.0472874451224437
26368,0.11807880307813506
26369,0.10780082751501731
26370,0.12168894794618093
26371,0.04287184471684473
26372,0.0895851163769912
26373,0.07187511267178946
26374,0.0521330604156563
26375,0.07187511267178946
26376,0.06532098566628583
26377,0.07187511267178946
26378,0.050467859648565414
26379,0.10780082751501731
26380,0.11456179056371053
26381,0.023622642765858633
26382,0.029825320005255892
26383,0.04148951147230672
26384,0.06532098566628583
26385,0.05385008895239068
26386,0.07419146202147729
26387,0.06744146074358998
26388,0.023622642765858633
26389,0.02525362158524688
26390,0.12168894794618093
26391,0.023622642765858633
26392,0.11113633246221037
26393,0.06744146074358998
26394,0.08415807244319695
26395,0.06744146074358998
26396,0.02525362158524688
26397,0.044298105555134894
26398,0.031870571610423684
26399,0.11456179056371053
26400,0.05562035029109824
26401,0.04287184471684473
26402,0.06126494107819702
26403,0.04014987964502801
26404,0.07903125771029479
26405,0.07657630222726251
26406,0.04576954626093176
26407,0.06962564382891834
26408,0.02136725069186659
26409,0.030831530235430404
26410,0.06962564382891834
26411,0.1253937758578759
26412,0.05562035029109824
26413,0.06326265912384453
26414,0.12168894794618093
26415,0.04576954626093176
26416,0.07903125771029479
26417,0.059326311972524026
26418,0.04014987964502801
26419,0.11113633246221037
26420,0.050467859648565414
26421,0.022094611379221522
26422,0.11456179056371053
26423,0.02885097064418959
26424,0.04576954626093176
26425,0.023622642765858633
26426,0.02284615406529167
26427,0.0895851163769912
26428,0.08415807244319695
26429,0.11807880307813506
26430,0.05385008895239068
26431,0.02885097064418959
26432,0.059326311972524026
26433,0.12919480614845036
26434,0.035194756820265335
26435,0.04576954626093176
26436,0.11807880307813506
26437,0.0340511524412236
26438,0.06126494107819702
26439,0.0340511524412236
26440,0.09532570362584843
26441,0.12168894794618093
26442,0.022094611379221522
26443,0.1013931778423964
26444,0.029825320005255892
26445,0.1411897434506853
26446,0.031870571610423684
26447,0.044298105555134894
26448,0.04885310630405945
26449,0.09532570362584843
26450,0.05744527367010645
26451,0.11807880307813506
26452,0.0521330604156563
26453,0.04014987964502801
26454,0.04576954626093176
26455,0.044298105555134894
26456,0.037593946162112056
26457,0.03885174918700678
26458,0.06962564382891834
26459,0.15410125929925808
26460,0.11113633246221037
26461,0.0472874451224437
26462,0.037593946162112056
26463,0.1253937758578759
26464,0.07419146202147729
26465,0.09532570362584843
26466,0.030831530235430404
26467,0.10455365490510782
26468,0.0521330604156563
26469,0.03885174918700678
26470,0.12168894794618093
26471,0.02790753622320684
26472,0.0340511524412236
26473,0.05744527367010645
26474,0.07903125771029479
26475,0.08415807244319695
26476,0.12168894794618093
26477,0.03637532268518375
26478,0.10780082751501731
26479,0.031870571610423684
26480,0.14538999654972165
26481,0.05562035029109824
26482,0.04014987964502801
26483,0.15410125929925808
26484,0.0521330604156563
26485,0.04885310630405945
26486,0.12919480614845036
26487,0.06532098566628583
26488,0.1013931778423964
26489,0.08155796530189055
26490,0.05385008895239068
26491,0.044298105555134894
26492,0.0340511524412236
26493,0.037593946162112056
26494,0.0521330604156563
26495,0.1253937758578759
26496,0.037593946162112056
26497,0.06532098566628583
26498,0.04148951147230672
26499,0.06126494107819702
26500,0.1013931778423964
26501,0.031870571610423684
26502,0.07187511267178946
26503,0.020663328957880672
26504,0.06744146074358998
26505,0.06326265912384453
26506,0.04885310630405945
26507,0.02790753622320684
26508,0.044298105555134894
26509,0.07657630222726251
26510,0.01998212368725082
26511,0.11113633246221037
26512,0.14538999654972165
26513,0.06126494107819702
26514,0.07187511267178946
26515,0.06326265912384453
26516,0.02790753622320684
26517,0.11456179056371053
26518,0.08155796530189055
26519,0.1253937758578759
26520,0.04014987964502801
26521,0.07187511267178946
26522,0.02885097064418959
26523,0.07657630222726251
26524,0.050467859648565414
26525,0.05562035029109824
26526,0.08155796530189055
26527,0.14969342319192988
26528,0.06326265912384453
26529,0.1013931778423964
26530,0.04287184471684473
26531,0.1253937758578759
26532,0.07419146202147729
26533,0.050467859648565414
26534,0.1253937758578759
26535,0.037593946162112056
26536,0.10455365490510782
26537,0.08415807244319695
26538,0.0521330604156563
26539,0.09532570362584843
26540,0.07657630222726251
26541,0.04148951147230672
26542,0.08415807244319695
26543,0.09532570362584843
26544,0.08155796530189055
26545,0.031870571610423684
26546,0.11456179056371053
26547,0.04014987964502801
26548,0.14538999654972165
26549,0.10780082751501731
26550,0.09532570362584843
26551,0.08415807244319695
26552,0.08415807244319695
26553,0.11113633246221037
26554,0.044298105555134894
26555,0.02442486287796552
26556,0.12168894794618093
26557,0.01998212368725082
26558,0.07657630222726251
26559,0.02136725069186659
26560,0.05385008895239068
26561,0.0895851163769912
26562,0.06326265912384453
26563,0.02885097064418959
26564,0.0895851163769912
26565,0.059326311972524026
26566,0.01868507284109021
26567,0.12168894794618093
26568,0.04885310630405945
26569,0.1013931778423964
26570,0.037593946162112056
26571,0.059326311972524026
26572,0.03637532268518375
26573,0.04287184471684473
26574,0.1013931778423964
26575,0.05385008895239068
26576,0.1370913686325979
26577,0.059326311972524026
26578,0.04148951147230672
26579,0.05385008895239068
26580,0.10780082751501731
26581,0.050467859648565414
26582,0.03294343905785485
26583,0.04148951147230672
26584,0.06326265912384453
26585,0.020663328957880672
26586,0.1253937758578759
26587,0.09831774697482025
26588,0.11113633246221037
26589,0.07187511267178946
26590,0.07903125771029479
26591,0.09241538285980007
26592,0.0521330604156563
26593,0.11456179056371053
26594,0.04014987964502801
26595,0.023622642765858633
26596,0.07187511267178946
26597,0.0521330604156563
26598,0.09241538285980007
26599,0.035194756820265335
26600,0.06326265912384453
26601,0.04885310630405945
26602,0.09532570362584843
26603,0.03637532268518375
26604,0.037593946162112056
26605,0.03294343905785485
26606,0.04014987964502801
26607,0.029825320005255892
26608,0.1013931778423964
26609,0.1253937758578759
26610,0.04885310630405945
26611,0.06962564382891834
26612,0.0340511524412236
26613,0.08683323524129412
26614,0.07419146202147729
26615,0.1253937758578759
26616,0.06744146074358998
26617,0.06962564382891834
26618,0.031870571610423684
26619,0.06326265912384453
26620,0.07187511267178946
26621,0.04287184471684473
26622,0.06326265912384453
26623,0.07187511267178946
26624,0.06744146074358998
26625,0.03637532268518375
26626,0.04885310630405945
26627,0.13309352252567752
26628,0.02790753622320684
26629,0.04885310630405945
26630,0.0895851163769912
26631,0.09241538285980007
26632,0.12168894794618093
26633,0.07903125771029479
26634,0.03637532268518375
26635,0.13309352252567752
26636,0.04148951147230672
26637,0.01806788128844435
26638,0.06744146074358998
26639,0.06962564382891834
26640,0.06326265912384453
26641,0.029825320005255892
26642,0.06962564382891834
26643,0.0895851163769912
26644,0.06532098566628583
26645,0.07419146202147729
26646,0.11456179056371053
26647,0.06126494107819702
26648,0.11807880307813506
26649,0.03885174918700678
26650,0.11113633246221037
26651,0.050467859648565414
26652,0.07657630222726251
26653,0.04287184471684473
26654,0.0521330604156563
26655,0.07419146202147729
26656,0.08683323524129412
26657,0.031870571610423684
26658,0.0895851163769912
26659,0.026109748256448687
26660,0.10780082751501731
26661,0.05744527367010645
26662,0.04576954626093176
26663,0.11113633246221037
26664,0.05562035029109824
26665,0.07903125771029479
26666,0.05385008895239068
26667,0.029825320005255892
26668,0.07187511267178946
26669,0.04576954626093176
26670,0.07903125771029479
26671,0.08155796530189055
26672,0.059326311972524026
26673,0.02525362158524688
26674,0.04287184471684473
26675,0.07187511267178946
26676,0.03294343905785485
26677,0.0521330604156563
26678,0.04885310630405945
26679,0.06326265912384453
26680,0.08415807244319695
26681,0.0521330604156563
26682,0.044298105555134894
26683,0.026109748256448687
26684,0.0472874451224437
26685,0.07419146202147729
26686,0.10780082751501731
26687,0.12168894794618093
26688,0.08415807244319695
26689,0.029825320005255892
26690,0.05385008895239068
26691,0.09241538285980007
26692,0.029825320005255892
26693,0.07419146202147729
26694,0.06126494107819702
26695,0.05385008895239068
26696,0.05744527367010645
26697,0.07187511267178946
26698,0.044298105555134894
26699,0.06326265912384453
26700,0.07903125771029479
26701,0.02525362158524688
26702,0.06962564382891834
26703,0.03637532268518375
26704,0.08683323524129412
26705,0.050467859648565414
26706,0.07657630222726251
26707,0.031870571610423684
26708,0.1370913686325979
26709,0.06532098566628583
26710,0.030831530235430404
26711,0.11807880307813506
26712,0.06532098566628583
26713,0.030831530235430404
26714,0.06532098566628583
26715,0.04885310630405945
26716,0.04576954626093176
26717,0.07419146202147729
26718,0.11456179056371053
26719,0.08683323524129412
26720,0.07657630222726251
26721,0.11113633246221037
26722,0.030831530235430404
26723,0.08683323524129412
26724,0.05385008895239068
26725,0.037593946162112056
26726,0.03637532268518375
26727,0.07187511267178946
26728,0.08155796530189055
26729,0.05385008895239068
26730,0.02790753622320684
26731,0.0472874451224437
26732,0.059326311972524026
26733,0.06326265912384453
26734,0.06532098566628583
26735,0.06326265912384453
26736,0.012899734025195017
26737,0.1013931778423964
26738,0.08683323524129412
26739,0.0521330604156563
26740,0.026109748256448687
26741,0.031870571610423684
26742,0.044298105555134894
26743,0.03885174918700678
26744,0.0472874451224437
26745,0.06126494107819702
26746,0.11113633246221037
26747,0.07187511267178946
26748,0.07187511267178946
26749,0.059326311972524026
26750,0.06532098566628583
26751,0.07187511267178946
26752,0.09831774697482025
26753,0.0472874451224437
26754,0.0895851163769912
26755,0.0521330604156563
26756,0.0340511524412236
26757,0.08683323524129412
26758,0.05744527367010645
26759,0.037593946162112056
26760,0.09532570362584843
26761,0.09241538285980007
26762,0.05562035029109824
26763,0.07657630222726251
26764,0.09241538285980007
26765,0.059326311972524026
26766,0.10455365490510782
26767,0.01868507284109021
26768,0.07419146202147729
26769,0.13309352252567752
26770,0.04287184471684473
26771,0.08415807244319695
26772,0.08683323524129412
26773,0.10455365490510782
26774,0.11456179056371053
26775,0.04576954626093176
26776,0.07903125771029479
26777,0.059326311972524026
26778,0.14969342319192988
26779,0.06532098566628583
26780,0.04014987964502801
26781,0.05562035029109824
26782,0.050467859648565414
26783,0.08683323524129412
26784,0.031870571610423684
26785,0.0521330604156563
26786,0.031870571610423684
26787,0.04885310630405945
26788,0.10780082751501731
26789,0.1013931778423964
26790,0.03637532268518375
26791,0.06326265912384453
26792,0.029825320005255892
26793,0.0521330604156563
26794,0.08415807244319695
26795,0.09241538285980007
26796,0.06532098566628583
26797,0.0340511524412236
26798,0.07903125771029479
26799,0.09532570362584843
26800,0.1253937758578759
26801,0.10780082751501731
26802,0.12168894794618093
26803,0.09831774697482025
26804,0.06126494107819702
26805,0.13309352252567752
26806,0.035194756820265335
26807,0.07419146202147729
26808,0.05385008895239068
26809,0.07187511267178946
26810,0.0521330604156563
26811,0.04287184471684473
26812,0.0521330604156563
26813,0.10455365490510782
26814,0.04014987964502801
26815,0.11456179056371053
26816,0.03885174918700678
26817,0.11113633246221037
26818,0.030831530235430404
26819,0.12919480614845036
26820,0.06126494107819702
26821,0.06532098566628583
26822,0.05385008895239068
26823,0.07419146202147729
26824,0.08415807244319695
26825,0.03637532268518375
26826,0.04287184471684473
26827,0.0521330604156563
26828,0.10455365490510782
26829,0.07187511267178946
26830,0.09831774697482025
26831,0.07903125771029479
26832,0.07657630222726251
26833,0.06126494107819702
26834,0.05385008895239068
26835,0.1253937758578759
26836,0.059326311972524026
26837,0.05385008895239068
26838,0.06326265912384453
26839,0.03294343905785485
26840,0.059326311972524026
26841,0.06126494107819702
26842,0.05385008895239068
26843,0.05385008895239068
26844,0.031870571610423684
26845,0.05744527367010645
26846,0.050467859648565414
26847,0.044298105555134894
26848,0.11113633246221037
26849,0.08415807244319695
26850,0.04885310630405945
26851,0.037593946162112056
26852,0.06532098566628583
26853,0.03637532268518375
26854,0.11807880307813506
26855,0.04148951147230672
26856,0.08415807244319695
26857,0.12168894794618093
26858,0.04885310630405945
26859,0.08155796530189055
26860,0.12919480614845036
26861,0.08155796530189055
26862,0.04885310630405945
26863,0.02525362158524688
26864,0.06744146074358998
26865,0.050467859648565414
26866,0.06326265912384453
26867,0.06962564382891834
26868,0.13309352252567752
26869,0.04287184471684473
26870,0.0340511524412236
26871,0.029825320005255892
26872,0.06532098566628583
26873,0.06532098566628583
26874,0.0895851163769912
26875,0.08415807244319695
26876,0.06326265912384453
26877,0.07903125771029479
26878,0.07419146202147729
26879,0.06326265912384453
26880,0.15410125929925808
26881,0.07187511267178946
26882,0.01998212368725082
26883,0.02885097064418959
26884,0.05744527367010645
26885,0.04014987964502801
26886,0.04287184471684473
26887,0.06326265912384453
26888,0.06126494107819702
26889,0.06126494107819702
26890,0.07187511267178946
26891,0.03637532268518375
26892,0.10455365490510782
26893,0.050467859648565414
26894,0.06126494107819702
26895,0.09831774697482025
26896,0.06532098566628583
26897,0.12168894794618093
26898,0.06532098566628583
26899,0.06744146074358998
26900,0.05385008895239068
26901,0.08683323524129412
26902,0.06744146074358998
26903,0.13309352252567752
26904,0.06962564382891834
26905,0.0340511524412236
26906,0.0521330604156563
26907,0.05385008895239068
26908,0.05744527367010645
26909,0.1253937758578759
26910,0.07187511267178946
26911,0.06744146074358998
26912,0.15861467629411466
26913,0.050467859648565414
26914,0.08415807244319695
26915,0.037593946162112056
26916,0.0472874451224437
26917,0.07187511267178946
26918,0.06532098566628583
26919,0.07903125771029479
26920,0.029825320005255892
26921,0.14538999654972165
26922,0.06962564382891834
26923,0.03885174918700678
26924,0.07187511267178946
26925,0.05385008895239068
26926,0.04148951147230672
26927,0.1411897434506853
26928,0.08415807244319695
26929,0.07903125771029479
26930,0.02790753622320684
26931,0.01998212368725082
26932,0.09831774697482025
26933,0.09532570362584843
26934,0.05562035029109824
26935,0.07657630222726251
26936,0.05744527367010645
26937,0.037593946162112056
26938,0.06532098566628583
26939,0.030831530235430404
26940,0.04287184471684473
26941,0.08415807244319695
26942,0.04014987964502801
26943,0.03637532268518375
26944,0.07657630222726251
26945,0.11456179056371053
26946,0.06326265912384453
26947,0.05744527367010645
26948,0.10780082751501731
26949,0.06326265912384453
26950,0.05385008895239068
26951,0.020663328957880672
26952,0.06126494107819702
26953,0.10455365490510782
26954,0.09241538285980007
26955,0.04885310630405945
26956,0.031870571610423684
26957,0.09532570362584843
26958,0.06962564382891834
26959,0.07419146202147729
26960,0.12168894794618093
26961,0.035194756820265335
26962,0.06962564382891834
26963,0.08155796530189055
26964,0.026109748256448687
26965,0.08415807244319695
26966,0.0472874451224437
26967,0.023622642765858633
26968,0.06962564382891834
26969,0.0521330604156563
26970,0.07903125771029479
26971,0.09241538285980007
26972,0.0340511524412236
26973,0.06744146074358998
26974,0.0472874451224437
26975,0.04014987964502801
26976,0.04287184471684473
26977,0.04885310630405945
26978,0.10455365490510782
26979,0.09241538285980007
26980,0.08415807244319695
26981,0.09532570362584843
26982,0.044298105555134894
26983,0.02284615406529167
26984,0.12919480614845036
26985,0.11807880307813506
26986,0.06126494107819702
26987,0.02885097064418959
26988,0.10455365490510782
26989,0.07187511267178946
26990,0.1013931778423964
26991,0.023622642765858633
26992,0.04287184471684473
26993,0.10455365490510782
26994,0.026109748256448687
26995,0.08155796530189055
26996,0.05562035029109824
26997,0.07903125771029479
26998,0.15410125929925808
26999,0.026994094835726477
27000,0.07419146202147729
27001,0.04576954626093176
27002,0.031870571610423684
27003,0.07657630222726251
27004,0.07903125771029479
27005,0.04014987964502801
27006,0.05562035029109824
27007,0.1370913686325979
27008,0.1253937758578759
27009,0.029825320005255892
27010,0.11113633246221037
27011,0.029825320005255892
27012,0.08415807244319695
27013,0.059326311972524026
27014,0.05385008895239068
27015,0.08155796530189055
27016,0.02885097064418959
27017,0.05385008895239068
27018,0.03294343905785485
27019,0.1370913686325979
27020,0.0521330604156563
27021,0.06326265912384453
27022,0.03885174918700678
27023,0.031870571610423684
27024,0.04287184471684473
27025,0.08683323524129412
27026,0.04885310630405945
27027,0.059326311972524026
27028,0.06126494107819702
27029,0.07419146202147729
27030,0.07903125771029479
27031,0.030831530235430404
27032,0.04576954626093176
27033,0.07657630222726251
27034,0.1013931778423964
27035,0.06326265912384453
27036,0.04287184471684473
27037,0.08415807244319695
27038,0.0472874451224437
27039,0.03637532268518375
27040,0.050467859648565414
27041,0.08155796530189055
27042,0.0521330604156563
27043,0.07657630222726251
27044,0.04148951147230672
27045,0.1013931778423964
27046,0.059326311972524026
27047,0.07903125771029479
27048,0.04014987964502801
27049,0.11807880307813506
27050,0.05744527367010645
27051,0.0521330604156563
27052,0.04885310630405945
27053,0.0895851163769912
27054,0.08683323524129412
27055,0.10780082751501731
27056,0.06326265912384453
27057,0.059326311972524026
27058,0.05744527367010645
27059,0.08683323524129412
27060,0.07903125771029479
27061,0.07903125771029479
27062,0.10780082751501731
27063,0.10780082751501731
27064,0.050467859648565414
27065,0.11456179056371053
27066,0.07657630222726251
27067,0.035194756820265335
27068,0.07187511267178946
27069,0.030831530235430404
27070,0.030831530235430404
27071,0.03637532268518375
27072,0.09831774697482025
27073,0.044298105555134894
27074,0.06126494107819702
27075,0.0472874451224437
27076,0.06326265912384453
27077,0.09532570362584843
27078,0.0472874451224437
27079,0.05385008895239068
27080,0.07187511267178946
27081,0.0340511524412236
27082,0.026994094835726477
27083,0.09241538285980007
27084,0.04014987964502801
27085,0.0472874451224437
27086,0.09241538285980007
27087,0.10780082751501731
27088,0.059326311972524026
27089,0.037593946162112056
27090,0.11807880307813506
27091,0.10455365490510782
27092,0.04576954626093176
27093,0.037593946162112056
27094,0.06532098566628583
27095,0.0472874451224437
27096,0.07419146202147729
27097,0.07187511267178946
27098,0.06532098566628583
27099,0.06744146074358998
27100,0.09831774697482025
27101,0.13309352252567752
27102,0.0521330604156563
27103,0.059326311972524026
27104,0.06532098566628583
27105,0.04885310630405945
27106,0.07419146202147729
27107,0.0521330604156563
27108,0.07903125771029479
27109,0.06532098566628583
27110,0.059326311972524026
27111,0.1370913686325979
27112,0.07419146202147729
27113,0.07187511267178946
27114,0.059326311972524026
27115,0.06744146074358998
27116,0.0340511524412236
27117,0.09532570362584843
27118,0.050467859648565414
27119,0.10455365490510782
27120,0.04576954626093176
27121,0.0521330604156563
27122,0.01998212368725082
27123,0.07903125771029479
27124,0.05744527367010645
27125,0.12919480614845036
27126,0.1013931778423964
27127,0.12168894794618093
27128,0.04576954626093176
27129,0.0895851163769912
27130,0.09241538285980007
27131,0.07903125771029479
27132,0.04148951147230672
27133,0.044298105555134894
27134,0.04287184471684473
27135,0.0472874451224437
27136,0.04148951147230672
27137,0.06126494107819702
27138,0.02885097064418959
27139,0.09241538285980007
27140,0.037593946162112056
27141,0.07903125771029479
27142,0.035194756820265335
27143,0.06962564382891834
27144,0.04014987964502801
27145,0.06126494107819702
27146,0.031870571610423684
27147,0.05385008895239068
27148,0.050467859648565414
27149,0.06962564382891834
27150,0.04885310630405945
27151,0.02525362158524688
27152,0.044298105555134894
27153,0.05744527367010645
27154,0.07657630222726251
27155,0.031870571610423684
27156,0.05562035029109824
27157,0.13309352252567752
27158,0.03885174918700678
27159,0.06962564382891834
27160,0.03294343905785485
27161,0.04014987964502801
27162,0.06962564382891834
27163,0.14538999654972165
27164,0.07903125771029479
27165,0.06532098566628583
27166,0.10455365490510782
27167,0.08415807244319695
27168,0.0340511524412236
27169,0.026109748256448687
27170,0.08415807244319695
27171,0.0472874451224437
27172,0.07187511267178946
27173,0.0340511524412236
27174,0.12168894794618093
27175,0.08683323524129412
27176,0.08155796530189055
27177,0.01579318133211142
27178,0.09831774697482025
27179,0.04885310630405945
27180,0.11113633246221037
27181,0.023622642765858633
27182,0.037593946162112056
27183,0.04885310630405945
27184,0.08415807244319695
27185,0.07419146202147729
27186,0.05744527367010645
27187,0.09831774697482025
27188,0.0895851163769912
27189,0.10455365490510782
27190,0.04014987964502801
27191,0.1411897434506853
27192,0.10780082751501731
27193,0.06326265912384453
27194,0.11456179056371053
27195,0.11456179056371053
27196,0.06532098566628583
27197,0.04885310630405945
27198,0.12168894794618093
27199,0.08683323524129412
27200,0.12168894794618093
27201,0.10455365490510782
27202,0.04148951147230672
27203,0.04885310630405945
27204,0.1013931778423964
27205,0.04148951147230672
27206,0.08683323524129412
27207,0.05562035029109824
27208,0.029825320005255892
27209,0.0472874451224437
27210,0.08155796530189055
27211,0.07903125771029479
27212,0.05744527367010645
27213,0.06962564382891834
27214,0.04014987964502801
27215,0.09532570362584843
27216,0.04148951147230672
27217,0.04014987964502801
27218,0.04885310630405945
27219,0.05744527367010645
27220,0.07419146202147729
27221,0.05385008895239068
27222,0.05744527367010645
27223,0.035194756820265335
27224,0.06962564382891834
27225,0.11113633246221037
27226,0.04885310630405945
27227,0.06532098566628583
27228,0.037593946162112056
27229,0.04148951147230672
27230,0.09241538285980007
27231,0.02885097064418959
27232,0.04014987964502801
27233,0.03294343905785485
27234,0.04148951147230672
27235,0.06962564382891834
27236,0.10780082751501731
27237,0.10780082751501731
27238,0.07419146202147729
27239,0.10455365490510782
27240,0.02790753622320684
27241,0.04576954626093176
27242,0.05562035029109824
27243,0.06532098566628583
27244,0.03885174918700678
27245,0.02284615406529167
27246,0.06126494107819702
27247,0.06744146074358998
27248,0.04885310630405945
27249,0.1253937758578759
27250,0.09241538285980007
27251,0.11113633246221037
27252,0.06532098566628583
27253,0.06532098566628583
27254,0.02790753622320684
27255,0.0895851163769912
27256,0.06744146074358998
27257,0.08683323524129412
27258,0.029825320005255892
27259,0.09532570362584843
27260,0.02284615406529167
27261,0.0472874451224437
27262,0.050467859648565414
27263,0.0895851163769912
27264,0.04148951147230672
27265,0.0521330604156563
27266,0.04148951147230672
27267,0.044298105555134894
27268,0.05385008895239068
27269,0.04148951147230672
27270,0.06126494107819702
27271,0.05744527367010645
27272,0.023622642765858633
27273,0.10455365490510782
27274,0.0472874451224437
27275,0.11456179056371053
27276,0.06962564382891834
27277,0.10455365490510782
27278,0.11113633246221037
27279,0.02442486287796552
27280,0.07903125771029479
27281,0.08155796530189055
27282,0.04148951147230672
27283,0.07903125771029479
27284,0.0521330604156563
27285,0.09831774697482025
27286,0.0521330604156563
27287,0.03885174918700678
27288,0.13309352252567752
27289,0.07187511267178946
27290,0.035194756820265335
27291,0.05385008895239068
27292,0.07903125771029479
27293,0.031870571610423684
27294,0.04885310630405945
27295,0.059326311972524026
27296,0.06744146074358998
27297,0.050467859648565414
27298,0.09532570362584843
27299,0.02885097064418959
27300,0.050467859648565414
27301,0.10455365490510782
27302,0.0472874451224437
27303,0.035194756820265335
27304,0.02885097064418959
27305,0.07419146202147729
27306,0.05385008895239068
27307,0.06326265912384453
27308,0.12919480614845036
27309,0.04014987964502801
27310,0.02790753622320684
27311,0.12919480614845036
27312,0.14969342319192988
27313,0.06744146074358998
27314,0.07187511267178946
27315,0.06744146074358998
27316,0.1013931778423964
27317,0.030831530235430404
27318,0.07187511267178946
27319,0.04014987964502801
27320,0.0472874451224437
27321,0.050467859648565414
27322,0.07419146202147729
27323,0.0340511524412236
27324,0.10780082751501731
27325,0.13309352252567752
27326,0.059326311972524026
27327,0.11807880307813506
27328,0.11807880307813506
27329,0.12919480614845036
27330,0.11807880307813506
27331,0.1411897434506853
27332,0.06326265912384453
27333,0.1253937758578759
27334,0.02885097064418959
27335,0.02790753622320684
27336,0.03885174918700678
27337,0.059326311972524026
27338,0.08683323524129412
27339,0.05385008895239068
27340,0.08683323524129412
27341,0.08683323524129412
27342,0.01868507284109021
27343,0.06744146074358998
27344,0.08155796530189055
27345,0.04576954626093176
27346,0.09241538285980007
27347,0.08683323524129412
27348,0.06326265912384453
27349,0.044298105555134894
27350,0.037593946162112056
27351,0.05562035029109824
27352,0.09831774697482025
27353,0.07657630222726251
27354,0.044298105555134894
27355,0.05385008895239068
27356,0.04287184471684473
27357,0.08155796530189055
27358,0.06532098566628583
27359,0.04148951147230672
27360,0.05385008895239068
27361,0.08155796530189055
27362,0.0340511524412236
27363,0.07657630222726251
27364,0.1411897434506853
27365,0.10455365490510782
27366,0.05744527367010645
27367,0.02442486287796552
27368,0.11456179056371053
27369,0.07903125771029479
27370,0.1013931778423964
27371,0.059326311972524026
27372,0.1253937758578759
27373,0.06126494107819702
27374,0.031870571610423684
27375,0.08155796530189055
27376,0.059326311972524026
27377,0.04576954626093176
27378,0.08155796530189055
27379,0.07187511267178946
27380,0.050467859648565414
27381,0.1013931778423964
27382,0.026109748256448687
27383,0.035194756820265335
27384,0.0521330604156563
27385,0.07657630222726251
27386,0.11113633246221037
27387,0.08683323524129412
27388,0.07187511267178946
27389,0.03294343905785485
27390,0.02136725069186659
27391,0.07187511267178946
27392,0.0521330604156563
27393,0.06126494107819702
27394,0.0472874451224437
27395,0.037593946162112056
27396,0.037593946162112056
27397,0.07657630222726251
27398,0.04287184471684473
27399,0.0521330604156563
27400,0.09532570362584843
27401,0.06744146074358998
27402,0.05385008895239068
27403,0.022094611379221522
27404,0.05385008895239068
27405,0.059326311972524026
27406,0.031870571610423684
27407,0.03637532268518375
27408,0.11113633246221037
27409,0.0521330604156563
27410,0.04885310630405945
27411,0.026109748256448687
27412,0.09532570362584843
27413,0.09831774697482025
27414,0.01998212368725082
27415,0.06326265912384453
27416,0.0472874451224437
27417,0.10780082751501731
27418,0.05562035029109824
27419,0.08155796530189055
27420,0.10780082751501731
27421,0.02525362158524688
27422,0.05385008895239068
27423,0.08155796530189055
27424,0.1370913686325979
27425,0.0340511524412236
27426,0.12919480614845036
27427,0.02885097064418959
27428,0.04014987964502801
27429,0.05385008895239068
27430,0.059326311972524026
27431,0.03637532268518375
27432,0.11456179056371053
27433,0.14538999654972165
27434,0.019322932527049887
27435,0.05744527367010645
27436,0.01868507284109021
27437,0.08155796530189055
27438,0.044298105555134894
27439,0.0895851163769912
27440,0.01633396259861487
27441,0.06532098566628583
27442,0.12168894794618093
27443,0.06326265912384453
27444,0.12168894794618093
27445,0.0521330604156563
27446,0.07657630222726251
27447,0.03637532268518375
27448,0.08415807244319695
27449,0.04576954626093176
27450,0.03637532268518375
27451,0.06744146074358998
27452,0.08155796530189055
27453,0.023622642765858633
27454,0.14538999654972165
27455,0.059326311972524026
27456,0.07187511267178946
27457,0.05385008895239068
27458,0.050467859648565414
27459,0.09831774697482025
27460,0.05744527367010645
27461,0.0895851163769912
27462,0.04885310630405945
27463,0.029825320005255892
27464,0.030831530235430404
27465,0.1013931778423964
27466,0.01806788128844435
27467,0.11113633246221037
27468,0.059326311972524026
27469,0.026109748256448687
27470,0.04287184471684473
27471,0.09831774697482025
27472,0.026109748256448687
27473,0.04885310630405945
27474,0.07419146202147729
27475,0.15410125929925808
27476,0.037593946162112056
27477,0.059326311972524026
27478,0.026109748256448687
27479,0.037593946162112056
27480,0.1253937758578759
27481,0.08155796530189055
27482,0.01998212368725082
27483,0.09532570362584843
27484,0.04287184471684473
27485,0.03294343905785485
27486,0.12168894794618093
27487,0.15861467629411466
27488,0.0340511524412236
27489,0.04014987964502801
27490,0.05744527367010645
27491,0.030831530235430404
27492,0.05744527367010645
27493,0.02136725069186659
27494,0.044298105555134894
27495,0.03885174918700678
27496,0.09831774697482025
27497,0.04014987964502801
27498,0.04885310630405945
27499,0.0895851163769912
27500,0.06744146074358998
27501,0.04287184471684473
27502,0.08155796530189055
27503,0.05744527367010645
27504,0.07419146202147729
27505,0.11807880307813506
27506,0.04014987964502801
27507,0.07419146202147729
27508,0.06326265912384453
27509,0.037593946162112056
27510,0.030831530235430404
27511,0.050467859648565414
27512,0.08415807244319695
27513,0.09532570362584843
27514,0.11456179056371053
27515,0.02525362158524688
27516,0.06744146074358998
27517,0.0521330604156563
27518,0.02790753622320684
27519,0.04148951147230672
27520,0.09532570362584843
27521,0.1253937758578759
27522,0.1013931778423964
27523,0.06532098566628583
27524,0.07903125771029479
27525,0.06326265912384453
27526,0.0340511524412236
27527,0.10780082751501731
27528,0.044298105555134894
27529,0.1370913686325979
27530,0.1253937758578759
27531,0.12168894794618093
27532,0.06126494107819702
27533,0.1013931778423964
27534,0.04148951147230672
27535,0.04014987964502801
27536,0.037593946162112056
27537,0.07187511267178946
27538,0.0521330604156563
27539,0.059326311972524026
27540,0.04014987964502801
27541,0.07657630222726251
27542,0.044298105555134894
27543,0.02885097064418959
27544,0.04148951147230672
27545,0.04014987964502801
27546,0.07903125771029479
27547,0.07187511267178946
27548,0.1253937758578759
27549,0.12919480614845036
27550,0.07657630222726251
27551,0.09532570362584843
27552,0.05744527367010645
27553,0.07419146202147729
27554,0.08683323524129412
27555,0.04148951147230672
27556,0.08155796530189055
27557,0.11456179056371053
27558,0.07903125771029479
27559,0.05385008895239068
27560,0.06326265912384453
27561,0.04885310630405945
27562,0.06532098566628583
27563,0.03885174918700678
27564,0.07187511267178946
27565,0.030831530235430404
27566,0.07903125771029479
27567,0.037593946162112056
27568,0.04014987964502801
27569,0.06126494107819702
27570,0.04287184471684473
27571,0.05385008895239068
27572,0.11807880307813506
27573,0.11113633246221037
27574,0.044298105555134894
27575,0.11113633246221037
27576,0.08683323524129412
27577,0.059326311972524026
27578,0.08155796530189055
27579,0.037593946162112056
27580,0.026994094835726477
27581,0.029825320005255892
27582,0.030831530235430404
27583,0.059326311972524026
27584,0.05562035029109824
27585,0.022094611379221522
27586,0.05385008895239068
27587,0.03885174918700678
27588,0.02885097064418959
27589,0.044298105555134894
27590,0.026109748256448687
27591,0.035194756820265335
27592,0.12168894794618093
27593,0.11113633246221037
27594,0.06744146074358998
27595,0.1370913686325979
27596,0.08155796530189055
27597,0.05562035029109824
27598,0.05562035029109824
27599,0.06126494107819702
27600,0.03637532268518375
27601,0.026994094835726477
27602,0.0895851163769912
27603,0.07657630222726251
27604,0.04287184471684473
27605,0.059326311972524026
27606,0.11456179056371053
27607,0.0895851163769912
27608,0.04287184471684473
27609,0.09532570362584843
27610,0.06326265912384453
27611,0.0521330604156563
27612,0.030831530235430404
27613,0.02442486287796552
27614,0.059326311972524026
27615,0.06962564382891834
27616,0.04885310630405945
27617,0.08155796530189055
27618,0.08155796530189055
27619,0.029825320005255892
27620,0.06126494107819702
27621,0.08683323524129412
27622,0.04148951147230672
27623,0.07419146202147729
27624,0.07903125771029479
27625,0.02525362158524688
27626,0.1253937758578759
27627,0.04148951147230672
27628,0.07419146202147729
27629,0.05744527367010645
27630,0.0895851163769912
27631,0.12919480614845036
27632,0.05744527367010645
27633,0.06326265912384453
27634,0.04014987964502801
27635,0.0521330604156563
27636,0.13309352252567752
27637,0.02525362158524688
27638,0.026109748256448687
27639,0.05562035029109824
27640,0.09532570362584843
27641,0.05385008895239068
27642,0.04148951147230672
27643,0.07419146202147729
27644,0.08683323524129412
27645,0.08155796530189055
27646,0.06326265912384453
27647,0.026109748256448687
27648,0.15410125929925808
27649,0.08683323524129412
27650,0.12919480614845036
27651,0.05385008895239068
27652,0.1411897434506853
27653,0.016892943165924136
27654,0.08155796530189055
27655,0.08415807244319695
27656,0.1013931778423964
27657,0.12168894794618093
27658,0.05385008895239068
27659,0.06744146074358998
27660,0.04014987964502801
27661,0.09532570362584843
27662,0.030831530235430404
27663,0.08683323524129412
27664,0.05385008895239068
27665,0.04576954626093176
27666,0.07657630222726251
27667,0.02885097064418959
27668,0.03637532268518375
27669,0.05562035029109824
27670,0.037593946162112056
27671,0.03885174918700678
27672,0.020663328957880672
27673,0.04885310630405945
27674,0.0895851163769912
27675,0.04148951147230672
27676,0.07903125771029479
27677,0.029825320005255892
27678,0.07657630222726251
27679,0.07187511267178946
27680,0.09831774697482025
27681,0.03885174918700678
27682,0.04014987964502801
27683,0.03637532268518375
27684,0.15410125929925808
27685,0.12168894794618093
27686,0.050467859648565414
27687,0.10780082751501731
27688,0.04148951147230672
27689,0.09831774697482025
27690,0.05562035029109824
27691,0.04885310630405945
27692,0.09831774697482025
27693,0.10780082751501731
27694,0.035194756820265335
27695,0.03637532268518375
27696,0.059326311972524026
27697,0.10780082751501731
27698,0.05562035029109824
27699,0.026109748256448687
27700,0.026109748256448687
27701,0.06532098566628583
27702,0.09241538285980007
27703,0.030831530235430404
27704,0.09831774697482025
27705,0.09831774697482025
27706,0.05744527367010645
27707,0.11456179056371053
27708,0.04287184471684473
27709,0.0895851163769912
27710,0.06744146074358998
27711,0.03885174918700678
27712,0.0472874451224437
27713,0.04576954626093176
27714,0.07657630222726251
27715,0.04148951147230672
27716,0.03294343905785485
27717,0.04885310630405945
27718,0.07187511267178946
27719,0.04014987964502801
27720,0.059326311972524026
27721,0.12919480614845036
27722,0.07187511267178946
27723,0.14969342319192988
27724,0.07903125771029479
27725,0.035194756820265335
27726,0.0521330604156563
27727,0.059326311972524026
27728,0.06962564382891834
27729,0.04014987964502801
27730,0.05385008895239068
27731,0.11113633246221037
27732,0.031870571610423684
27733,0.07903125771029479
27734,0.08683323524129412
27735,0.10455365490510782
27736,0.05562035029109824
27737,0.11807880307813506
27738,0.06962564382891834
27739,0.05385008895239068
27740,0.1013931778423964
27741,0.04576954626093176
27742,0.05562035029109824
27743,0.037593946162112056
27744,0.11456179056371053
27745,0.044298105555134894
27746,0.0472874451224437
27747,0.08155796530189055
27748,0.10455365490510782
27749,0.09831774697482025
27750,0.09241538285980007
27751,0.09532570362584843
27752,0.04885310630405945
27753,0.13309352252567752
27754,0.05562035029109824
27755,0.037593946162112056
27756,0.12919480614845036
27757,0.04148951147230672
27758,0.059326311972524026
27759,0.059326311972524026
27760,0.04576954626093176
27761,0.030831530235430404
27762,0.09532570362584843
27763,0.02525362158524688
27764,0.06532098566628583
27765,0.08415807244319695
27766,0.08415807244319695
27767,0.08683323524129412
27768,0.0340511524412236
27769,0.1013931778423964
27770,0.04287184471684473
27771,0.07187511267178946
27772,0.06744146074358998
27773,0.035194756820265335
27774,0.09831774697482025
27775,0.06744146074358998
27776,0.09241538285980007
27777,0.0472874451224437
27778,0.059326311972524026
27779,0.08683323524129412
27780,0.026994094835726477
27781,0.05744527367010645
27782,0.06532098566628583
27783,0.15861467629411466
27784,0.04148951147230672
27785,0.06326265912384453
27786,0.03885174918700678
27787,0.026994094835726477
27788,0.06962564382891834
27789,0.07419146202147729
27790,0.0521330604156563
27791,0.07903125771029479
27792,0.04287184471684473
27793,0.08155796530189055
27794,0.03885174918700678
27795,0.07657630222726251
27796,0.08415807244319695
27797,0.044298105555134894
27798,0.10780082751501731
27799,0.02442486287796552
27800,0.06126494107819702
27801,0.0472874451224437
27802,0.02525362158524688
27803,0.09532570362584843
27804,0.10780082751501731
27805,0.10455365490510782
27806,0.05744527367010645
27807,0.06126494107819702
27808,0.03637532268518375
27809,0.04287184471684473
27810,0.04287184471684473
27811,0.04576954626093176
27812,0.07657630222726251
27813,0.10780082751501731
27814,0.050467859648565414
27815,0.04014987964502801
27816,0.06326265912384453
27817,0.07657630222726251
27818,0.07903125771029479
27819,0.05562035029109824
27820,0.02885097064418959
27821,0.04576954626093176
27822,0.05744527367010645
27823,0.030831530235430404
27824,0.07187511267178946
27825,0.11113633246221037
27826,0.02790753622320684
27827,0.04576954626093176
27828,0.07903125771029479
27829,0.031870571610423684
27830,0.12919480614845036
27831,0.10455365490510782
27832,0.09532570362584843
27833,0.04576954626093176
27834,0.07419146202147729
27835,0.06326265912384453
27836,0.0472874451224437
27837,0.05562035029109824
27838,0.04576954626093176
27839,0.031870571610423684
27840,0.05385008895239068
27841,0.11807880307813506
27842,0.04885310630405945
27843,0.03885174918700678
27844,0.0472874451224437
27845,0.013800835280468386
27846,0.07187511267178946
27847,0.06744146074358998
27848,0.0895851163769912
27849,0.10455365490510782
27850,0.04014987964502801
27851,0.07657630222726251
27852,0.10780082751501731
27853,0.04885310630405945
27854,0.08415807244319695
27855,0.031870571610423684
27856,0.13309352252567752
27857,0.05744527367010645
27858,0.07903125771029479
27859,0.03294343905785485
27860,0.03885174918700678
27861,0.031870571610423684
27862,0.037593946162112056
27863,0.08155796530189055
27864,0.10455365490510782
27865,0.02885097064418959
27866,0.07187511267178946
27867,0.06126494107819702
27868,0.09831774697482025
27869,0.029825320005255892
27870,0.10780082751501731
27871,0.044298105555134894
27872,0.1253937758578759
27873,0.09532570362584843
27874,0.044298105555134894
27875,0.03637532268518375
27876,0.0340511524412236
27877,0.10780082751501731
27878,0.0472874451224437
27879,0.023622642765858633
27880,0.04014987964502801
27881,0.035194756820265335
27882,0.08415807244319695
27883,0.04148951147230672
27884,0.06744146074358998
27885,0.08155796530189055
27886,0.059326311972524026
27887,0.0472874451224437
27888,0.01868507284109021
27889,0.07657630222726251
27890,0.09241538285980007
27891,0.07187511267178946
27892,0.0472874451224437
27893,0.14969342319192988
27894,0.1370913686325979
27895,0.11113633246221037
27896,0.10780082751501731
27897,0.08683323524129412
27898,0.06126494107819702
27899,0.044298105555134894
27900,0.037593946162112056
27901,0.04148951147230672
27902,0.0895851163769912
27903,0.04576954626093176
27904,0.11807880307813506
27905,0.037593946162112056
27906,0.059326311972524026
27907,0.0895851163769912
27908,0.029825320005255892
27909,0.08683323524129412
27910,0.07419146202147729
27911,0.05744527367010645
27912,0.07419146202147729
27913,0.044298105555134894
27914,0.08415807244319695
27915,0.04014987964502801
27916,0.09532570362584843
27917,0.12919480614845036
27918,0.0521330604156563
27919,0.06326265912384453
27920,0.12919480614845036
27921,0.08155796530189055
27922,0.11807880307813506
27923,0.08155796530189055
27924,0.059326311972524026
27925,0.05385008895239068
27926,0.10455365490510782
27927,0.0521330604156563
27928,0.04885310630405945
27929,0.04885310630405945
27930,0.09532570362584843
27931,0.07419146202147729
27932,0.08415807244319695
27933,0.059326311972524026
27934,0.050467859648565414
27935,0.10455365490510782
27936,0.026109748256448687
27937,0.04287184471684473
27938,0.02790753622320684
27939,0.04014987964502801
27940,0.07187511267178946
27941,0.0895851163769912
27942,0.04576954626093176
27943,0.029825320005255892
27944,0.10780082751501731
27945,0.04014987964502801
27946,0.06326265912384453
27947,0.09532570362584843
27948,0.044298105555134894
27949,0.050467859648565414
27950,0.09241538285980007
27951,0.12168894794618093
27952,0.05744527367010645
27953,0.11113633246221037
27954,0.11807880307813506
27955,0.037593946162112056
27956,0.05744527367010645
27957,0.06326265912384453
27958,0.03885174918700678
27959,0.06962564382891834
27960,0.02136725069186659
27961,0.09831774697482025
27962,0.08683323524129412
27963,0.05744527367010645
27964,0.059326311972524026
27965,0.029825320005255892
27966,0.12919480614845036
27967,0.07187511267178946
27968,0.10455365490510782
27969,0.026109748256448687
27970,0.07657630222726251
27971,0.06326265912384453
27972,0.029825320005255892
27973,0.09831774697482025
27974,0.026109748256448687
27975,0.08415807244319695
27976,0.030831530235430404
27977,0.07657630222726251
27978,0.029825320005255892
27979,0.0521330604156563
27980,0.1013931778423964
27981,0.04885310630405945
27982,0.07187511267178946
27983,0.07903125771029479
27984,0.0340511524412236
27985,0.0895851163769912
27986,0.0521330604156563
27987,0.13309352252567752
27988,0.050467859648565414
27989,0.10455365490510782
27990,0.02790753622320684
27991,0.02790753622320684
27992,0.035194756820265335
27993,0.023622642765858633
27994,0.07657630222726251
27995,0.06744146074358998
27996,0.08415807244319695
27997,0.05385008895239068
27998,0.0895851163769912
27999,0.08415807244319695
28000,0.044298105555134894
28001,0.09532570362584843
28002,0.11113633246221037
28003,0.01868507284109021
28004,0.07657630222726251
28005,0.023622642765858633
28006,0.05562035029109824
28007,0.09241538285980007
28008,0.0472874451224437
28009,0.026994094835726477
28010,0.1013931778423964
28011,0.044298105555134894
28012,0.11113633246221037
28013,0.0521330604156563
28014,0.06326265912384453
28015,0.06532098566628583
28016,0.050467859648565414
28017,0.01633396259861487
28018,0.04287184471684473
28019,0.12168894794618093
28020,0.08415807244319695
28021,0.0895851163769912
28022,0.04148951147230672
28023,0.07187511267178946
28024,0.06532098566628583
28025,0.07657630222726251
28026,0.11807880307813506
28027,0.11456179056371053
28028,0.04014987964502801
28029,0.0472874451224437
28030,0.06532098566628583
28031,0.04576954626093176
28032,0.08415807244319695
28033,0.050467859648565414
28034,0.11456179056371053
28035,0.1253937758578759
28036,0.06326265912384453
28037,0.06744146074358998
28038,0.09831774697482025
28039,0.1370913686325979
28040,0.023622642765858633
28041,0.14969342319192988
28042,0.02136725069186659
28043,0.05385008895239068
28044,0.023622642765858633
28045,0.06962564382891834
28046,0.06744146074358998
28047,0.059326311972524026
28048,0.059326311972524026
28049,0.14538999654972165
28050,0.07903125771029479
28051,0.11113633246221037
28052,0.050467859648565414
28053,0.05562035029109824
28054,0.06744146074358998
28055,0.044298105555134894
28056,0.059326311972524026
28057,0.05562035029109824
28058,0.044298105555134894
28059,0.14969342319192988
28060,0.1253937758578759
28061,0.08683323524129412
28062,0.10780082751501731
28063,0.08415807244319695
28064,0.13309352252567752
28065,0.12919480614845036
28066,0.08683323524129412
28067,0.03885174918700678
28068,0.059326311972524026
28069,0.06126494107819702
28070,0.11113633246221037
28071,0.1253937758578759
28072,0.0521330604156563
28073,0.059326311972524026
28074,0.044298105555134894
28075,0.04287184471684473
28076,0.04885310630405945
28077,0.07903125771029479
28078,0.03885174918700678
28079,0.07187511267178946
28080,0.05744527367010645
28081,0.06126494107819702
28082,0.01868507284109021
28083,0.11456179056371053
28084,0.06744146074358998
28085,0.06532098566628583
28086,0.030831530235430404
28087,0.0895851163769912
28088,0.050467859648565414
28089,0.04287184471684473
28090,0.07419146202147729
28091,0.03885174918700678
28092,0.08683323524129412
28093,0.01998212368725082
28094,0.13309352252567752
28095,0.04148951147230672
28096,0.050467859648565414
28097,0.08415807244319695
28098,0.022094611379221522
28099,0.05385008895239068
28100,0.07657630222726251
28101,0.05385008895239068
28102,0.07903125771029479
28103,0.04014987964502801
28104,0.0895851163769912
28105,0.06326265912384453
28106,0.10780082751501731
28107,0.05744527367010645
28108,0.06744146074358998
28109,0.09831774697482025
28110,0.08415807244319695
28111,0.06126494107819702
28112,0.035194756820265335
28113,0.05744527367010645
28114,0.08683323524129412
28115,0.05385008895239068
28116,0.06962564382891834
28117,0.030831530235430404
28118,0.059326311972524026
28119,0.06744146074358998
28120,0.1013931778423964
28121,0.059326311972524026
28122,0.03637532268518375
28123,0.031870571610423684
28124,0.04287184471684473
28125,0.02442486287796552
28126,0.04885310630405945
28127,0.04885310630405945
28128,0.05562035029109824
28129,0.02284615406529167
28130,0.09241538285980007
28131,0.06532098566628583
28132,0.07419146202147729
28133,0.1253937758578759
28134,0.11456179056371053
28135,0.10455365490510782
28136,0.03885174918700678
28137,0.08683323524129412
28138,0.03637532268518375
28139,0.0340511524412236
28140,0.044298105555134894
28141,0.05562035029109824
28142,0.06532098566628583
28143,0.04576954626093176
28144,0.10455365490510782
28145,0.03294343905785485
28146,0.023622642765858633
28147,0.12919480614845036
28148,0.05744527367010645
28149,0.05385008895239068
28150,0.05562035029109824
28151,0.13309352252567752
28152,0.08683323524129412
28153,0.09241538285980007
28154,0.04014987964502801
28155,0.06962564382891834
28156,0.1013931778423964
28157,0.050467859648565414
28158,0.05744527367010645
28159,0.0895851163769912
28160,0.07657630222726251
28161,0.022094611379221522
28162,0.0895851163769912
28163,0.05385008895239068
28164,0.11807880307813506
28165,0.13309352252567752
28166,0.037593946162112056
28167,0.050467859648565414
28168,0.0472874451224437
28169,0.08683323524129412
28170,0.10455365490510782
28171,0.06326265912384453
28172,0.0895851163769912
28173,0.07419146202147729
28174,0.06126494107819702
28175,0.09532570362584843
28176,0.06962564382891834
28177,0.03885174918700678
28178,0.04576954626093176
28179,0.037593946162112056
28180,0.09241538285980007
28181,0.1013931778423964
28182,0.09241538285980007
28183,0.06962564382891834
28184,0.0895851163769912
28185,0.04287184471684473
28186,0.08155796530189055
28187,0.11113633246221037
28188,0.050467859648565414
28189,0.07187511267178946
28190,0.09831774697482025
28191,0.07187511267178946
28192,0.05562035029109824
28193,0.10780082751501731
28194,0.09831774697482025
28195,0.07419146202147729
28196,0.04148951147230672
28197,0.04287184471684473
28198,0.07657630222726251
28199,0.05562035029109824
28200,0.0521330604156563
28201,0.02442486287796552
28202,0.026994094835726477
28203,0.08415807244319695
28204,0.06744146074358998
28205,0.07419146202147729
28206,0.026994094835726477
28207,0.06962564382891834
28208,0.07657630222726251
28209,0.059326311972524026
28210,0.0472874451224437
28211,0.1411897434506853
28212,0.03885174918700678
28213,0.11807880307813506
28214,0.07419146202147729
28215,0.03885174918700678
28216,0.08155796530189055
28217,0.1370913686325979
28218,0.06126494107819702
28219,0.11807880307813506
28220,0.02885097064418959
28221,0.05385008895239068
28222,0.04148951147230672
28223,0.10455365490510782
28224,0.11113633246221037
28225,0.02284615406529167
28226,0.08683323524129412
28227,0.04148951147230672
28228,0.07419146202147729
28229,0.08415807244319695
28230,0.037593946162112056
28231,0.09532570362584843
28232,0.08415807244319695
28233,0.11807880307813506
28234,0.016892943165924136
28235,0.06126494107819702
28236,0.11113633246221037
28237,0.1411897434506853
28238,0.04885310630405945
28239,0.04148951147230672
28240,0.0472874451224437
28241,0.07419146202147729
28242,0.09241538285980007
28243,0.050467859648565414
28244,0.1013931778423964
28245,0.06962564382891834
28246,0.09532570362584843
28247,0.02525362158524688
28248,0.0472874451224437
28249,0.0340511524412236
28250,0.044298105555134894
28251,0.04885310630405945
28252,0.07657630222726251
28253,0.0340511524412236
28254,0.06126494107819702
28255,0.07187511267178946
28256,0.11456179056371053
28257,0.09241538285980007
28258,0.059326311972524026
28259,0.06532098566628583
28260,0.04148951147230672
28261,0.11113633246221037
28262,0.06326265912384453
28263,0.029825320005255892
28264,0.05744527367010645
28265,0.03637532268518375
28266,0.0472874451224437
28267,0.06532098566628583
28268,0.06326265912384453
28269,0.04576954626093176
28270,0.03637532268518375
28271,0.07903125771029479
28272,0.030831530235430404
28273,0.04885310630405945
28274,0.04576954626093176
28275,0.10780082751501731
28276,0.08155796530189055
28277,0.026109748256448687
28278,0.07419146202147729
28279,0.0472874451224437
28280,0.10455365490510782
28281,0.059326311972524026
28282,0.035194756820265335
28283,0.09241538285980007
28284,0.031870571610423684
28285,0.13309352252567752
28286,0.0521330604156563
28287,0.059326311972524026
28288,0.1411897434506853
28289,0.04148951147230672
28290,0.06326265912384453
28291,0.04885310630405945
28292,0.037593946162112056
28293,0.06962564382891834
28294,0.050467859648565414
28295,0.05385008895239068
28296,0.04576954626093176
28297,0.06326265912384453
28298,0.03637532268518375
28299,0.05744527367010645
28300,0.11113633246221037
28301,0.0340511524412236
28302,0.07657630222726251
28303,0.05744527367010645
28304,0.029825320005255892
28305,0.11807880307813506
28306,0.05385008895239068
28307,0.09241538285980007
28308,0.05744527367010645
28309,0.059326311972524026
28310,0.05562035029109824
28311,0.10455365490510782
28312,0.029825320005255892
28313,0.06326265912384453
28314,0.08683323524129412
28315,0.07419146202147729
28316,0.03294343905785485
28317,0.044298105555134894
28318,0.023622642765858633
28319,0.06962564382891834
28320,0.06532098566628583
28321,0.10780082751501731
28322,0.05385008895239068
28323,0.03637532268518375
28324,0.04014987964502801
28325,0.07187511267178946
28326,0.08155796530189055
28327,0.06962564382891834
28328,0.0521330604156563
28329,0.05744527367010645
28330,0.07419146202147729
28331,0.020663328957880672
28332,0.04014987964502801
28333,0.030831530235430404
28334,0.06744146074358998
28335,0.09831774697482025
28336,0.05744527367010645
28337,0.04576954626093176
28338,0.11456179056371053
28339,0.05562035029109824
28340,0.10455365490510782
28341,0.04576954626093176
28342,0.019322932527049887
28343,0.04576954626093176
28344,0.06744146074358998
28345,0.044298105555134894
28346,0.035194756820265335
28347,0.08683323524129412
28348,0.08415807244319695
28349,0.07187511267178946
28350,0.0340511524412236
28351,0.044298105555134894
28352,0.06326265912384453
28353,0.07657630222726251
28354,0.026109748256448687
28355,0.06126494107819702
28356,0.07419146202147729
28357,0.04148951147230672
28358,0.12168894794618093
28359,0.08683323524129412
28360,0.04576954626093176
28361,0.059326311972524026
28362,0.050467859648565414
28363,0.1253937758578759
28364,0.02525362158524688
28365,0.044298105555134894
28366,0.07419146202147729
28367,0.04576954626093176
28368,0.08683323524129412
28369,0.07187511267178946
28370,0.03637532268518375
28371,0.07903125771029479
28372,0.10780082751501731
28373,0.044298105555134894
28374,0.0521330604156563
28375,0.09532570362584843
28376,0.059326311972524026
28377,0.1411897434506853
28378,0.026994094835726477
28379,0.08155796530189055
28380,0.02790753622320684
28381,0.04885310630405945
28382,0.06126494107819702
28383,0.050467859648565414
28384,0.07657630222726251
28385,0.05385008895239068
28386,0.04287184471684473
28387,0.02136725069186659
28388,0.05562035029109824
28389,0.06962564382891834
28390,0.07419146202147729
28391,0.05562035029109824
28392,0.12168894794618093
28393,0.026109748256448687
28394,0.06126494107819702
28395,0.04014987964502801
28396,0.06744146074358998
28397,0.0521330604156563
28398,0.11807880307813506
28399,0.026994094835726477
28400,0.10455365490510782
28401,0.06126494107819702
28402,0.07187511267178946
28403,0.044298105555134894
28404,0.1253937758578759
28405,0.07657630222726251
28406,0.12919480614845036
28407,0.06532098566628583
28408,0.06962564382891834
28409,0.06532098566628583
28410,0.07657630222726251
28411,0.050467859648565414
28412,0.026994094835726477
28413,0.06326265912384453
28414,0.035194756820265335
28415,0.09831774697482025
28416,0.044298105555134894
28417,0.06532098566628583
28418,0.09831774697482025
28419,0.06962564382891834
28420,0.026109748256448687
28421,0.05385008895239068
28422,0.04885310630405945
28423,0.08683323524129412
28424,0.020663328957880672
28425,0.11807880307813506
28426,0.031870571610423684
28427,0.06962564382891834
28428,0.02284615406529167
28429,0.08683323524129412
28430,0.03294343905785485
28431,0.059326311972524026
28432,0.09241538285980007
28433,0.10780082751501731
28434,0.04287184471684473
28435,0.07657630222726251
28436,0.050467859648565414
28437,0.13309352252567752
28438,0.050467859648565414
28439,0.09241538285980007
28440,0.08683323524129412
28441,0.1253937758578759
28442,0.030831530235430404
28443,0.05385008895239068
28444,0.07419146202147729
28445,0.07187511267178946
28446,0.06532098566628583
28447,0.04576954626093176
28448,0.11456179056371053
28449,0.050467859648565414
28450,0.06126494107819702
28451,0.02442486287796552
28452,0.11807880307813506
28453,0.11807880307813506
28454,0.03294343905785485
28455,0.023622642765858633
28456,0.026994094835726477
28457,0.07419146202147729
28458,0.11456179056371053
28459,0.016892943165924136
28460,0.12168894794618093
28461,0.08155796530189055
28462,0.026109748256448687
28463,0.1370913686325979
28464,0.07419146202147729
28465,0.06126494107819702
28466,0.07419146202147729
28467,0.0521330604156563
28468,0.1411897434506853
28469,0.10780082751501731
28470,0.11456179056371053
28471,0.044298105555134894
28472,0.09241538285980007
28473,0.10455365490510782
28474,0.0472874451224437
28475,0.02885097064418959
28476,0.06962564382891834
28477,0.1411897434506853
28478,0.03885174918700678
28479,0.07419146202147729
28480,0.0521330604156563
28481,0.06532098566628583
28482,0.07187511267178946
28483,0.04148951147230672
28484,0.03637532268518375
28485,0.07657630222726251
28486,0.05385008895239068
28487,0.04014987964502801
28488,0.059326311972524026
28489,0.06532098566628583
28490,0.11113633246221037
28491,0.09241538285980007
28492,0.09532570362584843
28493,0.08415807244319695
28494,0.05562035029109824
28495,0.059326311972524026
28496,0.07419146202147729
28497,0.06744146074358998
28498,0.07187511267178946
28499,0.12919480614845036
28500,0.09241538285980007
28501,0.07657630222726251
28502,0.06744146074358998
28503,0.10780082751501731
28504,0.1013931778423964
28505,0.09831774697482025
28506,0.016892943165924136
28507,0.07187511267178946
28508,0.07419146202147729
28509,0.035194756820265335
28510,0.10780082751501731
28511,0.07187511267178946
28512,0.06326265912384453
28513,0.12919480614845036
28514,0.10780082751501731
28515,0.0472874451224437
28516,0.06744146074358998
28517,0.04576954626093176
28518,0.0521330604156563
28519,0.12168894794618093
28520,0.059326311972524026
28521,0.029825320005255892
28522,0.044298105555134894
28523,0.04287184471684473
28524,0.08155796530189055
28525,0.08155796530189055
28526,0.0895851163769912
28527,0.07419146202147729
28528,0.037593946162112056
28529,0.06962564382891834
28530,0.03885174918700678
28531,0.05562035029109824
28532,0.06962564382891834
28533,0.12168894794618093
28534,0.026109748256448687
28535,0.04148951147230672
28536,0.1253937758578759
28537,0.11807880307813506
28538,0.029825320005255892
28539,0.059326311972524026
28540,0.1013931778423964
28541,0.1370913686325979
28542,0.0521330604156563
28543,0.07657630222726251
28544,0.06126494107819702
28545,0.11113633246221037
28546,0.1253937758578759
28547,0.035194756820265335
28548,0.07419146202147729
28549,0.09241538285980007
28550,0.06126494107819702
28551,0.050467859648565414
28552,0.0521330604156563
28553,0.04148951147230672
28554,0.14538999654972165
28555,0.0472874451224437
28556,0.07657630222726251
28557,0.04885310630405945
28558,0.02525362158524688
28559,0.1013931778423964
28560,0.04576954626093176
28561,0.03294343905785485
28562,0.06532098566628583
28563,0.07657630222726251
28564,0.03294343905785485
28565,0.12168894794618093
28566,0.08155796530189055
28567,0.035194756820265335
28568,0.02442486287796552
28569,0.06126494107819702
28570,0.03637532268518375
28571,0.08683323524129412
28572,0.0472874451224437
28573,0.11113633246221037
28574,0.044298105555134894
28575,0.06532098566628583
28576,0.06126494107819702
28577,0.037593946162112056
28578,0.059326311972524026
28579,0.1411897434506853
28580,0.07187511267178946
28581,0.03885174918700678
28582,0.050467859648565414
28583,0.03637532268518375
28584,0.04148951147230672
28585,0.035194756820265335
28586,0.10780082751501731
28587,0.11113633246221037
28588,0.0340511524412236
28589,0.05744527367010645
28590,0.037593946162112056
28591,0.07657630222726251
28592,0.06126494107819702
28593,0.050467859648565414
28594,0.02136725069186659
28595,0.0521330604156563
28596,0.031870571610423684
28597,0.07419146202147729
28598,0.07903125771029479
28599,0.09532570362584843
28600,0.04576954626093176
28601,0.05744527367010645
28602,0.06744146074358998
28603,0.04287184471684473
28604,0.06326265912384453
28605,0.06326265912384453
28606,0.06532098566628583
28607,0.06532098566628583
28608,0.04014987964502801
28609,0.09831774697482025
28610,0.019322932527049887
28611,0.1013931778423964
28612,0.08415807244319695
28613,0.03294343905785485
28614,0.06532098566628583
28615,0.037593946162112056
28616,0.08155796530189055
28617,0.0472874451224437
28618,0.04576954626093176
28619,0.0895851163769912
28620,0.044298105555134894
28621,0.05562035029109824
28622,0.04014987964502801
28623,0.026109748256448687
28624,0.044298105555134894
28625,0.02442486287796552
28626,0.05385008895239068
28627,0.13309352252567752
28628,0.04287184471684473
28629,0.05562035029109824
28630,0.07419146202147729
28631,0.07903125771029479
28632,0.026109748256448687
28633,0.07187511267178946
28634,0.08415807244319695
28635,0.030831530235430404
28636,0.031870571610423684
28637,0.05744527367010645
28638,0.044298105555134894
28639,0.02885097064418959
28640,0.02284615406529167
28641,0.12168894794618093
28642,0.06532098566628583
28643,0.03885174918700678
28644,0.06532098566628583
28645,0.06126494107819702
28646,0.07903125771029479
28647,0.05385008895239068
28648,0.09532570362584843
28649,0.04014987964502801
28650,0.037593946162112056
28651,0.07187511267178946
28652,0.050467859648565414
28653,0.08155796530189055
28654,0.05744527367010645
28655,0.02442486287796552
28656,0.023622642765858633
28657,0.06532098566628583
28658,0.031870571610423684
28659,0.02442486287796552
28660,0.09831774697482025
28661,0.11113633246221037
28662,0.12919480614845036
28663,0.044298105555134894
28664,0.04885310630405945
28665,0.11113633246221037
28666,0.050467859648565414
28667,0.06126494107819702
28668,0.0895851163769912
28669,0.037593946162112056
28670,0.03885174918700678
28671,0.09532570362584843
28672,0.04287184471684473
28673,0.0472874451224437
28674,0.10780082751501731
28675,0.0472874451224437
28676,0.09532570362584843
28677,0.06962564382891834
28678,0.03885174918700678
28679,0.08155796530189055
28680,0.06962564382891834
28681,0.08683323524129412
28682,0.05385008895239068
28683,0.037593946162112056
28684,0.1411897434506853
28685,0.1411897434506853
28686,0.10780082751501731
28687,0.0895851163769912
28688,0.06532098566628583
28689,0.08683323524129412
28690,0.05744527367010645
28691,0.09241538285980007
28692,0.08683323524129412
28693,0.04287184471684473
28694,0.11456179056371053
28695,0.04148951147230672
28696,0.11456179056371053
28697,0.031870571610423684
28698,0.09831774697482025
28699,0.035194756820265335
28700,0.02442486287796552
28701,0.11456179056371053
28702,0.06744146074358998
28703,0.11807880307813506
28704,0.10780082751501731
28705,0.044298105555134894
28706,0.0521330604156563
28707,0.030831530235430404
28708,0.035194756820265335
28709,0.12919480614845036
28710,0.04014987964502801
28711,0.031870571610423684
28712,0.030831530235430404
28713,0.0895851163769912
28714,0.09831774697482025
28715,0.07187511267178946
28716,0.02284615406529167
28717,0.06744146074358998
28718,0.03885174918700678
28719,0.07419146202147729
28720,0.06532098566628583
28721,0.06962564382891834
28722,0.14969342319192988
28723,0.03885174918700678
28724,0.05562035029109824
28725,0.10780082751501731
28726,0.06126494107819702
28727,0.07187511267178946
28728,0.07187511267178946
28729,0.0895851163769912
28730,0.07419146202147729
28731,0.05562035029109824
28732,0.04287184471684473
28733,0.07903125771029479
28734,0.029825320005255892
28735,0.11113633246221037
28736,0.050467859648565414
28737,0.05385008895239068
28738,0.03294343905785485
28739,0.10455365490510782
28740,0.06962564382891834
28741,0.1411897434506853
28742,0.12168894794618093
28743,0.06744146074358998
28744,0.0521330604156563
28745,0.050467859648565414
28746,0.07657630222726251
28747,0.026994094835726477
28748,0.0895851163769912
28749,0.06744146074358998
28750,0.02525362158524688
28751,0.1253937758578759
28752,0.05385008895239068
28753,0.10780082751501731
28754,0.10455365490510782
28755,0.03885174918700678
28756,0.059326311972524026
28757,0.06962564382891834
28758,0.044298105555134894
28759,0.037593946162112056
28760,0.03637532268518375
28761,0.08155796530189055
28762,0.0895851163769912
28763,0.11113633246221037
28764,0.07419146202147729
28765,0.06962564382891834
28766,0.1013931778423964
28767,0.09831774697482025
28768,0.04148951147230672
28769,0.08415807244319695
28770,0.08415807244319695
28771,0.0521330604156563
28772,0.04885310630405945
28773,0.03637532268518375
28774,0.05744527367010645
28775,0.031870571610423684
28776,0.06962564382891834
28777,0.08683323524129412
28778,0.04148951147230672
28779,0.05562035029109824
28780,0.02790753622320684
28781,0.01806788128844435
28782,0.07187511267178946
28783,0.031870571610423684
28784,0.11456179056371053
28785,0.059326311972524026
28786,0.037593946162112056
28787,0.09532570362584843
28788,0.12168894794618093
28789,0.02790753622320684
28790,0.05385008895239068
28791,0.12919480614845036
28792,0.04885310630405945
28793,0.04576954626093176
28794,0.13309352252567752
28795,0.022094611379221522
28796,0.12919480614845036
28797,0.0521330604156563
28798,0.02790753622320684
28799,0.04885310630405945
28800,0.06962564382891834
28801,0.06744146074358998
28802,0.0472874451224437
28803,0.08683323524129412
28804,0.06126494107819702
28805,0.1253937758578759
28806,0.050467859648565414
28807,0.10780082751501731
28808,0.05562035029109824
28809,0.07657630222726251
28810,0.0472874451224437
28811,0.05744527367010645
28812,0.0340511524412236
28813,0.037593946162112056
28814,0.05562035029109824
28815,0.1370913686325979
28816,0.12168894794618093
28817,0.04148951147230672
28818,0.044298105555134894
28819,0.0472874451224437
28820,0.12919480614845036
28821,0.044298105555134894
28822,0.04885310630405945
28823,0.05744527367010645
28824,0.05744527367010645
28825,0.15410125929925808
28826,0.07903125771029479
28827,0.09532570362584843
28828,0.04287184471684473
28829,0.05744527367010645
28830,0.04287184471684473
28831,0.11807880307813506
28832,0.1370913686325979
28833,0.07657630222726251
28834,0.06532098566628583
28835,0.035194756820265335
28836,0.1013931778423964
28837,0.05744527367010645
28838,0.09831774697482025
28839,0.07419146202147729
28840,0.13309352252567752
28841,0.04885310630405945
28842,0.10455365490510782
28843,0.05385008895239068
28844,0.1370913686325979
28845,0.10455365490510782
28846,0.037593946162112056
28847,0.04576954626093176
28848,0.050467859648565414
28849,0.05744527367010645
28850,0.05562035029109824
28851,0.03294343905785485
28852,0.06126494107819702
28853,0.04014987964502801
28854,0.059326311972524026
28855,0.06326265912384453
28856,0.1013931778423964
28857,0.05562035029109824
28858,0.05562035029109824
28859,0.04148951147230672
28860,0.05562035029109824
28861,0.09241538285980007
28862,0.07657630222726251
28863,0.07419146202147729
28864,0.01998212368725082
28865,0.02885097064418959
28866,0.02284615406529167
28867,0.07187511267178946
28868,0.14538999654972165
28869,0.03637532268518375
28870,0.09532570362584843
28871,0.037593946162112056
28872,0.044298105555134894
28873,0.09532570362584843
28874,0.09532570362584843
28875,0.02790753622320684
28876,0.10780082751501731
28877,0.10780082751501731
28878,0.10455365490510782
28879,0.05385008895239068
28880,0.04576954626093176
28881,0.1013931778423964
28882,0.0895851163769912
28883,0.08155796530189055
28884,0.0472874451224437
28885,0.09241538285980007
28886,0.05744527367010645
28887,0.07187511267178946
28888,0.04287184471684473
28889,0.1370913686325979
28890,0.050467859648565414
28891,0.04576954626093176
28892,0.04576954626093176
28893,0.06744146074358998
28894,0.1013931778423964
28895,0.08683323524129412
28896,0.059326311972524026
28897,0.04014987964502801
28898,0.07903125771029479
28899,0.03637532268518375
28900,0.02790753622320684
28901,0.0340511524412236
28902,0.08155796530189055
28903,0.06532098566628583
28904,0.09241538285980007
28905,0.037593946162112056
28906,0.06962564382891834
28907,0.06962564382891834
28908,0.044298105555134894
28909,0.0340511524412236
28910,0.1013931778423964
28911,0.06744146074358998
28912,0.0340511524412236
28913,0.07657630222726251
28914,0.10780082751501731
28915,0.05744527367010645
28916,0.0340511524412236
28917,0.02525362158524688
28918,0.03637532268518375
28919,0.059326311972524026
28920,0.05744527367010645
28921,0.08155796530189055
28922,0.05385008895239068
28923,0.06326265912384453
28924,0.04287184471684473
28925,0.05385008895239068
28926,0.06962564382891834
28927,0.02525362158524688
28928,0.10780082751501731
28929,0.09241538285980007
28930,0.044298105555134894
28931,0.06326265912384453
28932,0.14969342319192988
28933,0.07187511267178946
28934,0.05562035029109824
28935,0.0472874451224437
28936,0.06744146074358998
28937,0.0472874451224437
28938,0.03637532268518375
28939,0.06962564382891834
28940,0.06326265912384453
28941,0.04576954626093176
28942,0.04287184471684473
28943,0.04287184471684473
28944,0.035194756820265335
28945,0.09831774697482025
28946,0.050467859648565414
28947,0.1013931778423964
28948,0.05562035029109824
28949,0.07657630222726251
28950,0.037593946162112056
28951,0.11113633246221037
28952,0.07657630222726251
28953,0.0895851163769912
28954,0.12168894794618093
28955,0.0521330604156563
28956,0.04576954626093176
28957,0.10455365490510782
28958,0.050467859648565414
28959,0.03637532268518375
28960,0.07187511267178946
28961,0.06126494107819702
28962,0.08155796530189055
28963,0.05562035029109824
28964,0.04148951147230672
28965,0.035194756820265335
28966,0.044298105555134894
28967,0.07657630222726251
28968,0.06126494107819702
28969,0.07187511267178946
28970,0.07419146202147729
28971,0.07657630222726251
28972,0.03294343905785485
28973,0.08155796530189055
28974,0.12919480614845036
28975,0.12919480614845036
28976,0.1013931778423964
28977,0.11807880307813506
28978,0.05385008895239068
28979,0.05385008895239068
28980,0.059326311972524026
28981,0.0521330604156563
28982,0.035194756820265335
28983,0.04576954626093176
28984,0.07903125771029479
28985,0.030831530235430404
28986,0.0472874451224437
28987,0.059326311972524026
28988,0.04148951147230672
28989,0.05562035029109824
28990,0.04576954626093176
28991,0.03637532268518375
28992,0.07419146202147729
28993,0.044298105555134894
28994,0.06326265912384453
28995,0.04287184471684473
28996,0.11456179056371053
28997,0.02136725069186659
28998,0.026109748256448687
28999,0.04885310630405945
29000,0.06126494107819702
29001,0.05385008895239068
29002,0.044298105555134894
29003,0.059326311972524026
29004,0.11456179056371053
29005,0.031870571610423684
29006,0.04576954626093176
29007,0.0895851163769912
29008,0.09831774697482025
29009,0.029825320005255892
29010,0.07657630222726251
29011,0.0472874451224437
29012,0.026109748256448687
29013,0.06962564382891834
29014,0.0472874451224437
29015,0.035194756820265335
29016,0.030831530235430404
29017,0.03294343905785485
29018,0.04287184471684473
29019,0.0895851163769912
29020,0.07903125771029479
29021,0.04014987964502801
29022,0.059326311972524026
29023,0.04148951147230672
29024,0.03885174918700678
29025,0.09241538285980007
29026,0.03637532268518375
29027,0.04014987964502801
29028,0.04885310630405945
29029,0.12168894794618093
29030,0.0340511524412236
29031,0.07903125771029479
29032,0.09831774697482025
29033,0.07657630222726251
29034,0.03294343905785485
29035,0.1013931778423964
29036,0.08683323524129412
29037,0.11113633246221037
29038,0.12919480614845036
29039,0.031870571610423684
29040,0.14969342319192988
29041,0.06326265912384453
29042,0.1370913686325979
29043,0.06744146074358998
29044,0.059326311972524026
29045,0.10455365490510782
29046,0.04885310630405945
29047,0.08683323524129412
29048,0.05744527367010645
29049,0.04148951147230672
29050,0.06532098566628583
29051,0.08683323524129412
29052,0.1013931778423964
29053,0.0895851163769912
29054,0.03885174918700678
29055,0.02790753622320684
29056,0.06962564382891834
29057,0.09241538285980007
29058,0.13309352252567752
29059,0.09532570362584843
29060,0.06532098566628583
29061,0.08683323524129412
29062,0.026994094835726477
29063,0.07187511267178946
29064,0.044298105555134894
29065,0.06532098566628583
29066,0.037593946162112056
29067,0.07657630222726251
29068,0.04287184471684473
29069,0.1013931778423964
29070,0.04576954626093176
29071,0.07419146202147729
29072,0.0340511524412236
29073,0.04885310630405945
29074,0.12919480614845036
29075,0.07187511267178946
29076,0.050467859648565414
29077,0.0895851163769912
29078,0.035194756820265335
29079,0.0521330604156563
29080,0.12919480614845036
29081,0.04148951147230672
29082,0.06326265912384453
29083,0.08415807244319695
29084,0.044298105555134894
29085,0.11807880307813506
29086,0.029825320005255892
29087,0.0895851163769912
29088,0.05385008895239068
29089,0.0521330604156563
29090,0.031870571610423684
29091,0.059326311972524026
29092,0.1253937758578759
29093,0.050467859648565414
29094,0.02885097064418959
29095,0.044298105555134894
29096,0.01868507284109021
29097,0.031870571610423684
29098,0.04014987964502801
29099,0.0521330604156563
29100,0.04148951147230672
29101,0.08683323524129412
29102,0.07419146202147729
29103,0.0340511524412236
29104,0.11113633246221037
29105,0.050467859648565414
29106,0.02525362158524688
29107,0.03885174918700678
29108,0.08155796530189055
29109,0.07419146202147729
29110,0.037593946162112056
29111,0.06744146074358998
29112,0.06744146074358998
29113,0.06326265912384453
29114,0.0521330604156563
29115,0.04576954626093176
29116,0.023622642765858633
29117,0.07657630222726251
29118,0.0521330604156563
29119,0.031870571610423684
29120,0.08683323524129412
29121,0.04014987964502801
29122,0.06532098566628583
29123,0.05744527367010645
29124,0.06962564382891834
29125,0.06126494107819702
29126,0.05385008895239068
29127,0.059326311972524026
29128,0.08155796530189055
29129,0.07419146202147729
29130,0.07657630222726251
29131,0.06126494107819702
29132,0.08155796530189055
29133,0.050467859648565414
29134,0.07419146202147729
29135,0.023622642765858633
29136,0.07657630222726251
29137,0.05385008895239068
29138,0.07419146202147729
29139,0.044298105555134894
29140,0.07657630222726251
29141,0.0895851163769912
29142,0.04148951147230672
29143,0.059326311972524026
29144,0.06532098566628583
29145,0.08155796530189055
29146,0.05385008895239068
29147,0.08155796530189055
29148,0.05385008895239068
29149,0.07657630222726251
29150,0.05562035029109824
29151,0.02525362158524688
29152,0.050467859648565414
29153,0.05744527367010645
29154,0.09831774697482025
29155,0.015270026198302424
29156,0.050467859648565414
29157,0.04014987964502801
29158,0.035194756820265335
29159,0.11456179056371053
29160,0.0472874451224437
29161,0.06962564382891834
29162,0.1253937758578759
29163,0.10455365490510782
29164,0.03637532268518375
29165,0.06532098566628583
29166,0.04287184471684473
29167,0.05744527367010645
29168,0.04576954626093176
29169,0.09532570362584843
29170,0.04885310630405945
29171,0.029825320005255892
29172,0.06126494107819702
29173,0.04014987964502801
29174,0.035194756820265335
29175,0.0472874451224437
29176,0.11113633246221037
29177,0.04885310630405945
29178,0.05744527367010645
29179,0.04287184471684473
29180,0.044298105555134894
29181,0.02885097064418959
29182,0.06744146074358998
29183,0.04885310630405945
29184,0.11456179056371053
29185,0.05562035029109824
29186,0.1013931778423964
29187,0.09532570362584843
29188,0.04014987964502801
29189,0.04014987964502801
29190,0.08155796530189055
29191,0.06532098566628583
29192,0.06126494107819702
29193,0.06744146074358998
29194,0.13309352252567752
29195,0.04014987964502801
29196,0.07419146202147729
29197,0.06326265912384453
29198,0.06532098566628583
29199,0.06532098566628583
29200,0.06326265912384453
29201,0.04885310630405945
29202,0.044298105555134894
29203,0.0340511524412236
29204,0.05385008895239068
29205,0.07419146202147729
29206,0.07657630222726251
29207,0.06126494107819702
29208,0.044298105555134894
29209,0.04148951147230672
29210,0.029825320005255892
29211,0.0521330604156563
29212,0.08683323524129412
29213,0.044298105555134894
29214,0.12168894794618093
29215,0.07903125771029479
29216,0.06744146074358998
29217,0.06532098566628583
29218,0.08155796530189055
29219,0.09532570362584843
29220,0.06744146074358998
29221,0.14969342319192988
29222,0.04014987964502801
29223,0.07657630222726251
29224,0.08155796530189055
29225,0.0521330604156563
29226,0.0521330604156563
29227,0.08155796530189055
29228,0.06744146074358998
29229,0.06532098566628583
29230,0.08155796530189055
29231,0.05744527367010645
29232,0.022094611379221522
29233,0.06962564382891834
29234,0.11456179056371053
29235,0.05385008895239068
29236,0.04576954626093176
29237,0.030831530235430404
29238,0.08155796530189055
29239,0.05744527367010645
29240,0.0521330604156563
29241,0.03637532268518375
29242,0.1013931778423964
29243,0.07657630222726251
29244,0.04885310630405945
29245,0.1370913686325979
29246,0.029825320005255892
29247,0.05562035029109824
29248,0.04014987964502801
29249,0.020663328957880672
29250,0.11807880307813506
29251,0.059326311972524026
29252,0.031870571610423684
29253,0.06744146074358998
29254,0.11113633246221037
29255,0.06126494107819702
29256,0.04014987964502801
29257,0.11113633246221037
29258,0.02284615406529167
29259,0.06962564382891834
29260,0.08155796530189055
29261,0.04287184471684473
29262,0.06962564382891834
29263,0.12919480614845036
29264,0.04287184471684473
29265,0.04014987964502801
29266,0.0521330604156563
29267,0.12919480614845036
29268,0.02525362158524688
29269,0.1013931778423964
29270,0.10455365490510782
29271,0.059326311972524026
29272,0.08683323524129412
29273,0.05744527367010645
29274,0.04576954626093176
29275,0.07903125771029479
29276,0.05744527367010645
29277,0.04148951147230672
29278,0.06326265912384453
29279,0.04287184471684473
29280,0.07657630222726251
29281,0.04014987964502801
29282,0.0895851163769912
29283,0.05385008895239068
29284,0.044298105555134894
29285,0.14538999654972165
29286,0.09241538285980007
29287,0.1253937758578759
29288,0.06126494107819702
29289,0.044298105555134894
29290,0.1370913686325979
29291,0.06126494107819702
29292,0.035194756820265335
29293,0.08155796530189055
29294,0.030831530235430404
29295,0.06744146074358998
29296,0.05385008895239068
29297,0.11456179056371053
29298,0.06744146074358998
29299,0.07419146202147729
29300,0.08683323524129412
29301,0.07187511267178946
29302,0.050467859648565414
29303,0.03294343905785485
29304,0.09831774697482025
29305,0.07903125771029479
29306,0.10455365490510782
29307,0.06744146074358998
29308,0.11807880307813506
29309,0.03637532268518375
29310,0.04287184471684473
29311,0.04885310630405945
29312,0.08155796530189055
29313,0.09241538285980007
29314,0.11113633246221037
29315,0.0895851163769912
29316,0.06744146074358998
29317,0.02136725069186659
29318,0.09831774697482025
29319,0.06126494107819702
29320,0.04885310630405945
29321,0.07187511267178946
29322,0.0521330604156563
29323,0.04885310630405945
29324,0.031870571610423684
29325,0.01868507284109021
29326,0.11456179056371053
29327,0.11113633246221037
29328,0.06744146074358998
29329,0.037593946162112056
29330,0.037593946162112056
29331,0.06326265912384453
29332,0.06326265912384453
29333,0.11456179056371053
29334,0.08415807244319695
29335,0.08415807244319695
29336,0.08155796530189055
29337,0.06744146074358998
29338,0.08683323524129412
29339,0.08415807244319695
29340,0.04576954626093176
29341,0.05385008895239068
29342,0.0472874451224437
29343,0.12919480614845036
29344,0.05744527367010645
29345,0.06326265912384453
29346,0.04576954626093176
29347,0.0895851163769912
29348,0.0472874451224437
29349,0.08155796530189055
29350,0.06326265912384453
29351,0.0895851163769912
29352,0.04014987964502801
29353,0.07903125771029479
29354,0.05562035029109824
29355,0.15861467629411466
29356,0.07903125771029479
29357,0.09532570362584843
29358,0.059326311972524026
29359,0.07419146202147729
29360,0.10455365490510782
29361,0.12919480614845036
29362,0.13309352252567752
29363,0.04148951147230672
29364,0.050467859648565414
29365,0.1253937758578759
29366,0.09532570362584843
29367,0.06744146074358998
29368,0.10780082751501731
29369,0.05562035029109824
29370,0.04576954626093176
29371,0.04576954626093176
29372,0.14538999654972165
29373,0.06962564382891834
29374,0.07903125771029479
29375,0.1411897434506853
29376,0.03637532268518375
29377,0.05744527367010645
29378,0.09831774697482025
29379,0.05744527367010645
29380,0.0895851163769912
29381,0.09831774697482025
29382,0.09831774697482025
29383,0.059326311972524026
29384,0.07903125771029479
29385,0.11807880307813506
29386,0.02525362158524688
29387,0.022094611379221522
29388,0.06326265912384453
29389,0.09241538285980007
29390,0.05744527367010645
29391,0.12919480614845036
29392,0.10780082751501731
29393,0.022094611379221522
29394,0.11807880307813506
29395,0.11807880307813506
29396,0.04885310630405945
29397,0.04885310630405945
29398,0.023622642765858633
29399,0.04576954626093176
29400,0.029825320005255892
29401,0.0521330604156563
29402,0.020663328957880672
29403,0.06532098566628583
29404,0.029825320005255892
29405,0.06126494107819702
29406,0.020663328957880672
29407,0.09241538285980007
29408,0.0895851163769912
29409,0.02442486287796552
29410,0.09532570362584843
29411,0.06532098566628583
29412,0.12168894794618093
29413,0.050467859648565414
29414,0.06326265912384453
29415,0.04576954626093176
29416,0.08415807244319695
29417,0.06962564382891834
29418,0.05744527367010645
29419,0.06532098566628583
29420,0.06326265912384453
29421,0.059326311972524026
29422,0.029825320005255892
29423,0.14538999654972165
29424,0.07187511267178946
29425,0.037593946162112056
29426,0.10455365490510782
29427,0.05562035029109824
29428,0.06126494107819702
29429,0.06744146074358998
29430,0.030831530235430404
29431,0.11807880307813506
29432,0.12168894794618093
29433,0.04014987964502801
29434,0.059326311972524026
29435,0.02525362158524688
29436,0.023622642765858633
29437,0.030831530235430404
29438,0.03885174918700678
29439,0.06962564382891834
29440,0.04148951147230672
29441,0.09241538285980007
29442,0.13309352252567752
29443,0.07657630222726251
29444,0.030831530235430404
29445,0.08415807244319695
29446,0.12168894794618093
29447,0.044298105555134894
29448,0.04148951147230672
29449,0.04148951147230672
29450,0.08683323524129412
29451,0.07419146202147729
29452,0.07657630222726251
29453,0.050467859648565414
29454,0.09831774697482025
29455,0.059326311972524026
29456,0.06126494107819702
29457,0.0895851163769912
29458,0.08155796530189055
29459,0.1013931778423964
29460,0.02790753622320684
29461,0.035194756820265335
29462,0.15861467629411466
29463,0.06532098566628583
29464,0.0895851163769912
29465,0.04014987964502801
29466,0.0895851163769912
29467,0.059326311972524026
29468,0.04885310630405945
29469,0.05744527367010645
29470,0.08155796530189055
29471,0.037593946162112056
29472,0.02442486287796552
29473,0.07657630222726251
29474,0.10455365490510782
29475,0.03637532268518375
29476,0.09532570362584843
29477,0.11807880307813506
29478,0.11113633246221037
29479,0.04287184471684473
29480,0.04576954626093176
29481,0.03885174918700678
29482,0.030831530235430404
29483,0.04287184471684473
29484,0.07903125771029479
29485,0.05385008895239068
29486,0.11113633246221037
29487,0.050467859648565414
29488,0.07657630222726251
29489,0.044298105555134894
29490,0.059326311972524026
29491,0.06744146074358998
29492,0.12919480614845036
29493,0.07903125771029479
29494,0.1013931778423964
29495,0.07657630222726251
29496,0.07419146202147729
29497,0.04287184471684473
29498,0.06326265912384453
29499,0.06532098566628583
29500,0.08683323524129412
29501,0.05744527367010645
29502,0.06744146074358998
29503,0.06126494107819702
29504,0.035194756820265335
29505,0.09241538285980007
29506,0.12168894794618093
29507,0.12919480614845036
29508,0.04885310630405945
29509,0.07419146202147729
29510,0.1013931778423964
29511,0.1411897434506853
29512,0.06326265912384453
29513,0.07187511267178946
29514,0.11456179056371053
29515,0.06532098566628583
29516,0.11113633246221037
29517,0.08683323524129412
29518,0.1370913686325979
29519,0.059326311972524026
29520,0.09532570362584843
29521,0.037593946162112056
29522,0.0521330604156563
29523,0.09241538285980007
29524,0.059326311972524026
29525,0.13309352252567752
29526,0.08415807244319695
29527,0.06962564382891834
29528,0.031870571610423684
29529,0.11456179056371053
29530,0.14538999654972165
29531,0.059326311972524026
29532,0.05562035029109824
29533,0.06962564382891834
29534,0.11807880307813506
29535,0.03885174918700678
29536,0.11113633246221037
29537,0.12919480614845036
29538,0.037593946162112056
29539,0.06962564382891834
29540,0.09532570362584843
29541,0.07187511267178946
29542,0.06744146074358998
29543,0.07903125771029479
29544,0.1370913686325979
29545,0.04148951147230672
29546,0.06326265912384453
29547,0.08415807244319695
29548,0.06326265912384453
29549,0.05385008895239068
29550,0.09241538285980007
29551,0.04148951147230672
29552,0.07657630222726251
29553,0.09831774697482025
29554,0.07187511267178946
29555,0.06126494107819702
29556,0.06744146074358998
29557,0.12168894794618093
29558,0.04148951147230672
29559,0.08155796530189055
29560,0.03637532268518375
29561,0.06126494107819702
29562,0.12168894794618093
29563,0.08155796530189055
29564,0.08683323524129412
29565,0.044298105555134894
29566,0.044298105555134894
29567,0.037593946162112056
29568,0.022094611379221522
29569,0.10455365490510782
29570,0.035194756820265335
29571,0.11456179056371053
29572,0.07187511267178946
29573,0.026994094835726477
29574,0.026994094835726477
29575,0.09241538285980007
29576,0.04287184471684473
29577,0.026109748256448687
29578,0.059326311972524026
29579,0.07419146202147729
29580,0.08415807244319695
29581,0.02885097064418959
29582,0.023622642765858633
29583,0.01868507284109021
29584,0.06532098566628583
29585,0.08155796530189055
29586,0.06126494107819702
29587,0.1370913686325979
29588,0.0472874451224437
29589,0.1013931778423964
29590,0.04014987964502801
29591,0.08683323524129412
29592,0.09241538285980007
29593,0.031870571610423684
29594,0.037593946162112056
29595,0.10455365490510782
29596,0.1013931778423964
29597,0.04148951147230672
29598,0.06744146074358998
29599,0.04014987964502801
29600,0.044298105555134894
29601,0.03885174918700678
29602,0.06126494107819702
29603,0.07187511267178946
29604,0.06126494107819702
29605,0.0472874451224437
29606,0.06532098566628583
29607,0.059326311972524026
29608,0.05562035029109824
29609,0.1013931778423964
29610,0.04014987964502801
29611,0.08155796530189055
29612,0.02790753622320684
29613,0.04885310630405945
29614,0.05562035029109824
29615,0.07187511267178946
29616,0.09532570362584843
29617,0.07419146202147729
29618,0.05562035029109824
29619,0.10455365490510782
29620,0.07419146202147729
29621,0.1253937758578759
29622,0.050467859648565414
29623,0.01998212368725082
29624,0.026109748256448687
29625,0.03885174918700678
29626,0.0895851163769912
29627,0.03294343905785485
29628,0.1253937758578759
29629,0.059326311972524026
29630,0.07187511267178946
29631,0.06744146074358998
29632,0.04576954626093176
29633,0.019322932527049887
29634,0.07419146202147729
29635,0.06326265912384453
29636,0.02885097064418959
29637,0.09831774697482025
29638,0.037593946162112056
29639,0.09241538285980007
29640,0.10455365490510782
29641,0.04885310630405945
29642,0.1253937758578759
29643,0.1013931778423964
29644,0.04287184471684473
29645,0.04287184471684473
29646,0.026109748256448687
29647,0.07657630222726251
29648,0.11807880307813506
29649,0.04576954626093176
29650,0.09532570362584843
29651,0.04287184471684473
29652,0.019322932527049887
29653,0.026994094835726477
29654,0.044298105555134894
29655,0.07419146202147729
29656,0.05385008895239068
29657,0.020663328957880672
29658,0.10455365490510782
29659,0.08415807244319695
29660,0.1013931778423964
29661,0.04287184471684473
29662,0.07419146202147729
29663,0.07657630222726251
29664,0.044298105555134894
29665,0.03294343905785485
29666,0.12919480614845036
29667,0.1013931778423964
29668,0.04148951147230672
29669,0.044298105555134894
29670,0.06126494107819702
29671,0.05744527367010645
29672,0.05562035029109824
29673,0.04148951147230672
29674,0.03637532268518375
29675,0.04148951147230672
29676,0.02885097064418959
29677,0.059326311972524026
29678,0.030831530235430404
29679,0.07903125771029479
29680,0.12168894794618093
29681,0.06326265912384453
29682,0.1013931778423964
29683,0.1253937758578759
29684,0.10780082751501731
29685,0.031870571610423684
29686,0.06962564382891834
29687,0.06744146074358998
29688,0.029825320005255892
29689,0.06744146074358998
29690,0.11113633246221037
29691,0.14538999654972165
29692,0.08155796530189055
29693,0.0521330604156563
29694,0.059326311972524026
29695,0.0340511524412236
29696,0.04576954626093176
29697,0.06532098566628583
29698,0.07657630222726251
29699,0.10455365490510782
29700,0.1253937758578759
29701,0.11456179056371053
29702,0.04885310630405945
29703,0.04576954626093176
29704,0.1411897434506853
29705,0.050467859648565414
29706,0.020663328957880672
29707,0.035194756820265335
29708,0.023622642765858633
29709,0.059326311972524026
29710,0.05744527367010645
29711,0.06962564382891834
29712,0.13309352252567752
29713,0.04287184471684473
29714,0.07187511267178946
29715,0.08155796530189055
29716,0.03885174918700678
29717,0.02136725069186659
29718,0.03637532268518375
29719,0.05562035029109824
29720,0.07419146202147729
29721,0.02790753622320684
29722,0.06126494107819702
29723,0.04014987964502801
29724,0.06744146074358998
29725,0.029825320005255892
29726,0.07419146202147729
29727,0.0895851163769912
29728,0.02284615406529167
29729,0.1253937758578759
29730,0.05385008895239068
29731,0.11807880307813506
29732,0.05744527367010645
29733,0.06326265912384453
29734,0.07187511267178946
29735,0.12168894794618093
29736,0.12919480614845036
29737,0.09532570362584843
29738,0.08155796530189055
29739,0.035194756820265335
29740,0.06326265912384453
29741,0.04148951147230672
29742,0.031870571610423684
29743,0.06532098566628583
29744,0.08155796530189055
29745,0.05385008895239068
29746,0.1013931778423964
29747,0.12919480614845036
29748,0.07903125771029479
29749,0.023622642765858633
29750,0.04287184471684473
29751,0.059326311972524026
29752,0.06744146074358998
29753,0.050467859648565414
29754,0.050467859648565414
29755,0.04885310630405945
29756,0.04287184471684473
29757,0.08683323524129412
29758,0.06532098566628583
29759,0.0895851163769912
29760,0.08155796530189055
29761,0.04885310630405945
29762,0.0472874451224437
29763,0.03294343905785485
29764,0.08415807244319695
29765,0.031870571610423684
29766,0.09241538285980007
29767,0.06532098566628583
29768,0.08683323524129412
29769,0.07903125771029479
29770,0.04014987964502801
29771,0.0895851163769912
29772,0.10455365490510782
29773,0.026109748256448687
29774,0.07187511267178946
29775,0.03294343905785485
29776,0.04014987964502801
29777,0.07187511267178946
29778,0.14538999654972165
29779,0.06126494107819702
29780,0.06326265912384453
29781,0.1411897434506853
29782,0.0472874451224437
29783,0.02790753622320684
29784,0.01998212368725082
29785,0.06532098566628583
29786,0.0521330604156563
29787,0.019322932527049887
29788,0.044298105555134894
29789,0.06744146074358998
29790,0.07903125771029479
29791,0.03637532268518375
29792,0.02885097064418959
29793,0.05385008895239068
29794,0.06126494107819702
29795,0.05562035029109824
29796,0.0340511524412236
29797,0.029825320005255892
29798,0.02885097064418959
29799,0.0472874451224437
29800,0.06962564382891834
29801,0.08683323524129412
29802,0.05562035029109824
29803,0.06326265912384453
29804,0.037593946162112056
29805,0.10455365490510782
29806,0.04885310630405945
29807,0.08683323524129412
29808,0.1013931778423964
29809,0.11113633246221037
29810,0.050467859648565414
29811,0.09241538285980007
29812,0.08683323524129412
29813,0.059326311972524026
29814,0.06326265912384453
29815,0.04148951147230672
29816,0.06532098566628583
29817,0.06962564382891834
29818,0.0521330604156563
29819,0.050467859648565414
29820,0.03885174918700678
29821,0.02442486287796552
29822,0.0340511524412236
29823,0.059326311972524026
29824,0.12919480614845036
29825,0.031870571610423684
29826,0.08415807244319695
29827,0.08683323524129412
29828,0.12168894794618093
29829,0.031870571610423684
29830,0.08155796530189055
29831,0.06532098566628583
29832,0.0340511524412236
29833,0.04576954626093176
29834,0.04576954626093176
29835,0.026109748256448687
29836,0.029825320005255892
29837,0.04576954626093176
29838,0.06126494107819702
29839,0.059326311972524026
29840,0.09532570362584843
29841,0.09241538285980007
29842,0.05744527367010645
29843,0.1411897434506853
29844,0.029825320005255892
29845,0.031870571610423684
29846,0.08683323524129412
29847,0.03885174918700678
29848,0.02790753622320684
29849,0.07657630222726251
29850,0.08155796530189055
29851,0.059326311972524026
29852,0.07187511267178946
29853,0.1013931778423964
29854,0.06744146074358998
29855,0.06326265912384453
29856,0.02442486287796552
29857,0.12168894794618093
29858,0.12168894794618093
29859,0.02885097064418959
29860,0.12168894794618093
29861,0.05562035029109824
29862,0.09241538285980007
29863,0.0472874451224437
29864,0.1253937758578759
29865,0.04576954626093176
29866,0.06532098566628583
29867,0.1013931778423964
29868,0.12168894794618093
29869,0.12919480614845036
29870,0.05744527367010645
29871,0.07903125771029479
29872,0.08415807244319695
29873,0.06744146074358998
29874,0.13309352252567752
29875,0.05744527367010645
29876,0.07419146202147729
29877,0.03885174918700678
29878,0.1370913686325979
29879,0.04287184471684473
29880,0.06126494107819702
29881,0.0895851163769912
29882,0.06532098566628583
29883,0.04885310630405945
29884,0.11113633246221037
29885,0.04148951147230672
29886,0.14969342319192988
29887,0.04148951147230672
29888,0.050467859648565414
29889,0.037593946162112056
29890,0.08415807244319695
29891,0.04576954626093176
29892,0.050467859648565414
29893,0.03637532268518375
29894,0.04576954626093176
29895,0.09532570362584843
29896,0.07657630222726251
29897,0.1370913686325979
29898,0.05744527367010645
29899,0.03294343905785485
29900,0.05744527367010645
29901,0.04287184471684473
29902,0.14538999654972165
29903,0.050467859648565414
29904,0.08683323524129412
29905,0.04014987964502801
29906,0.07657630222726251
29907,0.04014987964502801
29908,0.04287184471684473
29909,0.05744527367010645
29910,0.07903125771029479
29911,0.06532098566628583
29912,0.08155796530189055
29913,0.07419146202147729
29914,0.02284615406529167
29915,0.02136725069186659
29916,0.06532098566628583
29917,0.050467859648565414
29918,0.06532098566628583
29919,0.09532570362584843
29920,0.05744527367010645
29921,0.07903125771029479
29922,0.0895851163769912
29923,0.07657630222726251
29924,0.14969342319192988
29925,0.026109748256448687
29926,0.11456179056371053
29927,0.026994094835726477
29928,0.04014987964502801
29929,0.08155796530189055
29930,0.09241538285980007
29931,0.050467859648565414
29932,0.02442486287796552
29933,0.04287184471684473
29934,0.05744527367010645
29935,0.09831774697482025
29936,0.04885310630405945
29937,0.08155796530189055
29938,0.0340511524412236
29939,0.10455365490510782
29940,0.11113633246221037
29941,0.031870571610423684
29942,0.07187511267178946
29943,0.06326265912384453
29944,0.1013931778423964
29945,0.06532098566628583
29946,0.06532098566628583
29947,0.08155796530189055
29948,0.05744527367010645
29949,0.11807880307813506
29950,0.07419146202147729
29951,0.03885174918700678
29952,0.030831530235430404
29953,0.06326265912384453
29954,0.06962564382891834
29955,0.04287184471684473
29956,0.03637532268518375
29957,0.07187511267178946
29958,0.08683323524129412
29959,0.022094611379221522
29960,0.035194756820265335
29961,0.06126494107819702
29962,0.059326311972524026
29963,0.1370913686325979
29964,0.06962564382891834
29965,0.10455365490510782
29966,0.06126494107819702
29967,0.026109748256448687
29968,0.0521330604156563
29969,0.026994094835726477
29970,0.07187511267178946
29971,0.0895851163769912
29972,0.026994094835726477
29973,0.11113633246221037
29974,0.06532098566628583
29975,0.06326265912384453
29976,0.037593946162112056
29977,0.11456179056371053
29978,0.030831530235430404
29979,0.06744146074358998
29980,0.022094611379221522
29981,0.03637532268518375
29982,0.037593946162112056
29983,0.08683323524129412
29984,0.04576954626093176
29985,0.07419146202147729
29986,0.037593946162112056
29987,0.13309352252567752
29988,0.05385008895239068
29989,0.04148951147230672
29990,0.09831774697482025
29991,0.08683323524129412
29992,0.11456179056371053
29993,0.044298105555134894
29994,0.1253937758578759
29995,0.022094611379221522
29996,0.04148951147230672
29997,0.03885174918700678
29998,0.050467859648565414
29999,0.08155796530189055
30000,0.017470713401722432
30001,0.10780082751501731
30002,0.019322932527049887
30003,0.03637532268518375
30004,0.12168894794618093
30005,0.059326311972524026
30006,0.11456179056371053
30007,0.12168894794618093
30008,0.10455365490510782
30009,0.11807880307813506
30010,0.06532098566628583
30011,0.035194756820265335
30012,0.08155796530189055
30013,0.04287184471684473
30014,0.037593946162112056
30015,0.06962564382891834
30016,0.1013931778423964
30017,0.06326265912384453
30018,0.04014987964502801
30019,0.02284615406529167
30020,0.06962564382891834
30021,0.07187511267178946
30022,0.07657630222726251
30023,0.04148951147230672
30024,0.04885310630405945
30025,0.06126494107819702
30026,0.06962564382891834
30027,0.026994094835726477
30028,0.01998212368725082
30029,0.026994094835726477
30030,0.08155796530189055
30031,0.07419146202147729
30032,0.0340511524412236
30033,0.04287184471684473
30034,0.02442486287796552
30035,0.06532098566628583
30036,0.11113633246221037
30037,0.1013931778423964
30038,0.07419146202147729
30039,0.026994094835726477
30040,0.05385008895239068
30041,0.037593946162112056
30042,0.044298105555134894
30043,0.037593946162112056
30044,0.016892943165924136
30045,0.0521330604156563
30046,0.02885097064418959
30047,0.08415807244319695
30048,0.0521330604156563
30049,0.11807880307813506
30050,0.0472874451224437
30051,0.06962564382891834
30052,0.15410125929925808
30053,0.04576954626093176
30054,0.04287184471684473
30055,0.09241538285980007
30056,0.05744527367010645
30057,0.0472874451224437
30058,0.06744146074358998
30059,0.030831530235430404
30060,0.02790753622320684
30061,0.03885174918700678
30062,0.04287184471684473
30063,0.04014987964502801
30064,0.11807880307813506
30065,0.059326311972524026
30066,0.06962564382891834
30067,0.1370913686325979
30068,0.044298105555134894
30069,0.059326311972524026
30070,0.050467859648565414
30071,0.06126494107819702
30072,0.02790753622320684
30073,0.050467859648565414
30074,0.05562035029109824
30075,0.035194756820265335
30076,0.08155796530189055
30077,0.044298105555134894
30078,0.05385008895239068
30079,0.03294343905785485
30080,0.06126494107819702
30081,0.050467859648565414
30082,0.04885310630405945
30083,0.11113633246221037
30084,0.06744146074358998
30085,0.08155796530189055
30086,0.09532570362584843
30087,0.13309352252567752
30088,0.09532570362584843
30089,0.06532098566628583
30090,0.08683323524129412
30091,0.05744527367010645
30092,0.09241538285980007
30093,0.0895851163769912
30094,0.04148951147230672
30095,0.08155796530189055
30096,0.12919480614845036
30097,0.1013931778423964
30098,0.04287184471684473
30099,0.1013931778423964
30100,0.035194756820265335
30101,0.09532570362584843
30102,0.09532570362584843
30103,0.07419146202147729
30104,0.04287184471684473
30105,0.06744146074358998
30106,0.1370913686325979
30107,0.1370913686325979
30108,0.07903125771029479
30109,0.04148951147230672
30110,0.037593946162112056
30111,0.05385008895239068
30112,0.08155796530189055
30113,0.06962564382891834
30114,0.059326311972524026
30115,0.0472874451224437
30116,0.1013931778423964
30117,0.04148951147230672
30118,0.12919480614845036
30119,0.06326265912384453
30120,0.0340511524412236
30121,0.04576954626093176
30122,0.11113633246221037
30123,0.023622642765858633
30124,0.0895851163769912
30125,0.10780082751501731
30126,0.07187511267178946
30127,0.050467859648565414
30128,0.023622642765858633
30129,0.08155796530189055
30130,0.04885310630405945
30131,0.10455365490510782
30132,0.10780082751501731
30133,0.11807880307813506
30134,0.026994094835726477
30135,0.044298105555134894
30136,0.03637532268518375
30137,0.02525362158524688
30138,0.08155796530189055
30139,0.01868507284109021
30140,0.10455365490510782
30141,0.06326265912384453
30142,0.044298105555134894
30143,0.05744527367010645
30144,0.0472874451224437
30145,0.059326311972524026
30146,0.06532098566628583
30147,0.04148951147230672
30148,0.06962564382891834
30149,0.05744527367010645
30150,0.12919480614845036
30151,0.08415807244319695
30152,0.059326311972524026
30153,0.05562035029109824
30154,0.06126494107819702
30155,0.09532570362584843
30156,0.10455365490510782
30157,0.07187511267178946
30158,0.04287184471684473
30159,0.08683323524129412
30160,0.05744527367010645
30161,0.050467859648565414
30162,0.12168894794618093
30163,0.08683323524129412
30164,0.07187511267178946
30165,0.04148951147230672
30166,0.04014987964502801
30167,0.019322932527049887
30168,0.07187511267178946
30169,0.0472874451224437
30170,0.02136725069186659
30171,0.026109748256448687
30172,0.04885310630405945
30173,0.0521330604156563
30174,0.044298105555134894
30175,0.11113633246221037
30176,0.05562035029109824
30177,0.05744527367010645
30178,0.0521330604156563
30179,0.06532098566628583
30180,0.09831774697482025
30181,0.13309352252567752
30182,0.04148951147230672
30183,0.08683323524129412
30184,0.10780082751501731
30185,0.04014987964502801
30186,0.04885310630405945
30187,0.02790753622320684
30188,0.04287184471684473
30189,0.06326265912384453
30190,0.09831774697482025
30191,0.06126494107819702
30192,0.05562035029109824
30193,0.06962564382891834
30194,0.06532098566628583
30195,0.05744527367010645
30196,0.06962564382891834
30197,0.031870571610423684
30198,0.10780082751501731
30199,0.08683323524129412
30200,0.11113633246221037
30201,0.0895851163769912
30202,0.06126494107819702
30203,0.06962564382891834
30204,0.035194756820265335
30205,0.05562035029109824
30206,0.07903125771029479
30207,0.050467859648565414
30208,0.1253937758578759
30209,0.037593946162112056
30210,0.05562035029109824
30211,0.02525362158524688
30212,0.12168894794618093
30213,0.09241538285980007
30214,0.1013931778423964
30215,0.08683323524129412
30216,0.0895851163769912
30217,0.06744146074358998
30218,0.06326265912384453
30219,0.05744527367010645
30220,0.0472874451224437
30221,0.02790753622320684
30222,0.029825320005255892
30223,0.09532570362584843
30224,0.05744527367010645
30225,0.06326265912384453
30226,0.06126494107819702
30227,0.08683323524129412
30228,0.0521330604156563
30229,0.11807880307813506
30230,0.05744527367010645
30231,0.03637532268518375
30232,0.05744527367010645
30233,0.06532098566628583
30234,0.06962564382891834
30235,0.09831774697482025
30236,0.05385008895239068
30237,0.05385008895239068
30238,0.09241538285980007
30239,0.05385008895239068
30240,0.07657630222726251
30241,0.03637532268518375
30242,0.1253937758578759
30243,0.0472874451224437
30244,0.06744146074358998
30245,0.09532570362584843
30246,0.02885097064418959
30247,0.0340511524412236
30248,0.04885310630405945
30249,0.04576954626093176
30250,0.09241538285980007
30251,0.031870571610423684
30252,0.07657630222726251
30253,0.05744527367010645
30254,0.07419146202147729
30255,0.02885097064418959
30256,0.07187511267178946
30257,0.05744527367010645
30258,0.050467859648565414
30259,0.03885174918700678
30260,0.06532098566628583
30261,0.06744146074358998
30262,0.05562035029109824
30263,0.04148951147230672
30264,0.14969342319192988
30265,0.02442486287796552
30266,0.08415807244319695
30267,0.02885097064418959
30268,0.0895851163769912
30269,0.07903125771029479
30270,0.044298105555134894
30271,0.031870571610423684
30272,0.06126494107819702
30273,0.06744146074358998
30274,0.04287184471684473
30275,0.08155796530189055
30276,0.07903125771029479
30277,0.059326311972524026
30278,0.07187511267178946
30279,0.11456179056371053
30280,0.026994094835726477
30281,0.06532098566628583
30282,0.03294343905785485
30283,0.09532570362584843
30284,0.0340511524412236
30285,0.035194756820265335
30286,0.1253937758578759
30287,0.050467859648565414
30288,0.08155796530189055
30289,0.15410125929925808
30290,0.0521330604156563
30291,0.0340511524412236
30292,0.05744527367010645
30293,0.09241538285980007
30294,0.06532098566628583
30295,0.06962564382891834
30296,0.04014987964502801
30297,0.06962564382891834
30298,0.06326265912384453
30299,0.04287184471684473
30300,0.07903125771029479
30301,0.04148951147230672
30302,0.06744146074358998
30303,0.14969342319192988
30304,0.02790753622320684
30305,0.04014987964502801
30306,0.04287184471684473
30307,0.04885310630405945
30308,0.07187511267178946
30309,0.0472874451224437
30310,0.07187511267178946
30311,0.0895851163769912
30312,0.044298105555134894
30313,0.07419146202147729
30314,0.09831774697482025
30315,0.0472874451224437
30316,0.06744146074358998
30317,0.10780082751501731
30318,0.0472874451224437
30319,0.10455365490510782
30320,0.04287184471684473
30321,0.10455365490510782
30322,0.09831774697482025
30323,0.03294343905785485
30324,0.029825320005255892
30325,0.08415807244319695
30326,0.044298105555134894
30327,0.1253937758578759
30328,0.07187511267178946
30329,0.07187511267178946
30330,0.1411897434506853
30331,0.044298105555134894
30332,0.0340511524412236
30333,0.1370913686325979
30334,0.05744527367010645
30335,0.10455365490510782
30336,0.08415807244319695
30337,0.04576954626093176
30338,0.03294343905785485
30339,0.050467859648565414
30340,0.035194756820265335
30341,0.04148951147230672
30342,0.059326311972524026
30343,0.019322932527049887
30344,0.07903125771029479
30345,0.10455365490510782
30346,0.06532098566628583
30347,0.13309352252567752
30348,0.0472874451224437
30349,0.11456179056371053
30350,0.0521330604156563
30351,0.07903125771029479
30352,0.09532570362584843
30353,0.050467859648565414
30354,0.1253937758578759
30355,0.037593946162112056
30356,0.05385008895239068
30357,0.06532098566628583
30358,0.03637532268518375
30359,0.04576954626093176
30360,0.02442486287796552
30361,0.04576954626093176
30362,0.05385008895239068
30363,0.06326265912384453
30364,0.08415807244319695
30365,0.08155796530189055
30366,0.11456179056371053
30367,0.08415807244319695
30368,0.050467859648565414
30369,0.08683323524129412
30370,0.1411897434506853
30371,0.03637532268518375
30372,0.026994094835726477
30373,0.09241538285980007
30374,0.08415807244319695
30375,0.050467859648565414
30376,0.11807880307813506
30377,0.05744527367010645
30378,0.09831774697482025
30379,0.10780082751501731
30380,0.05385008895239068
30381,0.1370913686325979
30382,0.06326265912384453
30383,0.04148951147230672
30384,0.03637532268518375
30385,0.11456179056371053
30386,0.05385008895239068
30387,0.06962564382891834
30388,0.08155796530189055
30389,0.044298105555134894
30390,0.07187511267178946
30391,0.03885174918700678
30392,0.06126494107819702
30393,0.037593946162112056
30394,0.0521330604156563
30395,0.06326265912384453
30396,0.09532570362584843
30397,0.04148951147230672
30398,0.12168894794618093
30399,0.0472874451224437
30400,0.07903125771029479
30401,0.02790753622320684
30402,0.0895851163769912
30403,0.05385008895239068
30404,0.09532570362584843
30405,0.02284615406529167
30406,0.035194756820265335
30407,0.09241538285980007
30408,0.06744146074358998
30409,0.050467859648565414
30410,0.04576954626093176
30411,0.06126494107819702
30412,0.04576954626093176
30413,0.07419146202147729
30414,0.04014987964502801
30415,0.06326265912384453
30416,0.0340511524412236
30417,0.06962564382891834
30418,0.14969342319192988
30419,0.07903125771029479
30420,0.04287184471684473
30421,0.1370913686325979
30422,0.03885174918700678
30423,0.08155796530189055
30424,0.04287184471684473
30425,0.09532570362584843
30426,0.037593946162112056
30427,0.04576954626093176
30428,0.1370913686325979
30429,0.06744146074358998
30430,0.04014987964502801
30431,0.0895851163769912
30432,0.09831774697482025
30433,0.0472874451224437
30434,0.050467859648565414
30435,0.05562035029109824
30436,0.031870571610423684
30437,0.05385008895239068
30438,0.037593946162112056
30439,0.08683323524129412
30440,0.016892943165924136
30441,0.044298105555134894
30442,0.08155796530189055
30443,0.09241538285980007
30444,0.031870571610423684
30445,0.13309352252567752
30446,0.06532098566628583
30447,0.02284615406529167
30448,0.04885310630405945
30449,0.12919480614845036
30450,0.06744146074358998
30451,0.05385008895239068
30452,0.04148951147230672
30453,0.02885097064418959
30454,0.08683323524129412
30455,0.02885097064418959
30456,0.04287184471684473
30457,0.03637532268518375
30458,0.08155796530189055
30459,0.11807880307813506
30460,0.06532098566628583
30461,0.1253937758578759
30462,0.06744146074358998
30463,0.059326311972524026
30464,0.04885310630405945
30465,0.10455365490510782
30466,0.035194756820265335
30467,0.10780082751501731
30468,0.035194756820265335
30469,0.026994094835726477
30470,0.03637532268518375
30471,0.03637532268518375
30472,0.031870571610423684
30473,0.0340511524412236
30474,0.07657630222726251
30475,0.11113633246221037
30476,0.05385008895239068
30477,0.07903125771029479
30478,0.04885310630405945
30479,0.0895851163769912
30480,0.09532570362584843
30481,0.11456179056371053
30482,0.1253937758578759
30483,0.09241538285980007
30484,0.10780082751501731
30485,0.1013931778423964
30486,0.050467859648565414
30487,0.05744527367010645
30488,0.05744527367010645
30489,0.035194756820265335
30490,0.0521330604156563
30491,0.059326311972524026
30492,0.029825320005255892
30493,0.04576954626093176
30494,0.06326265912384453
30495,0.02885097064418959
30496,0.07657630222726251
30497,0.037593946162112056
30498,0.035194756820265335
30499,0.035194756820265335
30500,0.06744146074358998
30501,0.04287184471684473
30502,0.06326265912384453
30503,0.06962564382891834
30504,0.08683323524129412
30505,0.059326311972524026
30506,0.06962564382891834
30507,0.10455365490510782
30508,0.044298105555134894
30509,0.13309352252567752
30510,0.07187511267178946
30511,0.0895851163769912
30512,0.08415807244319695
30513,0.1253937758578759
30514,0.09241538285980007
30515,0.11113633246221037
30516,0.08415807244319695
30517,0.07419146202147729
30518,0.07657630222726251
30519,0.08683323524129412
30520,0.1370913686325979
30521,0.04576954626093176
30522,0.06962564382891834
30523,0.050467859648565414
30524,0.12919480614845036
30525,0.08155796530189055
30526,0.07903125771029479
30527,0.059326311972524026
30528,0.03885174918700678
30529,0.08683323524129412
30530,0.06962564382891834
30531,0.06962564382891834
30532,0.030831530235430404
30533,0.03885174918700678
30534,0.12168894794618093
30535,0.06532098566628583
30536,0.05744527367010645
30537,0.07419146202147729
30538,0.044298105555134894
30539,0.06744146074358998
30540,0.0472874451224437
30541,0.11113633246221037
30542,0.026109748256448687
30543,0.03294343905785485
30544,0.12919480614845036
30545,0.09532570362584843
30546,0.09831774697482025
30547,0.10780082751501731
30548,0.059326311972524026
30549,0.01806788128844435
30550,0.0472874451224437
30551,0.06126494107819702
30552,0.031870571610423684
30553,0.07187511267178946
30554,0.04287184471684473
30555,0.11807880307813506
30556,0.09241538285980007
30557,0.031870571610423684
30558,0.06326265912384453
30559,0.14538999654972165
30560,0.03294343905785485
30561,0.08683323524129412
30562,0.044298105555134894
30563,0.06532098566628583
30564,0.11807880307813506
30565,0.1253937758578759
30566,0.030831530235430404
30567,0.06744146074358998
30568,0.06962564382891834
30569,0.02790753622320684
30570,0.04014987964502801
30571,0.06744146074358998
30572,0.037593946162112056
30573,0.06532098566628583
30574,0.01998212368725082
30575,0.08155796530189055
30576,0.07187511267178946
30577,0.06962564382891834
30578,0.02885097064418959
30579,0.019322932527049887
30580,0.06126494107819702
30581,0.031870571610423684
30582,0.06744146074358998
30583,0.035194756820265335
30584,0.04885310630405945
30585,0.07903125771029479
30586,0.05385008895239068
30587,0.03294343905785485
30588,0.06532098566628583
30589,0.0521330604156563
30590,0.050467859648565414
30591,0.14538999654972165
30592,0.08683323524129412
30593,0.050467859648565414
30594,0.09241538285980007
30595,0.059326311972524026
30596,0.0895851163769912
30597,0.08415807244319695
30598,0.1013931778423964
30599,0.08415807244319695
30600,0.1370913686325979
30601,0.09241538285980007
30602,0.026109748256448687
30603,0.07187511267178946
30604,0.0895851163769912
30605,0.06126494107819702
30606,0.04014987964502801
30607,0.059326311972524026
30608,0.07187511267178946
30609,0.03885174918700678
30610,0.059326311972524026
30611,0.08683323524129412
30612,0.044298105555134894
30613,0.06126494107819702
30614,0.1411897434506853
30615,0.05744527367010645
30616,0.0340511524412236
30617,0.059326311972524026
30618,0.09241538285980007
30619,0.04148951147230672
30620,0.0472874451224437
30621,0.1411897434506853
30622,0.12168894794618093
30623,0.06532098566628583
30624,0.11113633246221037
30625,0.0521330604156563
30626,0.059326311972524026
30627,0.1013931778423964
30628,0.1411897434506853
30629,0.04885310630405945
30630,0.026109748256448687
30631,0.022094611379221522
30632,0.06532098566628583
30633,0.10455365490510782
30634,0.050467859648565414
30635,0.11807880307813506
30636,0.04014987964502801
30637,0.0895851163769912
30638,0.08415807244319695
30639,0.06326265912384453
30640,0.05385008895239068
30641,0.1013931778423964
30642,0.05744527367010645
30643,0.029825320005255892
30644,0.044298105555134894
30645,0.1013931778423964
30646,0.10780082751501731
30647,0.07657630222726251
30648,0.02442486287796552
30649,0.02790753622320684
30650,0.059326311972524026
30651,0.05744527367010645
30652,0.06962564382891834
30653,0.05562035029109824
30654,0.06532098566628583
30655,0.0472874451224437
30656,0.04014987964502801
30657,0.08683323524129412
30658,0.0340511524412236
30659,0.0521330604156563
30660,0.07657630222726251
30661,0.05385008895239068
30662,0.09241538285980007
30663,0.023622642765858633
30664,0.059326311972524026
30665,0.035194756820265335
30666,0.12168894794618093
30667,0.04885310630405945
30668,0.12168894794618093
30669,0.10455365490510782
30670,0.02442486287796552
30671,0.1013931778423964
30672,0.08415807244319695
30673,0.05562035029109824
30674,0.044298105555134894
30675,0.04576954626093176
30676,0.14969342319192988
30677,0.03885174918700678
30678,0.0895851163769912
30679,0.0521330604156563
30680,0.044298105555134894
30681,0.04287184471684473
30682,0.08415807244319695
30683,0.02885097064418959
30684,0.0521330604156563
30685,0.13309352252567752
30686,0.05385008895239068
30687,0.13309352252567752
30688,0.06126494107819702
30689,0.10780082751501731
30690,0.09241538285980007
30691,0.1411897434506853
30692,0.09241538285980007
30693,0.0521330604156563
30694,0.0521330604156563
30695,0.04014987964502801
30696,0.09241538285980007
30697,0.0521330604156563
30698,0.08415807244319695
30699,0.08415807244319695
30700,0.06326265912384453
30701,0.044298105555134894
30702,0.08683323524129412
30703,0.10780082751501731
30704,0.11113633246221037
30705,0.035194756820265335
30706,0.1253937758578759
30707,0.04014987964502801
30708,0.0895851163769912
30709,0.06532098566628583
30710,0.05385008895239068
30711,0.04885310630405945
30712,0.0340511524412236
30713,0.1411897434506853
30714,0.02284615406529167
30715,0.12168894794618093
30716,0.02790753622320684
30717,0.05562035029109824
30718,0.11807880307813506
30719,0.02525362158524688
30720,0.0472874451224437
30721,0.06962564382891834
30722,0.09532570362584843
30723,0.06744146074358998
30724,0.05385008895239068
30725,0.05744527367010645
30726,0.04885310630405945
30727,0.08683323524129412
30728,0.06532098566628583
30729,0.04148951147230672
30730,0.11807880307813506
30731,0.04576954626093176
30732,0.04576954626093176
30733,0.1013931778423964
30734,0.08155796530189055
30735,0.037593946162112056
30736,0.044298105555134894
30737,0.0521330604156563
30738,0.0340511524412236
30739,0.11807880307813506
30740,0.026994094835726477
30741,0.14538999654972165
30742,0.06532098566628583
30743,0.050467859648565414
30744,0.08415807244319695
30745,0.03294343905785485
30746,0.08415807244319695
30747,0.05744527367010645
30748,0.04287184471684473
30749,0.0340511524412236
30750,0.11113633246221037
30751,0.029825320005255892
30752,0.0895851163769912
30753,0.02790753622320684
30754,0.05385008895239068
30755,0.030831530235430404
30756,0.0521330604156563
30757,0.04148951147230672
30758,0.06532098566628583
30759,0.02885097064418959
30760,0.07187511267178946
30761,0.0895851163769912
30762,0.1013931778423964
30763,0.04148951147230672
30764,0.04148951147230672
30765,0.037593946162112056
30766,0.07903125771029479
30767,0.05744527367010645
30768,0.08155796530189055
30769,0.05385008895239068
30770,0.01998212368725082
30771,0.08683323524129412
30772,0.10455365490510782
30773,0.1013931778423964
30774,0.06532098566628583
30775,0.1013931778423964
30776,0.1253937758578759
30777,0.06962564382891834
30778,0.04014987964502801
30779,0.035194756820265335
30780,0.05562035029109824
30781,0.06744146074358998
30782,0.03885174918700678
30783,0.031870571610423684
30784,0.06326265912384453
30785,0.037593946162112056
30786,0.050467859648565414
30787,0.08155796530189055
30788,0.10780082751501731
30789,0.0895851163769912
30790,0.07419146202147729
30791,0.08415807244319695
30792,0.03637532268518375
30793,0.09241538285980007
30794,0.044298105555134894
30795,0.030831530235430404
30796,0.11456179056371053
30797,0.09831774697482025
30798,0.0472874451224437
30799,0.07187511267178946
30800,0.04148951147230672
30801,0.059326311972524026
30802,0.08683323524129412
30803,0.0521330604156563
30804,0.07419146202147729
30805,0.04014987964502801
30806,0.04287184471684473
30807,0.06744146074358998
30808,0.044298105555134894
30809,0.022094611379221522
30810,0.026994094835726477
30811,0.06532098566628583
30812,0.02136725069186659
30813,0.02790753622320684
30814,0.09532570362584843
30815,0.0472874451224437
30816,0.06962564382891834
30817,0.06744146074358998
30818,0.044298105555134894
30819,0.01998212368725082
30820,0.06326265912384453
30821,0.035194756820265335
30822,0.0895851163769912
30823,0.11807880307813506
30824,0.0340511524412236
30825,0.0472874451224437
30826,0.02136725069186659
30827,0.059326311972524026
30828,0.06126494107819702
30829,0.08683323524129412
30830,0.06126494107819702
30831,0.04287184471684473
30832,0.09831774697482025
30833,0.035194756820265335
30834,0.12168894794618093
30835,0.01579318133211142
30836,0.05562035029109824
30837,0.06326265912384453
30838,0.0895851163769912
30839,0.059326311972524026
30840,0.031870571610423684
30841,0.13309352252567752
30842,0.05562035029109824
30843,0.03637532268518375
30844,0.07187511267178946
30845,0.07903125771029479
30846,0.04287184471684473
30847,0.07419146202147729
30848,0.09831774697482025
30849,0.04287184471684473
30850,0.1370913686325979
30851,0.08155796530189055
30852,0.06962564382891834
30853,0.1013931778423964
30854,0.06744146074358998
30855,0.04576954626093176
30856,0.044298105555134894
30857,0.09831774697482025
30858,0.07657630222726251
30859,0.05562035029109824
30860,0.0340511524412236
30861,0.04287184471684473
30862,0.07187511267178946
30863,0.04148951147230672
30864,0.1253937758578759
30865,0.0472874451224437
30866,0.04287184471684473
30867,0.07903125771029479
30868,0.11807880307813506
30869,0.0472874451224437
30870,0.11456179056371053
30871,0.07657630222726251
30872,0.0521330604156563
30873,0.0472874451224437
30874,0.06962564382891834
30875,0.06962564382891834
30876,0.08683323524129412
30877,0.0340511524412236
30878,0.1370913686325979
30879,0.0895851163769912
30880,0.1253937758578759
30881,0.03885174918700678
30882,0.031870571610423684
30883,0.0472874451224437
30884,0.05562035029109824
30885,0.06326265912384453
30886,0.10455365490510782
30887,0.08683323524129412
30888,0.0472874451224437
30889,0.06532098566628583
30890,0.04885310630405945
30891,0.04014987964502801
30892,0.04576954626093176
30893,0.05562035029109824
30894,0.11456179056371053
30895,0.08415807244319695
30896,0.04576954626093176
30897,0.04885310630405945
30898,0.037593946162112056
30899,0.11807880307813506
30900,0.1013931778423964
30901,0.05744527367010645
30902,0.11456179056371053
30903,0.11807880307813506
30904,0.09831774697482025
30905,0.05562035029109824
30906,0.06962564382891834
30907,0.050467859648565414
30908,0.059326311972524026
30909,0.03637532268518375
30910,0.04885310630405945
30911,0.026109748256448687
30912,0.09241538285980007
30913,0.035194756820265335
30914,0.08683323524129412
30915,0.02790753622320684
30916,0.07187511267178946
30917,0.04885310630405945
30918,0.06962564382891834
30919,0.06326265912384453
30920,0.12168894794618093
30921,0.11113633246221037
30922,0.14538999654972165
30923,0.07419146202147729
30924,0.0521330604156563
30925,0.050467859648565414
30926,0.06962564382891834
30927,0.026994094835726477
30928,0.030831530235430404
30929,0.031870571610423684
30930,0.12919480614845036
30931,0.044298105555134894
30932,0.08683323524129412
30933,0.04148951147230672
30934,0.06962564382891834
30935,0.06744146074358998
30936,0.04885310630405945
30937,0.10780082751501731
30938,0.04576954626093176
30939,0.09532570362584843
30940,0.07419146202147729
30941,0.07187511267178946
30942,0.07657630222726251
30943,0.09241538285980007
30944,0.11807880307813506
30945,0.06126494107819702
30946,0.0472874451224437
30947,0.02790753622320684
30948,0.044298105555134894
30949,0.15410125929925808
30950,0.02790753622320684
30951,0.03885174918700678
30952,0.0895851163769912
30953,0.08155796530189055
30954,0.06126494107819702
30955,0.01806788128844435
30956,0.07187511267178946
30957,0.01806788128844435
30958,0.1013931778423964
30959,0.07419146202147729
30960,0.11807880307813506
30961,0.1253937758578759
30962,0.04576954626093176
30963,0.05562035029109824
30964,0.023622642765858633
30965,0.04014987964502801
30966,0.06326265912384453
30967,0.07419146202147729
30968,0.05385008895239068
30969,0.03885174918700678
30970,0.07187511267178946
30971,0.030831530235430404
30972,0.09831774697482025
30973,0.059326311972524026
30974,0.02442486287796552
30975,0.050467859648565414
30976,0.08155796530189055
30977,0.04014987964502801
30978,0.10780082751501731
30979,0.06532098566628583
30980,0.029825320005255892
30981,0.09241538285980007
30982,0.03637532268518375
30983,0.14969342319192988
30984,0.0521330604156563
30985,0.04885310630405945
30986,0.03294343905785485
30987,0.06126494107819702
30988,0.04885310630405945
30989,0.06532098566628583
30990,0.03637532268518375
30991,0.07903125771029479
30992,0.04576954626093176
30993,0.06962564382891834
30994,0.04014987964502801
30995,0.12168894794618093
30996,0.059326311972524026
30997,0.08683323524129412
30998,0.09532570362584843
30999,0.030831530235430404
31000,0.11807880307813506
31001,0.04014987964502801
31002,0.09241538285980007
31003,0.07903125771029479
31004,0.15861467629411466
31005,0.06326265912384453
31006,0.06126494107819702
31007,0.04885310630405945
31008,0.11456179056371053
31009,0.13309352252567752
31010,0.0472874451224437
31011,0.03637532268518375
31012,0.04287184471684473
31013,0.035194756820265335
31014,0.04576954626093176
31015,0.12168894794618093
31016,0.029825320005255892
31017,0.04287184471684473
31018,0.08415807244319695
31019,0.12919480614845036
31020,0.1370913686325979
31021,0.06326265912384453
31022,0.09241538285980007
31023,0.09241538285980007
31024,0.04576954626093176
31025,0.029825320005255892
31026,0.03294343905785485
31027,0.04885310630405945
31028,0.07903125771029479
31029,0.05385008895239068
31030,0.026994094835726477
31031,0.09831774697482025
31032,0.01806788128844435
31033,0.030831530235430404
31034,0.030831530235430404
31035,0.0521330604156563
31036,0.0472874451224437
31037,0.11113633246221037
31038,0.059326311972524026
31039,0.035194756820265335
31040,0.14538999654972165
31041,0.044298105555134894
31042,0.08155796530189055
31043,0.05385008895239068
31044,0.03885174918700678
31045,0.04287184471684473
31046,0.04576954626093176
31047,0.09532570362584843
31048,0.04885310630405945
31049,0.06532098566628583
31050,0.029825320005255892
31051,0.01998212368725082
31052,0.06326265912384453
31053,0.12919480614845036
31054,0.0472874451224437
31055,0.08415807244319695
31056,0.044298105555134894
31057,0.08683323524129412
31058,0.04287184471684473
31059,0.04576954626093176
31060,0.022094611379221522
31061,0.08155796530189055
31062,0.04287184471684473
31063,0.1411897434506853
31064,0.1013931778423964
31065,0.03885174918700678
31066,0.09532570362584843
31067,0.08155796530189055
31068,0.05385008895239068
31069,0.035194756820265335
31070,0.0472874451224437
31071,0.04576954626093176
31072,0.09831774697482025
31073,0.06126494107819702
31074,0.1013931778423964
31075,0.050467859648565414
31076,0.0521330604156563
31077,0.09831774697482025
31078,0.05744527367010645
31079,0.07903125771029479
31080,0.08155796530189055
31081,0.06962564382891834
31082,0.14538999654972165
31083,0.13309352252567752
31084,0.09241538285980007
31085,0.1411897434506853
31086,0.09831774697482025
31087,0.10455365490510782
31088,0.09831774697482025
31089,0.059326311972524026
31090,0.0340511524412236
31091,0.02136725069186659
31092,0.04148951147230672
31093,0.035194756820265335
31094,0.11456179056371053
31095,0.07903125771029479
31096,0.11456179056371053
31097,0.05744527367010645
31098,0.0521330604156563
31099,0.029825320005255892
31100,0.0340511524412236
31101,0.03637532268518375
31102,0.0521330604156563
31103,0.07657630222726251
31104,0.03637532268518375
31105,0.13309352252567752
31106,0.1013931778423964
31107,0.04014987964502801
31108,0.026994094835726477
31109,0.06126494107819702
31110,0.0521330604156563
31111,0.030831530235430404
31112,0.10455365490510782
31113,0.08155796530189055
31114,0.06744146074358998
31115,0.07903125771029479
31116,0.050467859648565414
31117,0.09241538285980007
31118,0.044298105555134894
31119,0.10780082751501731
31120,0.022094611379221522
31121,0.10780082751501731
31122,0.1013931778423964
31123,0.06962564382891834
31124,0.06126494107819702
31125,0.04885310630405945
31126,0.05744527367010645
31127,0.04576954626093176
31128,0.031870571610423684
31129,0.11807880307813506
31130,0.06744146074358998
31131,0.07903125771029479
31132,0.15410125929925808
31133,0.059326311972524026
31134,0.031870571610423684
31135,0.1013931778423964
31136,0.07187511267178946
31137,0.0472874451224437
31138,0.04885310630405945
31139,0.09241538285980007
31140,0.029825320005255892
31141,0.05385008895239068
31142,0.06126494107819702
31143,0.09831774697482025
31144,0.03637532268518375
31145,0.05744527367010645
31146,0.05562035029109824
31147,0.04576954626093176
31148,0.09532570362584843
31149,0.11456179056371053
31150,0.08155796530189055
31151,0.02885097064418959
31152,0.09532570362584843
31153,0.11456179056371053
31154,0.14538999654972165
31155,0.06326265912384453
31156,0.050467859648565414
31157,0.02442486287796552
31158,0.01868507284109021
31159,0.0521330604156563
31160,0.09532570362584843
31161,0.0895851163769912
31162,0.07657630222726251
31163,0.04148951147230672
31164,0.1411897434506853
31165,0.06962564382891834
31166,0.02525362158524688
31167,0.10780082751501731
31168,0.0472874451224437
31169,0.04576954626093176
31170,0.03885174918700678
31171,0.02885097064418959
31172,0.07903125771029479
31173,0.1370913686325979
31174,0.04576954626093176
31175,0.1013931778423964
31176,0.05385008895239068
31177,0.07657630222726251
31178,0.09241538285980007
31179,0.09241538285980007
31180,0.03294343905785485
31181,0.07187511267178946
31182,0.06962564382891834
31183,0.07657630222726251
31184,0.03885174918700678
31185,0.1253937758578759
31186,0.0521330604156563
31187,0.05385008895239068
31188,0.09241538285980007
31189,0.037593946162112056
31190,0.07419146202147729
31191,0.06532098566628583
31192,0.06326265912384453
31193,0.0340511524412236
31194,0.0895851163769912
31195,0.0521330604156563
31196,0.08155796530189055
31197,0.050467859648565414
31198,0.050467859648565414
31199,0.07419146202147729
31200,0.09241538285980007
31201,0.08415807244319695
31202,0.0472874451224437
31203,0.03885174918700678
31204,0.04014987964502801
31205,0.059326311972524026
31206,0.10780082751501731
31207,0.10455365490510782
31208,0.12168894794618093
31209,0.06326265912384453
31210,0.08415807244319695
31211,0.09532570362584843
31212,0.1253937758578759
31213,0.06744146074358998
31214,0.059326311972524026
31215,0.04576954626093176
31216,0.031870571610423684
31217,0.050467859648565414
31218,0.02790753622320684
31219,0.07657630222726251
31220,0.03294343905785485
31221,0.07657630222726251
31222,0.11456179056371053
31223,0.15410125929925808
31224,0.07903125771029479
31225,0.12919480614845036
31226,0.09831774697482025
31227,0.04148951147230672
31228,0.04148951147230672
31229,0.04014987964502801
31230,0.029825320005255892
31231,0.059326311972524026
31232,0.08683323524129412
31233,0.05744527367010645
31234,0.06326265912384453
31235,0.1013931778423964
31236,0.059326311972524026
31237,0.03885174918700678
31238,0.0895851163769912
31239,0.050467859648565414
31240,0.059326311972524026
31241,0.04885310630405945
31242,0.05562035029109824
31243,0.02136725069186659
31244,0.06962564382891834
31245,0.10780082751501731
31246,0.06126494107819702
31247,0.0340511524412236
31248,0.09241538285980007
31249,0.04885310630405945
31250,0.059326311972524026
31251,0.04885310630405945
31252,0.05744527367010645
31253,0.05744527367010645
31254,0.03885174918700678
31255,0.11807880307813506
31256,0.029825320005255892
31257,0.04885310630405945
31258,0.13309352252567752
31259,0.02885097064418959
31260,0.03294343905785485
31261,0.030831530235430404
31262,0.02885097064418959
31263,0.06532098566628583
31264,0.08155796530189055
31265,0.05562035029109824
31266,0.05385008895239068
31267,0.08683323524129412
31268,0.09831774697482025
31269,0.07657630222726251
31270,0.07419146202147729
31271,0.1013931778423964
31272,0.11113633246221037
31273,0.08415807244319695
31274,0.09241538285980007
31275,0.08155796530189055
31276,0.14538999654972165
31277,0.09831774697482025
31278,0.1253937758578759
31279,0.031870571610423684
31280,0.07657630222726251
31281,0.044298105555134894
31282,0.08155796530189055
31283,0.08683323524129412
31284,0.03637532268518375
31285,0.11807880307813506
31286,0.06532098566628583
31287,0.08415807244319695
31288,0.08415807244319695
31289,0.04576954626093176
31290,0.016892943165924136
31291,0.0895851163769912
31292,0.07419146202147729
31293,0.08683323524129412
31294,0.09241538285980007
31295,0.1013931778423964
31296,0.09241538285980007
31297,0.037593946162112056
31298,0.0340511524412236
31299,0.044298105555134894
31300,0.06326265912384453
31301,0.12919480614845036
31302,0.0521330604156563
31303,0.07419146202147729
31304,0.09532570362584843
31305,0.13309352252567752
31306,0.05744527367010645
31307,0.08155796530189055
31308,0.08415807244319695
31309,0.1253937758578759
31310,0.07419146202147729
31311,0.0472874451224437
31312,0.0472874451224437
31313,0.1370913686325979
31314,0.06962564382891834
31315,0.04576954626093176
31316,0.1013931778423964
31317,0.03294343905785485
31318,0.0521330604156563
31319,0.04885310630405945
31320,0.14538999654972165
31321,0.10780082751501731
31322,0.07187511267178946
31323,0.07419146202147729
31324,0.0472874451224437
31325,0.05744527367010645
31326,0.10780082751501731
31327,0.06532098566628583
31328,0.04287184471684473
31329,0.06126494107819702
31330,0.059326311972524026
31331,0.0895851163769912
31332,0.13309352252567752
31333,0.06326265912384453
31334,0.037593946162112056
31335,0.035194756820265335
31336,0.11807880307813506
31337,0.037593946162112056
31338,0.044298105555134894
31339,0.06326265912384453
31340,0.05385008895239068
31341,0.09532570362584843
31342,0.05562035029109824
31343,0.09532570362584843
31344,0.035194756820265335
31345,0.0472874451224437
31346,0.04148951147230672
31347,0.13309352252567752
31348,0.04014987964502801
31349,0.09831774697482025
31350,0.019322932527049887
31351,0.02284615406529167
31352,0.11807880307813506
31353,0.06126494107819702
31354,0.059326311972524026
31355,0.04576954626093176
31356,0.0472874451224437
31357,0.08155796530189055
31358,0.06962564382891834
31359,0.09532570362584843
31360,0.06326265912384453
31361,0.10780082751501731
31362,0.04148951147230672
31363,0.06126494107819702
31364,0.050467859648565414
31365,0.09532570362584843
31366,0.09532570362584843
31367,0.10455365490510782
31368,0.07419146202147729
31369,0.06532098566628583
31370,0.02525362158524688
31371,0.10455365490510782
31372,0.06532098566628583
31373,0.07903125771029479
31374,0.09532570362584843
31375,0.1013931778423964
31376,0.06126494107819702
31377,0.029825320005255892
31378,0.04014987964502801
31379,0.059326311972524026
31380,0.08415807244319695
31381,0.06744146074358998
31382,0.037593946162112056
31383,0.06962564382891834
31384,0.08155796530189055
31385,0.04148951147230672
31386,0.13309352252567752
31387,0.09241538285980007
31388,0.06962564382891834
31389,0.1370913686325979
31390,0.08683323524129412
31391,0.15861467629411466
31392,0.0895851163769912
31393,0.07419146202147729
31394,0.06532098566628583
31395,0.01868507284109021
31396,0.07657630222726251
31397,0.0472874451224437
31398,0.0340511524412236
31399,0.059326311972524026
31400,0.09831774697482025
31401,0.05744527367010645
31402,0.04148951147230672
31403,0.09241538285980007
31404,0.050467859648565414
31405,0.04287184471684473
31406,0.11807880307813506
31407,0.09241538285980007
31408,0.0340511524412236
31409,0.05744527367010645
31410,0.08155796530189055
31411,0.037593946162112056
31412,0.0340511524412236
31413,0.07657630222726251
31414,0.02136725069186659
31415,0.08155796530189055
31416,0.07657630222726251
31417,0.07419146202147729
31418,0.05744527367010645
31419,0.10780082751501731
31420,0.044298105555134894
31421,0.1370913686325979
31422,0.05385008895239068
31423,0.02885097064418959
31424,0.050467859648565414
31425,0.04148951147230672
31426,0.12919480614845036
31427,0.07903125771029479
31428,0.0521330604156563
31429,0.02284615406529167
31430,0.08683323524129412
31431,0.05744527367010645
31432,0.059326311972524026
31433,0.06532098566628583
31434,0.06532098566628583
31435,0.1013931778423964
31436,0.07419146202147729
31437,0.029825320005255892
31438,0.07903125771029479
31439,0.11113633246221037
31440,0.044298105555134894
31441,0.04287184471684473
31442,0.06532098566628583
31443,0.05385008895239068
31444,0.03637532268518375
31445,0.07187511267178946
31446,0.02885097064418959
31447,0.06532098566628583
31448,0.11113633246221037
31449,0.1253937758578759
31450,0.044298105555134894
31451,0.13309352252567752
31452,0.08155796530189055
31453,0.03294343905785485
31454,0.04576954626093176
31455,0.09532570362584843
31456,0.023622642765858633
31457,0.12168894794618093
31458,0.030831530235430404
31459,0.1253937758578759
31460,0.11113633246221037
31461,0.037593946162112056
31462,0.08415807244319695
31463,0.035194756820265335
31464,0.035194756820265335
31465,0.035194756820265335
31466,0.019322932527049887
31467,0.12919480614845036
31468,0.11113633246221037
31469,0.07419146202147729
31470,0.04148951147230672
31471,0.08415807244319695
31472,0.0521330604156563
31473,0.05562035029109824
31474,0.11807880307813506
31475,0.0521330604156563
31476,0.08683323524129412
31477,0.06744146074358998
31478,0.0472874451224437
31479,0.06744146074358998
31480,0.037593946162112056
31481,0.0340511524412236
31482,0.01998212368725082
31483,0.11113633246221037
31484,0.14538999654972165
31485,0.12168894794618093
31486,0.05744527367010645
31487,0.059326311972524026
31488,0.08683323524129412
31489,0.04287184471684473
31490,0.06126494107819702
31491,0.06532098566628583
31492,0.04576954626093176
31493,0.03637532268518375
31494,0.06126494107819702
31495,0.04885310630405945
31496,0.02525362158524688
31497,0.044298105555134894
31498,0.0521330604156563
31499,0.08683323524129412
31500,0.07187511267178946
31501,0.07903125771029479
31502,0.0895851163769912
31503,0.06126494107819702
31504,0.08683323524129412
31505,0.09831774697482025
31506,0.0472874451224437
31507,0.09241538285980007
31508,0.10780082751501731
31509,0.0340511524412236
31510,0.0895851163769912
31511,0.12168894794618093
31512,0.06532098566628583
31513,0.059326311972524026
31514,0.11456179056371053
31515,0.02885097064418959
31516,0.07657630222726251
31517,0.0895851163769912
31518,0.06962564382891834
31519,0.08683323524129412
31520,0.04287184471684473
31521,0.01868507284109021
31522,0.0340511524412236
31523,0.059326311972524026
31524,0.04576954626093176
31525,0.05562035029109824
31526,0.07903125771029479
31527,0.06326265912384453
31528,0.06532098566628583
31529,0.05744527367010645
31530,0.05385008895239068
31531,0.044298105555134894
31532,0.06126494107819702
31533,0.1411897434506853
31534,0.09241538285980007
31535,0.04576954626093176
31536,0.03885174918700678
31537,0.05562035029109824
31538,0.0472874451224437
31539,0.07419146202147729
31540,0.05562035029109824
31541,0.06326265912384453
31542,0.06962564382891834
31543,0.06326265912384453
31544,0.03885174918700678
31545,0.09831774697482025
31546,0.05562035029109824
31547,0.0472874451224437
31548,0.04287184471684473
31549,0.1253937758578759
31550,0.030831530235430404
31551,0.01868507284109021
31552,0.07657630222726251
31553,0.06326265912384453
31554,0.08683323524129412
31555,0.035194756820265335
31556,0.0895851163769912
31557,0.050467859648565414
31558,0.1253937758578759
31559,0.08415807244319695
31560,0.06962564382891834
31561,0.0895851163769912
31562,0.1013931778423964
31563,0.05744527367010645
31564,0.08155796530189055
31565,0.044298105555134894
31566,0.04148951147230672
31567,0.06326265912384453
31568,0.02442486287796552
31569,0.1253937758578759
31570,0.03885174918700678
31571,0.0895851163769912
31572,0.09532570362584843
31573,0.09532570362584843
31574,0.04014987964502801
31575,0.06532098566628583
31576,0.09241538285980007
31577,0.11113633246221037
31578,0.035194756820265335
31579,0.05562035029109824
31580,0.06126494107819702
31581,0.06962564382891834
31582,0.031870571610423684
31583,0.019322932527049887
31584,0.0472874451224437
31585,0.037593946162112056
31586,0.05385008895239068
31587,0.05562035029109824
31588,0.04576954626093176
31589,0.09241538285980007
31590,0.07903125771029479
31591,0.09241538285980007
31592,0.026994094835726477
31593,0.04287184471684473
31594,0.04014987964502801
31595,0.11807880307813506
31596,0.08683323524129412
31597,0.12168894794618093
31598,0.08155796530189055
31599,0.050467859648565414
31600,0.07657630222726251
31601,0.05385008895239068
31602,0.04148951147230672
31603,0.03294343905785485
31604,0.06532098566628583
31605,0.07657630222726251
31606,0.02885097064418959
31607,0.03885174918700678
31608,0.07657630222726251
31609,0.050467859648565414
31610,0.12919480614845036
31611,0.0472874451224437
31612,0.0895851163769912
31613,0.050467859648565414
31614,0.07187511267178946
31615,0.0472874451224437
31616,0.03294343905785485
31617,0.07187511267178946
31618,0.02442486287796552
31619,0.06532098566628583
31620,0.023622642765858633
31621,0.07187511267178946
31622,0.026109748256448687
31623,0.10455365490510782
31624,0.11456179056371053
31625,0.06962564382891834
31626,0.07419146202147729
31627,0.11113633246221037
31628,0.09532570362584843
31629,0.07187511267178946
31630,0.05744527367010645
31631,0.050467859648565414
31632,0.059326311972524026
31633,0.04576954626093176
31634,0.05385008895239068
31635,0.10455365490510782
31636,0.03637532268518375
31637,0.09532570362584843
31638,0.09532570362584843
31639,0.07903125771029479
31640,0.04014987964502801
31641,0.031870571610423684
31642,0.0521330604156563
31643,0.06962564382891834
31644,0.10780082751501731
31645,0.07187511267178946
31646,0.031870571610423684
31647,0.06532098566628583
31648,0.07419146202147729
31649,0.0895851163769912
31650,0.037593946162112056
31651,0.031870571610423684
31652,0.08683323524129412
31653,0.07419146202147729
31654,0.1253937758578759
31655,0.031870571610423684
31656,0.1013931778423964
31657,0.06326265912384453
31658,0.04885310630405945
31659,0.0340511524412236
31660,0.12168894794618093
31661,0.04885310630405945
31662,0.07187511267178946
31663,0.03885174918700678
31664,0.08155796530189055
31665,0.07187511267178946
31666,0.019322932527049887
31667,0.03294343905785485
31668,0.035194756820265335
31669,0.06744146074358998
31670,0.07657630222726251
31671,0.050467859648565414
31672,0.08683323524129412
31673,0.04885310630405945
31674,0.035194756820265335
31675,0.04014987964502801
31676,0.07419146202147729
31677,0.08155796530189055
31678,0.030831530235430404
31679,0.06126494107819702
31680,0.05562035029109824
31681,0.04014987964502801
31682,0.04014987964502801
31683,0.04287184471684473
31684,0.06744146074358998
31685,0.05744527367010645
31686,0.02790753622320684
31687,0.06744146074358998
31688,0.050467859648565414
31689,0.10455365490510782
31690,0.03637532268518375
31691,0.07903125771029479
31692,0.11113633246221037
31693,0.09831774697482025
31694,0.06126494107819702
31695,0.04148951147230672
31696,0.13309352252567752
31697,0.050467859648565414
31698,0.059326311972524026
31699,0.0895851163769912
31700,0.06126494107819702
31701,0.02442486287796552
31702,0.04014987964502801
31703,0.06744146074358998
31704,0.05562035029109824
31705,0.06126494107819702
31706,0.10780082751501731
31707,0.050467859648565414
31708,0.04148951147230672
31709,0.08683323524129412
31710,0.10455365490510782
31711,0.11113633246221037
31712,0.11456179056371053
31713,0.14538999654972165
31714,0.02442486287796552
31715,0.037593946162112056
31716,0.06744146074358998
31717,0.031870571610423684
31718,0.06744146074358998
31719,0.04287184471684473
31720,0.06744146074358998
31721,0.10780082751501731
31722,0.0472874451224437
31723,0.03637532268518375
31724,0.05562035029109824
31725,0.02885097064418959
31726,0.07419146202147729
31727,0.0472874451224437
31728,0.023622642765858633
31729,0.09831774697482025
31730,0.04148951147230672
31731,0.12919480614845036
31732,0.11456179056371053
31733,0.11807880307813506
31734,0.06532098566628583
31735,0.12919480614845036
31736,0.05385008895239068
31737,0.09241538285980007
31738,0.10455365490510782
31739,0.08683323524129412
31740,0.05744527367010645
31741,0.0521330604156563
31742,0.09241538285980007
31743,0.07187511267178946
31744,0.10455365490510782
31745,0.10780082751501731
31746,0.07419146202147729
31747,0.1370913686325979
31748,0.05385008895239068
31749,0.11456179056371053
31750,0.059326311972524026
31751,0.04885310630405945
31752,0.12168894794618093
31753,0.02790753622320684
31754,0.06532098566628583
31755,0.07657630222726251
31756,0.04014987964502801
31757,0.01633396259861487
31758,0.09532570362584843
31759,0.06744146074358998
31760,0.06744146074358998
31761,0.01998212368725082
31762,0.0340511524412236
31763,0.07657630222726251
31764,0.03637532268518375
31765,0.050467859648565414
31766,0.12168894794618093
31767,0.1370913686325979
31768,0.03294343905785485
31769,0.04885310630405945
31770,0.02885097064418959
31771,0.08683323524129412
31772,0.04885310630405945
31773,0.11456179056371053
31774,0.044298105555134894
31775,0.06744146074358998
31776,0.044298105555134894
31777,0.02525362158524688
31778,0.050467859648565414
31779,0.04014987964502801
31780,0.01806788128844435
31781,0.06744146074358998
31782,0.059326311972524026
31783,0.05562035029109824
31784,0.11113633246221037
31785,0.06962564382891834
31786,0.12168894794618093
31787,0.06126494107819702
31788,0.07903125771029479
31789,0.04014987964502801
31790,0.044298105555134894
31791,0.03637532268518375
31792,0.044298105555134894
31793,0.08155796530189055
31794,0.059326311972524026
31795,0.0895851163769912
31796,0.1013931778423964
31797,0.04576954626093176
31798,0.13309352252567752
31799,0.05385008895239068
31800,0.059326311972524026
31801,0.02790753622320684
31802,0.03637532268518375
31803,0.023622642765858633
31804,0.03637532268518375
31805,0.11456179056371053
31806,0.04148951147230672
31807,0.04576954626093176
31808,0.11113633246221037
31809,0.04885310630405945
31810,0.04287184471684473
31811,0.09831774697482025
31812,0.09241538285980007
31813,0.10455365490510782
31814,0.050467859648565414
31815,0.12919480614845036
31816,0.12168894794618093
31817,0.05744527367010645
31818,0.02284615406529167
31819,0.09241538285980007
31820,0.02525362158524688
31821,0.08155796530189055
31822,0.11456179056371053
31823,0.1253937758578759
31824,0.1013931778423964
31825,0.06326265912384453
31826,0.06126494107819702
31827,0.050467859648565414
31828,0.02442486287796552
31829,0.07187511267178946
31830,0.037593946162112056
31831,0.037593946162112056
31832,0.0472874451224437
31833,0.07419146202147729
31834,0.07657630222726251
31835,0.031870571610423684
31836,0.04885310630405945
31837,0.1013931778423964
31838,0.031870571610423684
31839,0.06326265912384453
31840,0.1411897434506853
31841,0.05385008895239068
31842,0.09532570362584843
31843,0.13309352252567752
31844,0.07419146202147729
31845,0.07419146202147729
31846,0.06532098566628583
31847,0.06744146074358998
31848,0.07419146202147729
31849,0.044298105555134894
31850,0.01806788128844435
31851,0.12168894794618093
31852,0.08683323524129412
31853,0.09241538285980007
31854,0.04576954626093176
31855,0.04885310630405945
31856,0.05562035029109824
31857,0.031870571610423684
31858,0.04148951147230672
31859,0.0340511524412236
31860,0.03637532268518375
31861,0.06744146074358998
31862,0.08683323524129412
31863,0.03885174918700678
31864,0.08415807244319695
31865,0.06744146074358998
31866,0.05562035029109824
31867,0.07187511267178946
31868,0.04287184471684473
31869,0.030831530235430404
31870,0.035194756820265335
31871,0.02790753622320684
31872,0.1411897434506853
31873,0.04148951147230672
31874,0.1253937758578759
31875,0.09831774697482025
31876,0.11113633246221037
31877,0.08415807244319695
31878,0.044298105555134894
31879,0.05562035029109824
31880,0.07903125771029479
31881,0.02885097064418959
31882,0.03294343905785485
31883,0.07657630222726251
31884,0.07419146202147729
31885,0.04287184471684473
31886,0.02790753622320684
31887,0.06744146074358998
31888,0.037593946162112056
31889,0.07657630222726251
31890,0.02885097064418959
31891,0.050467859648565414
31892,0.059326311972524026
31893,0.07419146202147729
31894,0.059326311972524026
31895,0.06532098566628583
31896,0.0895851163769912
31897,0.09532570362584843
31898,0.07187511267178946
31899,0.04014987964502801
31900,0.05744527367010645
31901,0.1013931778423964
31902,0.09532570362584843
31903,0.06744146074358998
31904,0.035194756820265335
31905,0.059326311972524026
31906,0.03637532268518375
31907,0.03294343905785485
31908,0.0895851163769912
31909,0.059326311972524026
31910,0.050467859648565414
31911,0.1253937758578759
31912,0.09831774697482025
31913,0.08415807244319695
31914,0.026109748256448687
31915,0.11113633246221037
31916,0.1370913686325979
31917,0.029825320005255892
31918,0.05744527367010645
31919,0.06744146074358998
31920,0.08683323524129412
31921,0.03294343905785485
31922,0.11113633246221037
31923,0.05562035029109824
31924,0.04576954626093176
31925,0.044298105555134894
31926,0.050467859648565414
31927,0.03294343905785485
31928,0.07187511267178946
31929,0.05744527367010645
31930,0.10780082751501731
31931,0.12168894794618093
31932,0.07187511267178946
31933,0.02136725069186659
31934,0.044298105555134894
31935,0.04576954626093176
31936,0.1013931778423964
31937,0.07187511267178946
31938,0.1370913686325979
31939,0.04885310630405945
31940,0.04014987964502801
31941,0.044298105555134894
31942,0.06744146074358998
31943,0.0521330604156563
31944,0.0521330604156563
31945,0.04885310630405945
31946,0.08683323524129412
31947,0.0472874451224437
31948,0.0521330604156563
31949,0.0472874451224437
31950,0.04576954626093176
31951,0.03294343905785485
31952,0.09532570362584843
31953,0.08683323524129412
31954,0.029825320005255892
31955,0.06962564382891834
31956,0.05744527367010645
31957,0.11807880307813506
31958,0.06126494107819702
31959,0.09532570362584843
31960,0.07903125771029479
31961,0.09831774697482025
31962,0.04014987964502801
31963,0.05744527367010645
31964,0.09532570362584843
31965,0.02885097064418959
31966,0.020663328957880672
31967,0.031870571610423684
31968,0.03294343905785485
31969,0.0521330604156563
31970,0.04885310630405945
31971,0.06326265912384453
31972,0.030831530235430404
31973,0.031870571610423684
31974,0.06326265912384453
31975,0.022094611379221522
31976,0.050467859648565414
31977,0.03294343905785485
31978,0.03885174918700678
31979,0.06744146074358998
31980,0.07187511267178946
31981,0.09532570362584843
31982,0.0472874451224437
31983,0.037593946162112056
31984,0.07657630222726251
31985,0.026109748256448687
31986,0.03637532268518375
31987,0.08415807244319695
31988,0.06962564382891834
31989,0.04148951147230672
31990,0.03885174918700678
31991,0.03885174918700678
31992,0.11456179056371053
31993,0.06532098566628583
31994,0.1253937758578759
31995,0.08683323524129412
31996,0.08155796530189055
31997,0.04576954626093176
31998,0.044298105555134894
31999,0.050467859648565414
32000,0.08683323524129412
32001,0.05562035029109824
32002,0.10455365490510782
32003,0.04576954626093176
32004,0.09532570362584843
32005,0.09532570362584843
32006,0.11113633246221037
32007,0.08415807244319695
32008,0.14538999654972165
32009,0.11113633246221037
32010,0.08155796530189055
32011,0.07419146202147729
32012,0.09241538285980007
32013,0.09831774697482025
32014,0.05562035029109824
32015,0.059326311972524026
32016,0.10780082751501731
32017,0.10455365490510782
32018,0.09532570362584843
32019,0.02525362158524688
32020,0.06532098566628583
32021,0.0521330604156563
32022,0.059326311972524026
32023,0.09241538285980007
32024,0.14969342319192988
32025,0.09241538285980007
32026,0.09532570362584843
32027,0.0472874451224437
32028,0.06532098566628583
32029,0.04014987964502801
32030,0.08415807244319695
32031,0.0895851163769912
32032,0.1013931778423964
32033,0.06532098566628583
32034,0.07903125771029479
32035,0.12168894794618093
32036,0.05562035029109824
32037,0.04885310630405945
32038,0.08683323524129412
32039,0.09532570362584843
32040,0.03637532268518375
32041,0.050467859648565414
32042,0.04287184471684473
32043,0.06744146074358998
32044,0.02442486287796552
32045,0.0895851163769912
32046,0.10455365490510782
32047,0.10780082751501731
32048,0.08155796530189055
32049,0.01998212368725082
32050,0.031870571610423684
32051,0.14969342319192988
32052,0.0472874451224437
32053,0.0521330604156563
32054,0.12168894794618093
32055,0.04014987964502801
32056,0.09831774697482025
32057,0.04287184471684473
32058,0.02525362158524688
32059,0.05385008895239068
32060,0.09241538285980007
32061,0.0521330604156563
32062,0.07657630222726251
32063,0.06532098566628583
32064,0.05744527367010645
32065,0.13309352252567752
32066,0.07419146202147729
32067,0.1013931778423964
32068,0.02525362158524688
32069,0.11456179056371053
32070,0.04576954626093176
32071,0.05562035029109824
32072,0.12919480614845036
32073,0.07657630222726251
32074,0.12168894794618093
32075,0.044298105555134894
32076,0.1013931778423964
32077,0.0472874451224437
32078,0.06744146074358998
32079,0.04014987964502801
32080,0.08155796530189055
32081,0.030831530235430404
32082,0.05562035029109824
32083,0.07419146202147729
32084,0.1411897434506853
32085,0.07419146202147729
32086,0.06744146074358998
32087,0.04014987964502801
32088,0.14538999654972165
32089,0.04576954626093176
32090,0.03637532268518375
32091,0.07903125771029479
32092,0.09532570362584843
32093,0.08155796530189055
32094,0.04576954626093176
32095,0.06126494107819702
32096,0.1370913686325979
32097,0.03294343905785485
32098,0.06532098566628583
32099,0.017470713401722432
32100,0.04014987964502801
32101,0.06126494107819702
32102,0.035194756820265335
32103,0.06532098566628583
32104,0.07187511267178946
32105,0.04287184471684473
32106,0.11807880307813506
32107,0.10455365490510782
32108,0.06326265912384453
32109,0.05744527367010645
32110,0.02442486287796552
32111,0.04287184471684473
32112,0.11807880307813506
32113,0.06532098566628583
32114,0.03294343905785485
32115,0.0521330604156563
32116,0.08683323524129412
32117,0.02885097064418959
32118,0.1013931778423964
32119,0.12919480614845036
32120,0.04576954626093176
32121,0.02790753622320684
32122,0.050467859648565414
32123,0.050467859648565414
32124,0.12919480614845036
32125,0.01998212368725082
32126,0.03294343905785485
32127,0.04885310630405945
32128,0.050467859648565414
32129,0.035194756820265335
32130,0.08683323524129412
32131,0.030831530235430404
32132,0.07419146202147729
32133,0.05744527367010645
32134,0.0472874451224437
32135,0.07187511267178946
32136,0.0340511524412236
32137,0.03637532268518375
32138,0.04885310630405945
32139,0.0472874451224437
32140,0.037593946162112056
32141,0.07187511267178946
32142,0.05385008895239068
32143,0.12168894794618093
32144,0.05385008895239068
32145,0.03885174918700678
32146,0.08415807244319695
32147,0.06126494107819702
32148,0.11807880307813506
32149,0.11113633246221037
32150,0.02885097064418959
32151,0.06962564382891834
32152,0.0521330604156563
32153,0.13309352252567752
32154,0.02525362158524688
32155,0.11113633246221037
32156,0.1411897434506853
32157,0.05562035029109824
32158,0.03637532268518375
32159,0.04885310630405945
32160,0.09241538285980007
32161,0.0521330604156563
32162,0.050467859648565414
32163,0.0521330604156563
32164,0.03637532268518375
32165,0.06326265912384453
32166,0.07419146202147729
32167,0.09241538285980007
32168,0.07419146202147729
32169,0.029825320005255892
32170,0.11113633246221037
32171,0.04287184471684473
32172,0.03294343905785485
32173,0.1253937758578759
32174,0.050467859648565414
32175,0.1013931778423964
32176,0.06962564382891834
32177,0.04287184471684473
32178,0.05744527367010645
32179,0.11113633246221037
32180,0.09831774697482025
32181,0.0472874451224437
32182,0.05562035029109824
32183,0.044298105555134894
32184,0.11113633246221037
32185,0.0895851163769912
32186,0.07903125771029479
32187,0.04014987964502801
32188,0.11807880307813506
32189,0.0895851163769912
32190,0.06532098566628583
32191,0.06744146074358998
32192,0.09532570362584843
32193,0.026109748256448687
32194,0.07657630222726251
32195,0.03294343905785485
32196,0.06126494107819702
32197,0.0895851163769912
32198,0.07657630222726251
32199,0.029825320005255892
32200,0.1370913686325979
32201,0.037593946162112056
32202,0.059326311972524026
32203,0.05562035029109824
32204,0.06962564382891834
32205,0.06326265912384453
32206,0.0472874451224437
32207,0.050467859648565414
32208,0.04885310630405945
32209,0.07903125771029479
32210,0.0895851163769912
32211,0.04885310630405945
32212,0.030831530235430404
32213,0.03885174918700678
32214,0.03885174918700678
32215,0.06962564382891834
32216,0.09532570362584843
32217,0.02885097064418959
32218,0.07903125771029479
32219,0.06326265912384453
32220,0.09241538285980007
32221,0.09241538285980007
32222,0.09532570362584843
32223,0.04576954626093176
32224,0.06744146074358998
32225,0.06744146074358998
32226,0.02790753622320684
32227,0.11113633246221037
32228,0.08155796530189055
32229,0.09241538285980007
32230,0.05562035029109824
32231,0.04885310630405945
32232,0.10780082751501731
32233,0.03294343905785485
32234,0.05385008895239068
32235,0.07187511267178946
32236,0.07187511267178946
32237,0.02525362158524688
32238,0.044298105555134894
32239,0.05744527367010645
32240,0.05385008895239068
32241,0.019322932527049887
32242,0.05744527367010645
32243,0.1253937758578759
32244,0.01579318133211142
32245,0.12168894794618093
32246,0.12168894794618093
32247,0.04885310630405945
32248,0.044298105555134894
32249,0.06744146074358998
32250,0.05385008895239068
32251,0.03294343905785485
32252,0.04287184471684473
32253,0.07187511267178946
32254,0.06532098566628583
32255,0.04576954626093176
32256,0.10455365490510782
32257,0.05385008895239068
32258,0.04885310630405945
32259,0.0472874451224437
32260,0.07903125771029479
32261,0.06962564382891834
32262,0.0895851163769912
32263,0.05744527367010645
32264,0.09241538285980007
32265,0.11456179056371053
32266,0.037593946162112056
32267,0.04148951147230672
32268,0.06962564382891834
32269,0.03637532268518375
32270,0.03294343905785485
32271,0.04885310630405945
32272,0.1013931778423964
32273,0.029825320005255892
32274,0.07419146202147729
32275,0.06126494107819702
32276,0.12919480614845036
32277,0.06326265912384453
32278,0.08683323524129412
32279,0.07419146202147729
32280,0.08155796530189055
32281,0.0895851163769912
32282,0.035194756820265335
32283,0.030831530235430404
32284,0.026994094835726477
32285,0.04576954626093176
32286,0.15861467629411466
32287,0.08415807244319695
32288,0.01633396259861487
32289,0.1370913686325979
32290,0.11113633246221037
32291,0.11807880307813506
32292,0.11113633246221037
32293,0.1013931778423964
32294,0.15410125929925808
32295,0.05562035029109824
32296,0.05744527367010645
32297,0.06532098566628583
32298,0.0472874451224437
32299,0.035194756820265335
32300,0.14969342319192988
32301,0.03294343905785485
32302,0.050467859648565414
32303,0.059326311972524026
32304,0.04148951147230672
32305,0.029825320005255892
32306,0.10455365490510782
32307,0.10455365490510782
32308,0.04148951147230672
32309,0.03294343905785485
32310,0.06326265912384453
32311,0.09831774697482025
32312,0.04885310630405945
32313,0.06326265912384453
32314,0.050467859648565414
32315,0.05385008895239068
32316,0.06126494107819702
32317,0.05744527367010645
32318,0.03637532268518375
32319,0.06744146074358998
32320,0.04148951147230672
32321,0.10455365490510782
32322,0.0521330604156563
32323,0.04014987964502801
32324,0.04576954626093176
32325,0.05385008895239068
32326,0.0895851163769912
32327,0.09241538285980007
32328,0.030831530235430404
32329,0.09831774697482025
32330,0.07657630222726251
32331,0.06126494107819702
32332,0.07187511267178946
32333,0.01998212368725082
32334,0.07657630222726251
32335,0.06532098566628583
32336,0.02284615406529167
32337,0.04148951147230672
32338,0.05562035029109824
32339,0.10780082751501731
32340,0.023622642765858633
32341,0.02525362158524688
32342,0.08683323524129412
32343,0.07419146202147729
32344,0.03885174918700678
32345,0.04148951147230672
32346,0.05385008895239068
32347,0.07903125771029479
32348,0.1013931778423964
32349,0.04148951147230672
32350,0.050467859648565414
32351,0.07657630222726251
32352,0.06532098566628583
32353,0.0521330604156563
32354,0.03637532268518375
32355,0.07903125771029479
32356,0.06326265912384453
32357,0.11113633246221037
32358,0.04576954626093176
32359,0.07903125771029479
32360,0.05744527367010645
32361,0.0472874451224437
32362,0.05562035029109824
32363,0.09831774697482025
32364,0.06744146074358998
32365,0.07187511267178946
32366,0.0340511524412236
32367,0.08155796530189055
32368,0.09831774697482025
32369,0.08415807244319695
32370,0.08683323524129412
32371,0.031870571610423684
32372,0.05744527367010645
32373,0.06532098566628583
32374,0.0340511524412236
32375,0.06532098566628583
32376,0.04287184471684473
32377,0.029825320005255892
32378,0.07903125771029479
32379,0.1253937758578759
32380,0.0472874451224437
32381,0.06326265912384453
32382,0.050467859648565414
32383,0.05562035029109824
32384,0.02284615406529167
32385,0.04576954626093176
32386,0.09241538285980007
32387,0.08683323524129412
32388,0.030831530235430404
32389,0.10455365490510782
32390,0.0340511524412236
32391,0.09241538285980007
32392,0.035194756820265335
32393,0.09831774697482025
32394,0.06744146074358998
32395,0.04885310630405945
32396,0.06326265912384453
32397,0.03637532268518375
32398,0.035194756820265335
32399,0.07657630222726251
32400,0.03637532268518375
32401,0.08683323524129412
32402,0.1411897434506853
32403,0.1253937758578759
32404,0.09241538285980007
32405,0.04576954626093176
32406,0.02790753622320684
32407,0.11113633246221037
32408,0.13309352252567752
32409,0.07657630222726251
32410,0.04148951147230672
32411,0.11456179056371053
32412,0.05744527367010645
32413,0.11807880307813506
32414,0.026109748256448687
32415,0.0521330604156563
32416,0.030831530235430404
32417,0.09241538285980007
32418,0.07419146202147729
32419,0.12168894794618093
32420,0.035194756820265335
32421,0.07657630222726251
32422,0.06744146074358998
32423,0.07657630222726251
32424,0.03637532268518375
32425,0.04287184471684473
32426,0.07419146202147729
32427,0.04148951147230672
32428,0.02442486287796552
32429,0.04576954626093176
32430,0.10780082751501731
32431,0.11807880307813506
32432,0.06532098566628583
32433,0.04885310630405945
32434,0.0340511524412236
32435,0.02136725069186659
32436,0.08415807244319695
32437,0.05385008895239068
32438,0.06326265912384453
32439,0.050467859648565414
32440,0.1370913686325979
32441,0.07419146202147729
32442,0.0472874451224437
32443,0.14538999654972165
32444,0.059326311972524026
32445,0.06532098566628583
32446,0.05385008895239068
32447,0.09532570362584843
32448,0.11807880307813506
32449,0.050467859648565414
32450,0.04885310630405945
32451,0.0472874451224437
32452,0.06962564382891834
32453,0.07903125771029479
32454,0.044298105555134894
32455,0.07419146202147729
32456,0.05385008895239068
32457,0.0895851163769912
32458,0.08415807244319695
32459,0.04148951147230672
32460,0.11807880307813506
32461,0.04014987964502801
32462,0.04148951147230672
32463,0.0521330604156563
32464,0.07903125771029479
32465,0.04014987964502801
32466,0.1370913686325979
32467,0.0521330604156563
32468,0.07903125771029479
32469,0.08155796530189055
32470,0.0340511524412236
32471,0.03294343905785485
32472,0.04576954626093176
32473,0.09241538285980007
32474,0.07657630222726251
32475,0.10455365490510782
32476,0.04148951147230672
32477,0.1013931778423964
32478,0.1013931778423964
32479,0.06126494107819702
32480,0.059326311972524026
32481,0.03885174918700678
32482,0.0895851163769912
32483,0.03885174918700678
32484,0.0340511524412236
32485,0.06532098566628583
32486,0.07419146202147729
32487,0.04287184471684473
32488,0.04576954626093176
32489,0.044298105555134894
32490,0.1411897434506853
32491,0.09831774697482025
32492,0.07657630222726251
32493,0.050467859648565414
32494,0.0895851163769912
32495,0.07419146202147729
32496,0.037593946162112056
32497,0.05744527367010645
32498,0.02442486287796552
32499,0.07187511267178946
32500,0.05385008895239068
32501,0.09532570362584843
32502,0.09532570362584843
32503,0.05744527367010645
32504,0.0521330604156563
32505,0.1013931778423964
32506,0.06326265912384453
32507,0.05562035029109824
32508,0.02525362158524688
32509,0.06126494107819702
32510,0.0472874451224437
32511,0.02525362158524688
32512,0.019322932527049887
32513,0.06744146074358998
32514,0.1253937758578759
32515,0.04287184471684473
32516,0.11807880307813506
32517,0.06744146074358998
32518,0.04287184471684473
32519,0.029825320005255892
32520,0.11113633246221037
32521,0.0472874451224437
32522,0.07903125771029479
32523,0.06326265912384453
32524,0.037593946162112056
32525,0.1411897434506853
32526,0.050467859648565414
32527,0.0472874451224437
32528,0.05385008895239068
32529,0.08683323524129412
32530,0.04287184471684473
32531,0.09831774697482025
32532,0.05385008895239068
32533,0.08415807244319695
32534,0.12168894794618093
32535,0.0472874451224437
32536,0.09532570362584843
32537,0.09532570362584843
32538,0.059326311972524026
32539,0.1013931778423964
32540,0.01806788128844435
32541,0.04014987964502801
32542,0.1370913686325979
32543,0.07419146202147729
32544,0.07187511267178946
32545,0.11456179056371053
32546,0.06126494107819702
32547,0.0521330604156563
32548,0.035194756820265335
32549,0.050467859648565414
32550,0.030831530235430404
32551,0.1411897434506853
32552,0.09532570362584843
32553,0.044298105555134894
32554,0.06532098566628583
32555,0.05562035029109824
32556,0.06126494107819702
32557,0.06326265912384453
32558,0.06126494107819702
32559,0.07903125771029479
32560,0.05562035029109824
32561,0.06126494107819702
32562,0.1013931778423964
32563,0.10455365490510782
32564,0.06126494107819702
32565,0.08683323524129412
32566,0.05385008895239068
32567,0.11807880307813506
32568,0.09532570362584843
32569,0.06532098566628583
32570,0.05385008895239068
32571,0.026994094835726477
32572,0.03294343905785485
32573,0.07657630222726251
32574,0.01998212368725082
32575,0.12168894794618093
32576,0.09241538285980007
32577,0.06326265912384453
32578,0.08415807244319695
32579,0.04287184471684473
32580,0.05562035029109824
32581,0.05744527367010645
32582,0.0895851163769912
32583,0.09241538285980007
32584,0.06326265912384453
32585,0.08415807244319695
32586,0.09532570362584843
32587,0.10455365490510782
32588,0.04014987964502801
32589,0.02885097064418959
32590,0.050467859648565414
32591,0.05562035029109824
32592,0.09831774697482025
32593,0.0895851163769912
32594,0.0340511524412236
32595,0.04287184471684473
32596,0.050467859648565414
32597,0.026994094835726477
32598,0.02790753622320684
32599,0.06744146074358998
32600,0.04287184471684473
32601,0.10455365490510782
32602,0.12919480614845036
32603,0.04287184471684473
32604,0.04014987964502801
32605,0.07187511267178946
32606,0.037593946162112056
32607,0.04014987964502801
32608,0.037593946162112056
32609,0.07657630222726251
32610,0.1411897434506853
32611,0.12919480614845036
32612,0.035194756820265335
32613,0.02284615406529167
32614,0.06962564382891834
32615,0.12919480614845036
32616,0.037593946162112056
32617,0.07903125771029479
32618,0.10455365490510782
32619,0.12168894794618093
32620,0.07657630222726251
32621,0.07419146202147729
32622,0.037593946162112056
32623,0.07187511267178946
32624,0.07657630222726251
32625,0.10780082751501731
32626,0.13309352252567752
32627,0.08415807244319695
32628,0.03637532268518375
32629,0.044298105555134894
32630,0.08683323524129412
32631,0.06744146074358998
32632,0.02525362158524688
32633,0.07187511267178946
32634,0.05562035029109824
32635,0.1370913686325979
32636,0.06744146074358998
32637,0.04576954626093176
32638,0.02442486287796552
32639,0.11807880307813506
32640,0.04287184471684473
32641,0.12168894794618093
32642,0.0895851163769912
32643,0.03637532268518375
32644,0.15410125929925808
32645,0.044298105555134894
32646,0.11456179056371053
32647,0.03637532268518375
32648,0.07187511267178946
32649,0.044298105555134894
32650,0.04576954626093176
32651,0.06962564382891834
32652,0.09532570362584843
32653,0.04148951147230672
32654,0.07903125771029479
32655,0.03637532268518375
32656,0.12168894794618093
32657,0.031870571610423684
32658,0.05744527367010645
32659,0.04287184471684473
32660,0.1253937758578759
32661,0.03637532268518375
32662,0.019322932527049887
32663,0.04576954626093176
32664,0.08415807244319695
32665,0.04885310630405945
32666,0.05744527367010645
32667,0.06532098566628583
32668,0.06126494107819702
32669,0.04287184471684473
32670,0.037593946162112056
32671,0.10780082751501731
32672,0.1253937758578759
32673,0.0472874451224437
32674,0.07903125771029479
32675,0.0895851163769912
32676,0.05385008895239068
32677,0.059326311972524026
32678,0.06326265912384453
32679,0.02284615406529167
32680,0.04148951147230672
32681,0.0521330604156563
32682,0.035194756820265335
32683,0.05562035029109824
32684,0.06962564382891834
32685,0.08415807244319695
32686,0.05385008895239068
32687,0.08155796530189055
32688,0.1013931778423964
32689,0.037593946162112056
32690,0.022094611379221522
32691,0.05385008895239068
32692,0.0472874451224437
32693,0.037593946162112056
32694,0.04885310630405945
32695,0.02790753622320684
32696,0.09241538285980007
32697,0.04014987964502801
32698,0.09532570362584843
32699,0.044298105555134894
32700,0.11113633246221037
32701,0.03885174918700678
32702,0.03294343905785485
32703,0.04287184471684473
32704,0.0472874451224437
32705,0.1253937758578759
32706,0.04576954626093176
32707,0.07187511267178946
32708,0.03885174918700678
32709,0.08415807244319695
32710,0.04287184471684473
32711,0.05385008895239068
32712,0.13309352252567752
32713,0.06126494107819702
32714,0.10455365490510782
32715,0.07187511267178946
32716,0.0521330604156563
32717,0.050467859648565414
32718,0.03885174918700678
32719,0.020663328957880672
32720,0.050467859648565414
32721,0.07187511267178946
32722,0.07187511267178946
32723,0.14969342319192988
32724,0.04148951147230672
32725,0.026109748256448687
32726,0.02136725069186659
32727,0.02790753622320684
32728,0.04014987964502801
32729,0.044298105555134894
32730,0.04287184471684473
32731,0.035194756820265335
32732,0.07903125771029479
32733,0.059326311972524026
32734,0.09831774697482025
32735,0.04148951147230672
32736,0.07187511267178946
32737,0.019322932527049887
32738,0.11113633246221037
32739,0.050467859648565414
32740,0.06744146074358998
32741,0.04014987964502801
32742,0.08683323524129412
32743,0.10780082751501731
32744,0.059326311972524026
32745,0.11113633246221037
32746,0.0340511524412236
32747,0.03885174918700678
32748,0.023622642765858633
32749,0.04885310630405945
32750,0.07657630222726251
32751,0.07657630222726251
32752,0.050467859648565414
32753,0.07657630222726251
32754,0.059326311972524026
32755,0.1013931778423964
32756,0.029825320005255892
32757,0.020663328957880672
32758,0.05744527367010645
32759,0.09532570362584843
32760,0.1253937758578759
32761,0.1253937758578759
32762,0.09241538285980007
32763,0.050467859648565414
32764,0.029825320005255892
32765,0.030831530235430404
32766,0.05562035029109824
32767,0.10780082751501731
32768,0.030831530235430404
32769,0.06326265912384453
32770,0.1013931778423964
32771,0.05562035029109824
32772,0.04576954626093176
32773,0.06126494107819702
32774,0.044298105555134894
32775,0.14538999654972165
32776,0.10455365490510782
32777,0.06326265912384453
32778,0.07657630222726251
32779,0.07187511267178946
32780,0.08415807244319695
32781,0.12919480614845036
32782,0.08683323524129412
32783,0.06532098566628583
32784,0.04885310630405945
32785,0.0472874451224437
32786,0.06126494107819702
32787,0.0340511524412236
32788,0.0472874451224437
32789,0.026994094835726477
32790,0.09532570362584843
32791,0.04148951147230672
32792,0.07903125771029479
32793,0.07187511267178946
32794,0.06962564382891834
32795,0.059326311972524026
32796,0.02790753622320684
32797,0.11456179056371053
32798,0.1013931778423964
32799,0.0895851163769912
32800,0.05385008895239068
32801,0.037593946162112056
32802,0.06126494107819702
32803,0.08155796530189055
32804,0.07187511267178946
32805,0.10455365490510782
32806,0.0472874451224437
32807,0.11807880307813506
32808,0.0521330604156563
32809,0.059326311972524026
32810,0.04885310630405945
32811,0.02790753622320684
32812,0.03294343905785485
32813,0.04148951147230672
32814,0.07187511267178946
32815,0.030831530235430404
32816,0.06532098566628583
32817,0.02525362158524688
32818,0.06532098566628583
32819,0.059326311972524026
32820,0.06962564382891834
32821,0.019322932527049887
32822,0.04576954626093176
32823,0.07903125771029479
32824,0.08155796530189055
32825,0.04287184471684473
32826,0.08683323524129412
32827,0.04014987964502801
32828,0.05385008895239068
32829,0.1013931778423964
32830,0.13309352252567752
32831,0.1013931778423964
32832,0.07419146202147729
32833,0.030831530235430404
32834,0.07419146202147729
32835,0.1013931778423964
32836,0.0895851163769912
32837,0.05562035029109824
32838,0.0895851163769912
32839,0.05385008895239068
32840,0.06962564382891834
32841,0.026994094835726477
32842,0.02284615406529167
32843,0.06126494107819702
32844,0.022094611379221522
32845,0.07419146202147729
32846,0.04148951147230672
32847,0.10780082751501731
32848,0.03885174918700678
32849,0.07419146202147729
32850,0.05744527367010645
32851,0.026109748256448687
32852,0.044298105555134894
32853,0.0472874451224437
32854,0.06532098566628583
32855,0.06126494107819702
32856,0.037593946162112056
32857,0.05744527367010645
32858,0.06962564382891834
32859,0.06532098566628583
32860,0.03294343905785485
32861,0.03294343905785485
32862,0.08415807244319695
32863,0.037593946162112056
32864,0.04148951147230672
32865,0.1370913686325979
32866,0.044298105555134894
32867,0.08683323524129412
32868,0.08155796530189055
32869,0.1013931778423964
32870,0.03885174918700678
32871,0.0340511524412236
32872,0.08683323524129412
32873,0.06532098566628583
32874,0.06126494107819702
32875,0.037593946162112056
32876,0.07903125771029479
32877,0.06962564382891834
32878,0.059326311972524026
32879,0.04885310630405945
32880,0.06532098566628583
32881,0.026109748256448687
32882,0.12168894794618093
32883,0.0895851163769912
32884,0.059326311972524026
32885,0.04148951147230672
32886,0.030831530235430404
32887,0.035194756820265335
32888,0.06962564382891834
32889,0.07419146202147729
32890,0.11456179056371053
32891,0.07187511267178946
32892,0.06962564382891834
32893,0.04576954626093176
32894,0.050467859648565414
32895,0.09831774697482025
32896,0.05385008895239068
32897,0.06744146074358998
32898,0.06126494107819702
32899,0.02790753622320684
32900,0.07187511267178946
32901,0.06126494107819702
32902,0.05744527367010645
32903,0.11113633246221037
32904,0.030831530235430404
32905,0.11113633246221037
32906,0.06962564382891834
32907,0.031870571610423684
32908,0.03885174918700678
32909,0.02442486287796552
32910,0.035194756820265335
32911,0.07903125771029479
32912,0.08683323524129412
32913,0.07187511267178946
32914,0.07187511267178946
32915,0.06962564382891834
32916,0.09241538285980007
32917,0.1370913686325979
32918,0.04287184471684473
32919,0.02525362158524688
32920,0.07187511267178946
32921,0.06532098566628583
32922,0.044298105555134894
32923,0.044298105555134894
32924,0.13309352252567752
32925,0.026994094835726477
32926,0.04576954626093176
32927,0.050467859648565414
32928,0.02885097064418959
32929,0.07657630222726251
32930,0.12168894794618093
32931,0.044298105555134894
32932,0.07187511267178946
32933,0.04576954626093176
32934,0.13309352252567752
32935,0.03294343905785485
32936,0.07903125771029479
32937,0.04576954626093176
32938,0.12168894794618093
32939,0.03637532268518375
32940,0.08415807244319695
32941,0.1370913686325979
32942,0.04287184471684473
32943,0.07187511267178946
32944,0.050467859648565414
32945,0.022094611379221522
32946,0.1253937758578759
32947,0.030831530235430404
32948,0.07657630222726251
32949,0.037593946162112056
32950,0.044298105555134894
32951,0.0472874451224437
32952,0.13309352252567752
32953,0.04148951147230672
32954,0.09831774697482025
32955,0.0895851163769912
32956,0.037593946162112056
32957,0.09831774697482025
32958,0.06532098566628583
32959,0.05385008895239068
32960,0.06744146074358998
32961,0.04287184471684473
32962,0.07419146202147729
32963,0.020663328957880672
32964,0.06326265912384453
32965,0.01868507284109021
32966,0.10455365490510782
32967,0.02525362158524688
32968,0.050467859648565414
32969,0.09532570362584843
32970,0.06532098566628583
32971,0.022094611379221522
32972,0.031870571610423684
32973,0.07657630222726251
32974,0.06326265912384453
32975,0.13309352252567752
32976,0.04576954626093176
32977,0.04576954626093176
32978,0.10455365490510782
32979,0.01806788128844435
32980,0.0472874451224437
32981,0.07187511267178946
32982,0.1013931778423964
32983,0.03885174918700678
32984,0.035194756820265335
32985,0.0895851163769912
32986,0.06126494107819702
32987,0.04287184471684473
32988,0.0340511524412236
32989,0.08683323524129412
32990,0.08683323524129412
32991,0.02885097064418959
32992,0.06126494107819702
32993,0.1013931778423964
32994,0.09241538285980007
32995,0.029825320005255892
32996,0.07187511267178946
32997,0.08155796530189055
32998,0.04014987964502801
32999,0.06326265912384453
33000,0.09241538285980007
33001,0.06532098566628583
33002,0.06962564382891834
33003,0.06126494107819702
33004,0.10780082751501731
33005,0.044298105555134894
33006,0.07657630222726251
33007,0.0895851163769912
33008,0.050467859648565414
33009,0.05744527367010645
33010,0.0340511524412236
33011,0.0472874451224437
33012,0.03294343905785485
33013,0.08683323524129412
33014,0.08155796530189055
33015,0.07903125771029479
33016,0.02790753622320684
33017,0.09831774697482025
33018,0.050467859648565414
33019,0.050467859648565414
33020,0.07903125771029479
33021,0.11807880307813506
33022,0.05744527367010645
33023,0.1370913686325979
33024,0.05562035029109824
33025,0.04014987964502801
33026,0.12168894794618093
33027,0.044298105555134894
33028,0.08415807244319695
33029,0.026994094835726477
33030,0.06532098566628583
33031,0.07903125771029479
33032,0.0472874451224437
33033,0.06962564382891834
33034,0.0472874451224437
33035,0.0472874451224437
33036,0.06962564382891834
33037,0.06744146074358998
33038,0.08415807244319695
33039,0.0895851163769912
33040,0.12168894794618093
33041,0.11113633246221037
33042,0.09831774697482025
33043,0.07419146202147729
33044,0.1013931778423964
33045,0.11456179056371053
33046,0.1253937758578759
33047,0.031870571610423684
33048,0.016892943165924136
33049,0.06532098566628583
33050,0.06326265912384453
33051,0.044298105555134894
33052,0.09532570362584843
33053,0.0521330604156563
33054,0.09532570362584843
33055,0.04014987964502801
33056,0.0521330604156563
33057,0.06326265912384453
33058,0.09241538285980007
33059,0.02885097064418959
33060,0.09532570362584843
33061,0.11807880307813506
33062,0.059326311972524026
33063,0.14969342319192988
33064,0.06126494107819702
33065,0.10455365490510782
33066,0.019322932527049887
33067,0.07657630222726251
33068,0.07657630222726251
33069,0.10780082751501731
33070,0.030831530235430404
33071,0.02790753622320684
33072,0.07657630222726251
33073,0.0521330604156563
33074,0.12919480614845036
33075,0.02885097064418959
33076,0.07419146202147729
33077,0.0472874451224437
33078,0.030831530235430404
33079,0.06532098566628583
33080,0.037593946162112056
33081,0.06326265912384453
33082,0.0521330604156563
33083,0.03885174918700678
33084,0.10455365490510782
33085,0.07903125771029479
33086,0.06126494107819702
33087,0.09532570362584843
33088,0.059326311972524026
33089,0.06962564382891834
33090,0.09532570362584843
33091,0.04287184471684473
33092,0.0472874451224437
33093,0.08683323524129412
33094,0.05385008895239068
33095,0.026994094835726477
33096,0.02284615406529167
33097,0.06126494107819702
33098,0.04576954626093176
33099,0.14538999654972165
33100,0.037593946162112056
33101,0.050467859648565414
33102,0.04576954626093176
33103,0.037593946162112056
33104,0.03885174918700678
33105,0.05744527367010645
33106,0.037593946162112056
33107,0.044298105555134894
33108,0.08155796530189055
33109,0.03885174918700678
33110,0.06326265912384453
33111,0.020663328957880672
33112,0.10455365490510782
33113,0.07657630222726251
33114,0.059326311972524026
33115,0.08415807244319695
33116,0.037593946162112056
33117,0.06532098566628583
33118,0.06962564382891834
33119,0.13309352252567752
33120,0.08683323524129412
33121,0.06532098566628583
33122,0.026109748256448687
33123,0.07657630222726251
33124,0.11113633246221037
33125,0.0472874451224437
33126,0.06532098566628583
33127,0.03637532268518375
33128,0.023622642765858633
33129,0.08683323524129412
33130,0.09241538285980007
33131,0.05744527367010645
33132,0.04287184471684473
33133,0.03885174918700678
33134,0.10780082751501731
33135,0.11113633246221037
33136,0.04014987964502801
33137,0.02525362158524688
33138,0.0472874451224437
33139,0.04148951147230672
33140,0.030831530235430404
33141,0.05385008895239068
33142,0.10455365490510782
33143,0.04287184471684473
33144,0.07419146202147729
33145,0.09532570362584843
33146,0.09241538285980007
33147,0.11456179056371053
33148,0.04014987964502801
33149,0.059326311972524026
33150,0.05385008895239068
33151,0.08155796530189055
33152,0.07903125771029479
33153,0.07187511267178946
33154,0.06126494107819702
33155,0.08415807244319695
33156,0.026109748256448687
33157,0.12168894794618093
33158,0.0521330604156563
33159,0.08683323524129412
33160,0.04148951147230672
33161,0.10780082751501731
33162,0.03885174918700678
33163,0.1370913686325979
33164,0.11456179056371053
33165,0.04885310630405945
33166,0.1253937758578759
33167,0.044298105555134894
33168,0.10455365490510782
33169,0.08415807244319695
33170,0.04148951147230672
33171,0.06532098566628583
33172,0.10780082751501731
33173,0.06126494107819702
33174,0.029825320005255892
33175,0.044298105555134894
33176,0.09831774697482025
33177,0.07657630222726251
33178,0.059326311972524026
33179,0.029825320005255892
33180,0.0472874451224437
33181,0.09241538285980007
33182,0.037593946162112056
33183,0.11807880307813506
33184,0.037593946162112056
33185,0.07419146202147729
33186,0.05744527367010645
33187,0.050467859648565414
33188,0.037593946162112056
33189,0.06962564382891834
33190,0.07187511267178946
33191,0.050467859648565414
33192,0.09241538285980007
33193,0.07903125771029479
33194,0.09241538285980007
33195,0.1253937758578759
33196,0.03885174918700678
33197,0.11113633246221037
33198,0.14538999654972165
33199,0.026994094835726477
33200,0.059326311972524026
33201,0.12168894794618093
33202,0.06532098566628583
33203,0.037593946162112056
33204,0.0521330604156563
33205,0.11456179056371053
33206,0.15410125929925808
33207,0.06532098566628583
33208,0.0472874451224437
33209,0.06532098566628583
33210,0.035194756820265335
33211,0.12919480614845036
33212,0.14538999654972165
33213,0.0521330604156563
33214,0.08155796530189055
33215,0.04885310630405945
33216,0.1370913686325979
33217,0.06126494107819702
33218,0.044298105555134894
33219,0.06744146074358998
33220,0.037593946162112056
33221,0.04576954626093176
33222,0.026994094835726477
33223,0.08415807244319695
33224,0.14969342319192988
33225,0.04885310630405945
33226,0.05562035029109824
33227,0.02885097064418959
33228,0.05744527367010645
33229,0.04576954626093176
33230,0.07903125771029479
33231,0.08683323524129412
33232,0.04287184471684473
33233,0.05385008895239068
33234,0.07419146202147729
33235,0.04576954626093176
33236,0.05562035029109824
33237,0.07657630222726251
33238,0.044298105555134894
33239,0.12919480614845036
33240,0.13309352252567752
33241,0.044298105555134894
33242,0.03294343905785485
33243,0.02284615406529167
33244,0.13309352252567752
33245,0.08155796530189055
33246,0.11456179056371053
33247,0.07903125771029479
33248,0.11113633246221037
33249,0.029825320005255892
33250,0.09831774697482025
33251,0.13309352252567752
33252,0.04148951147230672
33253,0.030831530235430404
33254,0.03885174918700678
33255,0.07187511267178946
33256,0.0521330604156563
33257,0.12168894794618093
33258,0.04885310630405945
33259,0.06744146074358998
33260,0.05385008895239068
33261,0.1013931778423964
33262,0.04885310630405945
33263,0.022094611379221522
33264,0.12168894794618093
33265,0.04885310630405945
33266,0.07187511267178946
33267,0.037593946162112056
33268,0.07657630222726251
33269,0.06326265912384453
33270,0.06326265912384453
33271,0.030831530235430404
33272,0.04148951147230672
33273,0.03637532268518375
33274,0.06532098566628583
33275,0.037593946162112056
33276,0.0340511524412236
33277,0.04287184471684473
33278,0.06962564382891834
33279,0.05385008895239068
33280,0.04885310630405945
33281,0.1013931778423964
33282,0.04148951147230672
33283,0.023622642765858633
33284,0.044298105555134894
33285,0.07903125771029479
33286,0.030831530235430404
33287,0.06962564382891834
33288,0.050467859648565414
33289,0.04885310630405945
33290,0.05385008895239068
33291,0.05385008895239068
33292,0.06962564382891834
33293,0.08415807244319695
33294,0.09241538285980007
33295,0.09831774697482025
33296,0.06532098566628583
33297,0.10455365490510782
33298,0.08683323524129412
33299,0.06744146074358998
33300,0.06532098566628583
33301,0.02885097064418959
33302,0.04014987964502801
33303,0.05744527367010645
33304,0.09532570362584843
33305,0.08155796530189055
33306,0.04148951147230672
33307,0.0340511524412236
33308,0.06962564382891834
33309,0.0340511524412236
33310,0.08683323524129412
33311,0.04014987964502801
33312,0.030831530235430404
33313,0.029825320005255892
33314,0.02885097064418959
33315,0.059326311972524026
33316,0.1370913686325979
33317,0.07657630222726251
33318,0.0895851163769912
33319,0.08155796530189055
33320,0.05562035029109824
33321,0.10455365490510782
33322,0.03637532268518375
33323,0.037593946162112056
33324,0.030831530235430404
33325,0.0895851163769912
33326,0.07187511267178946
33327,0.15410125929925808
33328,0.09831774697482025
33329,0.08415807244319695
33330,0.0521330604156563
33331,0.059326311972524026
33332,0.09241538285980007
33333,0.050467859648565414
33334,0.05562035029109824
33335,0.0895851163769912
33336,0.07187511267178946
33337,0.03637532268518375
33338,0.07657630222726251
33339,0.04287184471684473
33340,0.04014987964502801
33341,0.020663328957880672
33342,0.026109748256448687
33343,0.04885310630405945
33344,0.10455365490510782
33345,0.06126494107819702
33346,0.07187511267178946
33347,0.06744146074358998
33348,0.02790753622320684
33349,0.06126494107819702
33350,0.030831530235430404
33351,0.029825320005255892
33352,0.020663328957880672
33353,0.02885097064418959
33354,0.03294343905785485
33355,0.037593946162112056
33356,0.07657630222726251
33357,0.026109748256448687
33358,0.04885310630405945
33359,0.07657630222726251
33360,0.06126494107819702
33361,0.02525362158524688
33362,0.0521330604156563
33363,0.1253937758578759
33364,0.04287184471684473
33365,0.04014987964502801
33366,0.04014987964502801
33367,0.08683323524129412
33368,0.0521330604156563
33369,0.06962564382891834
33370,0.10780082751501731
33371,0.059326311972524026
33372,0.04287184471684473
33373,0.14538999654972165
33374,0.06326265912384453
33375,0.03637532268518375
33376,0.014763940816671187
33377,0.06962564382891834
33378,0.09241538285980007
33379,0.06326265912384453
33380,0.07657630222726251
33381,0.059326311972524026
33382,0.06962564382891834
33383,0.12919480614845036
33384,0.03637532268518375
33385,0.04148951147230672
33386,0.13309352252567752
33387,0.03885174918700678
33388,0.06326265912384453
33389,0.07657630222726251
33390,0.06962564382891834
33391,0.06744146074358998
33392,0.0472874451224437
33393,0.0521330604156563
33394,0.037593946162112056
33395,0.02885097064418959
33396,0.11807880307813506
33397,0.11456179056371053
33398,0.02790753622320684
33399,0.1013931778423964
33400,0.06744146074358998
33401,0.06326265912384453
33402,0.06962564382891834
33403,0.0340511524412236
33404,0.06744146074358998
33405,0.06532098566628583
33406,0.12168894794618093
33407,0.04576954626093176
33408,0.06532098566628583
33409,0.031870571610423684
33410,0.023622642765858633
33411,0.08415807244319695
33412,0.04148951147230672
33413,0.07657630222726251
33414,0.11113633246221037
33415,0.06326265912384453
33416,0.05744527367010645
33417,0.06532098566628583
33418,0.07187511267178946
33419,0.07657630222726251
33420,0.06744146074358998
33421,0.02442486287796552
33422,0.08683323524129412
33423,0.06744146074358998
33424,0.029825320005255892
33425,0.050467859648565414
33426,0.14969342319192988
33427,0.050467859648565414
33428,0.09532570362584843
33429,0.07187511267178946
33430,0.04014987964502801
33431,0.035194756820265335
33432,0.02885097064418959
33433,0.05562035029109824
33434,0.04576954626093176
33435,0.06744146074358998
33436,0.05385008895239068
33437,0.07903125771029479
33438,0.07187511267178946
33439,0.08155796530189055
33440,0.04576954626093176
33441,0.07419146202147729
33442,0.04287184471684473
33443,0.07903125771029479
33444,0.04148951147230672
33445,0.07657630222726251
33446,0.06532098566628583
33447,0.05385008895239068
33448,0.050467859648565414
33449,0.016892943165924136
33450,0.029825320005255892
33451,0.09532570362584843
33452,0.02525362158524688
33453,0.02790753622320684
33454,0.08155796530189055
33455,0.08683323524129412
33456,0.035194756820265335
33457,0.04576954626093176
33458,0.06126494107819702
33459,0.016892943165924136
33460,0.0472874451224437
33461,0.06744146074358998
33462,0.10780082751501731
33463,0.022094611379221522
33464,0.13309352252567752
33465,0.07657630222726251
33466,0.04287184471684473
33467,0.05562035029109824
33468,0.07903125771029479
33469,0.1411897434506853
33470,0.10455365490510782
33471,0.03637532268518375
33472,0.03885174918700678
33473,0.06532098566628583
33474,0.04885310630405945
33475,0.050467859648565414
33476,0.07903125771029479
33477,0.05562035029109824
33478,0.06326265912384453
33479,0.026109748256448687
33480,0.04148951147230672
33481,0.0472874451224437
33482,0.0340511524412236
33483,0.031870571610423684
33484,0.04148951147230672
33485,0.12168894794618093
33486,0.12168894794618093
33487,0.05744527367010645
33488,0.03637532268518375
33489,0.15861467629411466
33490,0.11807880307813506
33491,0.02790753622320684
33492,0.08155796530189055
33493,0.07903125771029479
33494,0.026994094835726477
33495,0.03885174918700678
33496,0.11113633246221037
33497,0.0472874451224437
33498,0.035194756820265335
33499,0.07187511267178946
33500,0.04148951147230672
33501,0.04885310630405945
33502,0.059326311972524026
33503,0.023622642765858633
33504,0.04148951147230672
33505,0.05562035029109824
33506,0.01868507284109021
33507,0.1411897434506853
33508,0.0340511524412236
33509,0.07657630222726251
33510,0.05385008895239068
33511,0.09831774697482025
33512,0.11456179056371053
33513,0.050467859648565414
33514,0.11456179056371053
33515,0.09532570362584843
33516,0.059326311972524026
33517,0.04014987964502801
33518,0.15861467629411466
33519,0.0472874451224437
33520,0.07187511267178946
33521,0.026109748256448687
33522,0.029825320005255892
33523,0.11456179056371053
33524,0.10455365490510782
33525,0.07657630222726251
33526,0.02790753622320684
33527,0.1013931778423964
33528,0.059326311972524026
33529,0.11807880307813506
33530,0.0521330604156563
33531,0.10455365490510782
33532,0.06532098566628583
33533,0.02136725069186659
33534,0.12919480614845036
33535,0.06532098566628583
33536,0.11807880307813506
33537,0.06126494107819702
33538,0.02885097064418959
33539,0.07187511267178946
33540,0.1013931778423964
33541,0.07419146202147729
33542,0.04287184471684473
33543,0.1370913686325979
33544,0.07903125771029479
33545,0.06744146074358998
33546,0.11456179056371053
33547,0.0895851163769912
33548,0.0521330604156563
33549,0.04287184471684473
33550,0.04148951147230672
33551,0.050467859648565414
33552,0.09532570362584843
33553,0.09831774697482025
33554,0.044298105555134894
33555,0.12168894794618093
33556,0.04287184471684473
33557,0.10455365490510782
33558,0.07903125771029479
33559,0.1253937758578759
33560,0.06962564382891834
33561,0.02790753622320684
33562,0.03885174918700678
33563,0.13309352252567752
33564,0.08415807244319695
33565,0.0472874451224437
33566,0.0472874451224437
33567,0.07187511267178946
33568,0.0340511524412236
33569,0.06744146074358998
33570,0.06532098566628583
33571,0.1253937758578759
33572,0.06126494107819702
33573,0.06744146074358998
33574,0.03885174918700678
33575,0.11807880307813506
33576,0.0521330604156563
33577,0.09831774697482025
33578,0.09831774697482025
33579,0.04885310630405945
33580,0.09241538285980007
33581,0.04287184471684473
33582,0.08415807244319695
33583,0.037593946162112056
33584,0.04576954626093176
33585,0.07903125771029479
33586,0.09241538285980007
33587,0.03885174918700678
33588,0.0895851163769912
33589,0.02284615406529167
33590,0.02525362158524688
33591,0.06744146074358998
33592,0.08683323524129412
33593,0.03885174918700678
33594,0.04287184471684473
33595,0.0472874451224437
33596,0.06326265912384453
33597,0.08155796530189055
33598,0.1013931778423964
33599,0.04287184471684473
33600,0.04014987964502801
33601,0.03885174918700678
33602,0.031870571610423684
33603,0.04885310630405945
33604,0.08155796530189055
33605,0.10780082751501731
33606,0.030831530235430404
33607,0.06744146074358998
33608,0.04148951147230672
33609,0.1411897434506853
33610,0.05385008895239068
33611,0.05744527367010645
33612,0.04014987964502801
33613,0.06962564382891834
33614,0.12168894794618093
33615,0.030831530235430404
33616,0.03885174918700678
33617,0.04148951147230672
33618,0.037593946162112056
33619,0.11456179056371053
33620,0.0340511524412236
33621,0.06126494107819702
33622,0.05744527367010645
33623,0.059326311972524026
33624,0.12919480614845036
33625,0.05744527367010645
33626,0.08155796530189055
33627,0.05385008895239068
33628,0.04885310630405945
33629,0.0895851163769912
33630,0.07903125771029479
33631,0.02790753622320684
33632,0.07419146202147729
33633,0.02442486287796552
33634,0.06326265912384453
33635,0.029825320005255892
33636,0.04885310630405945
33637,0.12168894794618093
33638,0.07657630222726251
33639,0.059326311972524026
33640,0.09831774697482025
33641,0.12168894794618093
33642,0.06326265912384453
33643,0.0895851163769912
33644,0.1411897434506853
33645,0.07419146202147729
33646,0.06962564382891834
33647,0.09241538285980007
33648,0.05562035029109824
33649,0.06962564382891834
33650,0.037593946162112056
33651,0.05385008895239068
33652,0.03637532268518375
33653,0.08683323524129412
33654,0.06326265912384453
33655,0.07187511267178946
33656,0.07903125771029479
33657,0.11807880307813506
33658,0.12168894794618093
33659,0.04287184471684473
33660,0.05385008895239068
33661,0.037593946162112056
33662,0.03885174918700678
33663,0.1013931778423964
33664,0.05562035029109824
33665,0.05562035029109824
33666,0.01633396259861487
33667,0.0521330604156563
33668,0.06126494107819702
33669,0.07903125771029479
33670,0.12919480614845036
33671,0.06326265912384453
33672,0.09831774697482025
33673,0.07187511267178946
33674,0.13309352252567752
33675,0.059326311972524026
33676,0.06532098566628583
33677,0.06744146074358998
33678,0.044298105555134894
33679,0.12168894794618093
33680,0.06126494107819702
33681,0.09532570362584843
33682,0.08415807244319695
33683,0.044298105555134894
33684,0.02136725069186659
33685,0.0895851163769912
33686,0.11807880307813506
33687,0.07657630222726251
33688,0.030831530235430404
33689,0.08155796530189055
33690,0.12168894794618093
33691,0.06126494107819702
33692,0.044298105555134894
33693,0.0895851163769912
33694,0.031870571610423684
33695,0.0895851163769912
33696,0.1411897434506853
33697,0.06962564382891834
33698,0.05385008895239068
33699,0.05562035029109824
33700,0.02136725069186659
33701,0.07187511267178946
33702,0.11113633246221037
33703,0.050467859648565414
33704,0.1411897434506853
33705,0.04287184471684473
33706,0.07903125771029479
33707,0.050467859648565414
33708,0.06326265912384453
33709,0.035194756820265335
33710,0.11113633246221037
33711,0.06744146074358998
33712,0.07187511267178946
33713,0.0340511524412236
33714,0.11113633246221037
33715,0.03294343905785485
33716,0.03294343905785485
33717,0.0521330604156563
33718,0.09532570362584843
33719,0.04148951147230672
33720,0.019322932527049887
33721,0.023622642765858633
33722,0.04576954626093176
33723,0.08155796530189055
33724,0.0340511524412236
33725,0.06326265912384453
33726,0.05744527367010645
33727,0.04148951147230672
33728,0.04148951147230672
33729,0.12919480614845036
33730,0.09831774697482025
33731,0.0521330604156563
33732,0.026109748256448687
33733,0.02885097064418959
33734,0.06326265912384453
33735,0.029825320005255892
33736,0.0895851163769912
33737,0.07903125771029479
33738,0.08415807244319695
33739,0.11456179056371053
33740,0.0521330604156563
33741,0.026109748256448687
33742,0.02136725069186659
33743,0.04576954626093176
33744,0.14538999654972165
33745,0.059326311972524026
33746,0.1411897434506853
33747,0.029825320005255892
33748,0.08155796530189055
33749,0.06532098566628583
33750,0.07419146202147729
33751,0.026994094835726477
33752,0.11807880307813506
33753,0.02525362158524688
33754,0.06962564382891834
33755,0.04885310630405945
33756,0.0472874451224437
33757,0.07187511267178946
33758,0.06326265912384453
33759,0.08683323524129412
33760,0.04576954626093176
33761,0.04287184471684473
33762,0.11456179056371053
33763,0.023622642765858633
33764,0.035194756820265335
33765,0.04287184471684473
33766,0.06962564382891834
33767,0.06962564382891834
33768,0.03637532268518375
33769,0.02790753622320684
33770,0.0521330604156563
33771,0.035194756820265335
33772,0.06744146074358998
33773,0.1370913686325979
33774,0.02442486287796552
33775,0.07187511267178946
33776,0.07419146202147729
33777,0.07657630222726251
33778,0.059326311972524026
33779,0.05744527367010645
33780,0.059326311972524026
33781,0.06326265912384453
33782,0.06126494107819702
33783,0.1411897434506853
33784,0.06126494107819702
33785,0.06962564382891834
33786,0.05385008895239068
33787,0.059326311972524026
33788,0.06744146074358998
33789,0.06962564382891834
33790,0.05744527367010645
33791,0.050467859648565414
33792,0.08683323524129412
33793,0.03885174918700678
33794,0.05385008895239068
33795,0.050467859648565414
33796,0.14538999654972165
33797,0.06326265912384453
33798,0.04885310630405945
33799,0.06744146074358998
33800,0.06962564382891834
33801,0.09532570362584843
33802,0.02525362158524688
33803,0.05744527367010645
33804,0.14538999654972165
33805,0.1370913686325979
33806,0.07903125771029479
33807,0.0521330604156563
33808,0.08683323524129412
33809,0.04287184471684473
33810,0.05562035029109824
33811,0.05562035029109824
33812,0.08415807244319695
33813,0.1013931778423964
33814,0.05385008895239068
33815,0.03294343905785485
33816,0.05385008895239068
33817,0.07187511267178946
33818,0.01633396259861487
33819,0.0521330604156563
33820,0.04576954626093176
33821,0.03294343905785485
33822,0.03885174918700678
33823,0.1013931778423964
33824,0.08683323524129412
33825,0.11113633246221037
33826,0.050467859648565414
33827,0.04014987964502801
33828,0.09532570362584843
33829,0.1253937758578759
33830,0.05385008895239068
33831,0.050467859648565414
33832,0.07419146202147729
33833,0.02442486287796552
33834,0.059326311972524026
33835,0.03885174918700678
33836,0.07187511267178946
33837,0.044298105555134894
33838,0.026109748256448687
33839,0.08415807244319695
33840,0.07419146202147729
33841,0.11113633246221037
33842,0.04287184471684473
33843,0.11807880307813506
33844,0.07419146202147729
33845,0.07187511267178946
33846,0.02284615406529167
33847,0.10780082751501731
33848,0.06326265912384453
33849,0.09532570362584843
33850,0.050467859648565414
33851,0.04014987964502801
33852,0.030831530235430404
33853,0.1370913686325979
33854,0.05744527367010645
33855,0.06532098566628583
33856,0.12919480614845036
33857,0.06326265912384453
33858,0.026109748256448687
33859,0.07657630222726251
33860,0.04014987964502801
33861,0.0895851163769912
33862,0.1253937758578759
33863,0.14969342319192988
33864,0.030831530235430404
33865,0.07187511267178946
33866,0.09241538285980007
33867,0.11113633246221037
33868,0.1013931778423964
33869,0.04576954626093176
33870,0.10455365490510782
33871,0.07187511267178946
33872,0.11456179056371053
33873,0.04576954626093176
33874,0.06744146074358998
33875,0.07187511267178946
33876,0.05744527367010645
33877,0.03294343905785485
33878,0.06532098566628583
33879,0.026994094835726477
33880,0.02790753622320684
33881,0.08683323524129412
33882,0.0340511524412236
33883,0.08415807244319695
33884,0.06326265912384453
33885,0.07657630222726251
33886,0.0340511524412236
33887,0.14969342319192988
33888,0.06962564382891834
33889,0.11113633246221037
33890,0.0521330604156563
33891,0.04287184471684473
33892,0.031870571610423684
33893,0.029825320005255892
33894,0.03885174918700678
33895,0.09831774697482025
33896,0.0340511524412236
33897,0.03885174918700678
33898,0.050467859648565414
33899,0.016892943165924136
33900,0.10780082751501731
33901,0.08155796530189055
33902,0.02885097064418959
33903,0.02442486287796552
33904,0.01868507284109021
33905,0.050467859648565414
33906,0.02790753622320684
33907,0.05385008895239068
33908,0.14969342319192988
33909,0.06126494107819702
33910,0.035194756820265335
33911,0.1411897434506853
33912,0.030831530235430404
33913,0.026109748256448687
33914,0.0521330604156563
33915,0.15410125929925808
33916,0.030831530235430404
33917,0.08155796530189055
33918,0.035194756820265335
33919,0.11456179056371053
33920,0.13309352252567752
33921,0.0895851163769912
33922,0.09831774697482025
33923,0.09831774697482025
33924,0.08415807244319695
33925,0.09831774697482025
33926,0.06962564382891834
33927,0.08683323524129412
33928,0.0895851163769912
33929,0.04014987964502801
33930,0.08683323524129412
33931,0.07657630222726251
33932,0.05562035029109824
33933,0.08155796530189055
33934,0.11807880307813506
33935,0.031870571610423684
33936,0.03885174918700678
33937,0.08683323524129412
33938,0.07419146202147729
33939,0.04287184471684473
33940,0.03294343905785485
33941,0.07903125771029479
33942,0.050467859648565414
33943,0.09831774697482025
33944,0.07419146202147729
33945,0.06126494107819702
33946,0.0521330604156563
33947,0.07903125771029479
33948,0.0340511524412236
33949,0.07187511267178946
33950,0.030831530235430404
33951,0.06532098566628583
33952,0.02284615406529167
33953,0.04014987964502801
33954,0.07187511267178946
33955,0.0340511524412236
33956,0.13309352252567752
33957,0.1013931778423964
33958,0.06532098566628583
33959,0.12919480614845036
33960,0.07419146202147729
33961,0.05385008895239068
33962,0.0895851163769912
33963,0.06744146074358998
33964,0.09532570362584843
33965,0.03637532268518375
33966,0.026109748256448687
33967,0.10780082751501731
33968,0.04148951147230672
33969,0.06126494107819702
33970,0.050467859648565414
33971,0.09831774697482025
33972,0.09831774697482025
33973,0.029825320005255892
33974,0.1253937758578759
33975,0.0472874451224437
33976,0.03637532268518375
33977,0.07903125771029479
33978,0.06326265912384453
33979,0.1253937758578759
33980,0.03885174918700678
33981,0.04885310630405945
33982,0.07187511267178946
33983,0.0895851163769912
33984,0.037593946162112056
33985,0.04287184471684473
33986,0.07419146202147729
33987,0.03885174918700678
33988,0.08155796530189055
33989,0.09241538285980007
33990,0.07903125771029479
33991,0.06962564382891834
33992,0.05385008895239068
33993,0.05385008895239068
33994,0.02525362158524688
33995,0.07187511267178946
33996,0.03294343905785485
33997,0.0472874451224437
33998,0.03885174918700678
33999,0.08415807244319695
34000,0.04148951147230672
34001,0.03637532268518375
34002,0.07419146202147729
34003,0.059326311972524026
34004,0.07903125771029479
34005,0.06532098566628583
34006,0.04885310630405945
34007,0.06532098566628583
34008,0.01868507284109021
34009,0.02790753622320684
34010,0.15410125929925808
34011,0.013800835280468386
34012,0.031870571610423684
34013,0.05562035029109824
34014,0.07657630222726251
34015,0.07903125771029479
34016,0.0472874451224437
34017,0.1013931778423964
34018,0.0472874451224437
34019,0.05385008895239068
34020,0.08683323524129412
34021,0.059326311972524026
34022,0.09532570362584843
34023,0.02442486287796552
34024,0.04014987964502801
34025,0.037593946162112056
34026,0.0521330604156563
34027,0.02284615406529167
34028,0.08683323524129412
34029,0.08683323524129412
34030,0.06962564382891834
34031,0.037593946162112056
34032,0.06962564382891834
34033,0.05744527367010645
34034,0.02790753622320684
34035,0.04885310630405945
34036,0.0472874451224437
34037,0.059326311972524026
34038,0.035194756820265335
34039,0.035194756820265335
34040,0.03637532268518375
34041,0.026994094835726477
34042,0.10455365490510782
34043,0.0472874451224437
34044,0.0521330604156563
34045,0.09241538285980007
34046,0.06126494107819702
34047,0.1013931778423964
34048,0.05744527367010645
34049,0.03637532268518375
34050,0.06126494107819702
34051,0.08155796530189055
34052,0.06326265912384453
34053,0.06962564382891834
34054,0.09532570362584843
34055,0.06326265912384453
34056,0.05744527367010645
34057,0.035194756820265335
34058,0.04576954626093176
34059,0.06744146074358998
34060,0.07657630222726251
34061,0.04885310630405945
34062,0.06326265912384453
34063,0.11807880307813506
34064,0.09532570362584843
34065,0.0472874451224437
34066,0.037593946162112056
34067,0.1013931778423964
34068,0.11113633246221037
34069,0.06744146074358998
34070,0.07903125771029479
34071,0.04576954626093176
34072,0.030831530235430404
34073,0.08683323524129412
34074,0.0340511524412236
34075,0.06326265912384453
34076,0.06532098566628583
34077,0.04148951147230672
34078,0.08683323524129412
34079,0.035194756820265335
34080,0.06326265912384453
34081,0.0472874451224437
34082,0.06744146074358998
34083,0.06962564382891834
34084,0.03885174918700678
34085,0.05744527367010645
34086,0.09532570362584843
34087,0.09241538285980007
34088,0.06326265912384453
34089,0.06744146074358998
34090,0.1370913686325979
34091,0.10455365490510782
34092,0.1013931778423964
34093,0.08683323524129412
34094,0.031870571610423684
34095,0.08683323524129412
34096,0.03885174918700678
34097,0.10780082751501731
34098,0.044298105555134894
34099,0.03637532268518375
34100,0.11807880307813506
34101,0.08683323524129412
34102,0.050467859648565414
34103,0.035194756820265335
34104,0.09532570362584843
34105,0.03885174918700678
34106,0.023622642765858633
34107,0.13309352252567752
34108,0.09532570362584843
34109,0.06326265912384453
34110,0.11807880307813506
34111,0.04287184471684473
34112,0.05744527367010645
34113,0.08415807244319695
34114,0.06744146074358998
34115,0.08683323524129412
34116,0.044298105555134894
34117,0.05385008895239068
34118,0.044298105555134894
34119,0.07657630222726251
34120,0.03637532268518375
34121,0.035194756820265335
34122,0.12168894794618093
34123,0.05562035029109824
34124,0.08155796530189055
34125,0.05744527367010645
34126,0.06326265912384453
34127,0.08155796530189055
34128,0.08155796530189055
34129,0.04287184471684473
34130,0.06326265912384453
34131,0.04885310630405945
34132,0.035194756820265335
34133,0.04885310630405945
34134,0.03885174918700678
34135,0.07187511267178946
34136,0.08683323524129412
34137,0.03294343905785485
34138,0.11807880307813506
34139,0.06744146074358998
34140,0.09532570362584843
34141,0.0521330604156563
34142,0.05385008895239068
34143,0.05562035029109824
34144,0.02885097064418959
34145,0.06326265912384453
34146,0.09532570362584843
34147,0.02790753622320684
34148,0.0895851163769912
34149,0.044298105555134894
34150,0.07187511267178946
34151,0.07419146202147729
34152,0.1411897434506853
34153,0.07903125771029479
34154,0.09831774697482025
34155,0.1013931778423964
34156,0.07903125771029479
34157,0.1013931778423964
34158,0.07419146202147729
34159,0.10780082751501731
34160,0.06126494107819702
34161,0.07903125771029479
34162,0.04148951147230672
34163,0.09532570362584843
34164,0.08683323524129412
34165,0.01868507284109021
34166,0.11113633246221037
34167,0.14538999654972165
34168,0.05744527367010645
34169,0.02284615406529167
34170,0.044298105555134894
34171,0.1411897434506853
34172,0.050467859648565414
34173,0.031870571610423684
34174,0.11456179056371053
34175,0.035194756820265335
34176,0.0521330604156563
34177,0.14969342319192988
34178,0.07187511267178946
34179,0.07657630222726251
34180,0.0472874451224437
34181,0.03294343905785485
34182,0.08415807244319695
34183,0.07187511267178946
34184,0.1370913686325979
34185,0.07657630222726251
34186,0.07419146202147729
34187,0.04148951147230672
34188,0.09532570362584843
34189,0.1253937758578759
34190,0.10455365490510782
34191,0.04576954626093176
34192,0.04148951147230672
34193,0.10455365490510782
34194,0.026109748256448687
34195,0.029825320005255892
34196,0.03294343905785485
34197,0.05385008895239068
34198,0.05744527367010645
34199,0.13309352252567752
34200,0.0895851163769912
34201,0.04287184471684473
34202,0.04576954626093176
34203,0.037593946162112056
34204,0.07187511267178946
34205,0.050467859648565414
34206,0.06962564382891834
34207,0.050467859648565414
34208,0.0472874451224437
34209,0.04287184471684473
34210,0.08415807244319695
34211,0.04148951147230672
34212,0.02885097064418959
34213,0.02885097064418959
34214,0.12168894794618093
34215,0.09241538285980007
34216,0.10780082751501731
34217,0.03637532268518375
34218,0.044298105555134894
34219,0.06326265912384453
34220,0.044298105555134894
34221,0.09241538285980007
34222,0.10780082751501731
34223,0.044298105555134894
34224,0.07419146202147729
34225,0.029825320005255892
34226,0.07657630222726251
34227,0.04287184471684473
34228,0.04576954626093176
34229,0.04148951147230672
34230,0.06962564382891834
34231,0.08155796530189055
34232,0.044298105555134894
34233,0.05562035029109824
34234,0.05744527367010645
34235,0.026994094835726477
34236,0.07903125771029479
34237,0.09532570362584843
34238,0.05744527367010645
34239,0.06962564382891834
34240,0.1013931778423964
34241,0.07657630222726251
34242,0.1370913686325979
34243,0.12919480614845036
34244,0.11807880307813506
34245,0.05744527367010645
34246,0.029825320005255892
34247,0.026994094835726477
34248,0.050467859648565414
34249,0.11113633246221037
34250,0.050467859648565414
34251,0.04148951147230672
34252,0.059326311972524026
34253,0.04576954626093176
34254,0.14538999654972165
34255,0.09831774697482025
34256,0.04885310630405945
34257,0.0521330604156563
34258,0.03885174918700678
34259,0.10780082751501731
34260,0.050467859648565414
34261,0.0472874451224437
34262,0.06962564382891834
34263,0.044298105555134894
34264,0.02525362158524688
34265,0.07657630222726251
34266,0.059326311972524026
34267,0.1013931778423964
34268,0.06326265912384453
34269,0.026994094835726477
34270,0.04148951147230672
34271,0.03885174918700678
34272,0.09532570362584843
34273,0.07657630222726251
34274,0.0472874451224437
34275,0.05562035029109824
34276,0.12919480614845036
34277,0.08415807244319695
34278,0.031870571610423684
34279,0.05562035029109824
34280,0.035194756820265335
34281,0.04885310630405945
34282,0.1013931778423964
34283,0.044298105555134894
34284,0.04014987964502801
34285,0.05562035029109824
34286,0.07657630222726251
34287,0.02136725069186659
34288,0.07187511267178946
34289,0.022094611379221522
34290,0.06126494107819702
34291,0.04148951147230672
34292,0.04576954626093176
34293,0.05562035029109824
34294,0.031870571610423684
34295,0.07657630222726251
34296,0.06326265912384453
34297,0.02136725069186659
34298,0.11456179056371053
34299,0.0895851163769912
34300,0.03885174918700678
34301,0.04287184471684473
34302,0.04287184471684473
34303,0.11807880307813506
34304,0.0472874451224437
34305,0.04148951147230672
34306,0.04287184471684473
34307,0.07903125771029479
34308,0.044298105555134894
34309,0.08415807244319695
34310,0.09831774697482025
34311,0.037593946162112056
34312,0.044298105555134894
34313,0.08415807244319695
34314,0.05385008895239068
34315,0.05744527367010645
34316,0.05385008895239068
34317,0.04576954626093176
34318,0.10780082751501731
34319,0.09241538285980007
34320,0.03637532268518375
34321,0.07419146202147729
34322,0.06532098566628583
34323,0.03637532268518375
34324,0.06962564382891834
34325,0.06532098566628583
34326,0.08683323524129412
34327,0.06126494107819702
34328,0.10780082751501731
34329,0.09241538285980007
34330,0.01806788128844435
34331,0.10780082751501731
34332,0.06326265912384453
34333,0.12168894794618093
34334,0.08683323524129412
34335,0.07657630222726251
34336,0.08415807244319695
34337,0.07419146202147729
34338,0.1013931778423964
34339,0.04014987964502801
34340,0.11456179056371053
34341,0.1411897434506853
34342,0.03637532268518375
34343,0.02885097064418959
34344,0.07657630222726251
34345,0.03885174918700678
34346,0.03637532268518375
34347,0.044298105555134894
34348,0.07903125771029479
34349,0.10455365490510782
34350,0.04287184471684473
34351,0.04885310630405945
34352,0.06326265912384453
34353,0.08683323524129412
34354,0.0521330604156563
34355,0.06532098566628583
34356,0.02885097064418959
34357,0.023622642765858633
34358,0.05385008895239068
34359,0.0521330604156563
34360,0.12919480614845036
34361,0.030831530235430404
34362,0.06126494107819702
34363,0.1013931778423964
34364,0.06962564382891834
34365,0.1253937758578759
34366,0.04576954626093176
34367,0.035194756820265335
34368,0.026994094835726477
34369,0.06532098566628583
34370,0.0895851163769912
34371,0.13309352252567752
34372,0.0340511524412236
34373,0.10455365490510782
34374,0.05744527367010645
34375,0.06126494107819702
34376,0.10780082751501731
34377,0.08155796530189055
34378,0.0895851163769912
34379,0.06744146074358998
34380,0.04576954626093176
34381,0.07419146202147729
34382,0.08683323524129412
34383,0.03637532268518375
34384,0.05562035029109824
34385,0.05385008895239068
34386,0.03637532268518375
34387,0.1253937758578759
34388,0.06744146074358998
34389,0.04287184471684473
34390,0.06326265912384453
34391,0.04014987964502801
34392,0.13309352252567752
34393,0.05744527367010645
34394,0.03294343905785485
34395,0.06126494107819702
34396,0.044298105555134894
34397,0.07187511267178946
34398,0.06532098566628583
34399,0.1253937758578759
34400,0.044298105555134894
34401,0.1013931778423964
34402,0.06126494107819702
34403,0.02525362158524688
34404,0.11456179056371053
34405,0.05562035029109824
34406,0.0521330604156563
34407,0.07187511267178946
34408,0.050467859648565414
34409,0.03885174918700678
34410,0.0521330604156563
34411,0.11807880307813506
34412,0.044298105555134894
34413,0.022094611379221522
34414,0.04885310630405945
34415,0.06126494107819702
34416,0.07187511267178946
34417,0.03885174918700678
34418,0.08683323524129412
34419,0.08683323524129412
34420,0.0521330604156563
34421,0.08155796530189055
34422,0.059326311972524026
34423,0.0472874451224437
34424,0.0521330604156563
34425,0.02885097064418959
34426,0.05385008895239068
34427,0.06326265912384453
34428,0.029825320005255892
34429,0.04014987964502801
34430,0.037593946162112056
34431,0.06532098566628583
34432,0.029825320005255892
34433,0.09241538285980007
34434,0.05562035029109824
34435,0.05385008895239068
34436,0.059326311972524026
34437,0.06744146074358998
34438,0.01579318133211142
34439,0.1411897434506853
34440,0.06326265912384453
34441,0.1370913686325979
34442,0.06126494107819702
34443,0.0521330604156563
34444,0.07657630222726251
34445,0.07187511267178946
34446,0.017470713401722432
34447,0.031870571610423684
34448,0.04576954626093176
34449,0.06326265912384453
34450,0.07419146202147729
34451,0.05385008895239068
34452,0.04287184471684473
34453,0.07419146202147729
34454,0.1013931778423964
34455,0.037593946162112056
34456,0.10780082751501731
34457,0.05385008895239068
34458,0.06744146074358998
34459,0.07419146202147729
34460,0.06126494107819702
34461,0.0895851163769912
34462,0.06326265912384453
34463,0.06962564382891834
34464,0.02442486287796552
34465,0.05744527367010645
34466,0.05744527367010645
34467,0.02442486287796552
34468,0.031870571610423684
34469,0.07657630222726251
34470,0.10780082751501731
34471,0.08683323524129412
34472,0.05744527367010645
34473,0.07419146202147729
34474,0.11807880307813506
34475,0.09831774697482025
34476,0.05385008895239068
34477,0.059326311972524026
34478,0.0521330604156563
34479,0.06744146074358998
34480,0.059326311972524026
34481,0.0340511524412236
34482,0.08415807244319695
34483,0.04287184471684473
34484,0.13309352252567752
34485,0.05744527367010645
34486,0.06962564382891834
34487,0.0895851163769912
34488,0.04014987964502801
34489,0.07903125771029479
34490,0.12168894794618093
34491,0.05744527367010645
34492,0.03885174918700678
34493,0.0521330604156563
34494,0.04576954626093176
34495,0.044298105555134894
34496,0.02525362158524688
34497,0.04287184471684473
34498,0.0895851163769912
34499,0.059326311972524026
34500,0.11113633246221037
34501,0.08683323524129412
34502,0.0340511524412236
34503,0.11807880307813506
34504,0.022094611379221522
34505,0.05744527367010645
34506,0.06962564382891834
34507,0.029825320005255892
34508,0.05385008895239068
34509,0.04576954626093176
34510,0.05562035029109824
34511,0.08683323524129412
34512,0.09532570362584843
34513,0.04576954626093176
34514,0.02442486287796552
34515,0.08155796530189055
34516,0.0521330604156563
34517,0.13309352252567752
34518,0.031870571610423684
34519,0.04287184471684473
34520,0.0521330604156563
34521,0.04014987964502801
34522,0.07419146202147729
34523,0.03885174918700678
34524,0.07657630222726251
34525,0.12168894794618093
34526,0.04014987964502801
34527,0.0472874451224437
34528,0.06126494107819702
34529,0.035194756820265335
34530,0.07657630222726251
34531,0.04287184471684473
34532,0.059326311972524026
34533,0.12919480614845036
34534,0.07419146202147729
34535,0.050467859648565414
34536,0.05562035029109824
34537,0.04148951147230672
34538,0.1411897434506853
34539,0.04148951147230672
34540,0.07903125771029479
34541,0.14969342319192988
34542,0.05385008895239068
34543,0.06326265912384453
34544,0.044298105555134894
34545,0.026994094835726477
34546,0.09241538285980007
34547,0.044298105555134894
34548,0.06744146074358998
34549,0.04576954626093176
34550,0.06744146074358998
34551,0.11113633246221037
34552,0.0521330604156563
34553,0.04287184471684473
34554,0.04148951147230672
34555,0.1253937758578759
34556,0.04885310630405945
34557,0.12168894794618093
34558,0.0895851163769912
34559,0.06326265912384453
34560,0.04287184471684473
34561,0.07419146202147729
34562,0.04576954626093176
34563,0.017470713401722432
34564,0.03294343905785485
34565,0.05385008895239068
34566,0.06532098566628583
34567,0.03885174918700678
34568,0.02885097064418959
34569,0.09831774697482025
34570,0.11456179056371053
34571,0.04148951147230672
34572,0.06532098566628583
34573,0.07187511267178946
34574,0.07903125771029479
34575,0.07903125771029479
34576,0.06962564382891834
34577,0.11456179056371053
34578,0.09241538285980007
34579,0.059326311972524026
34580,0.06126494107819702
34581,0.04885310630405945
34582,0.06532098566628583
34583,0.050467859648565414
34584,0.04148951147230672
34585,0.15861467629411466
34586,0.09831774697482025
34587,0.10455365490510782
34588,0.10455365490510782
34589,0.06744146074358998
34590,0.13309352252567752
34591,0.017470713401722432
34592,0.07187511267178946
34593,0.10780082751501731
34594,0.026994094835726477
34595,0.06126494107819702
34596,0.02885097064418959
34597,0.07419146202147729
34598,0.04576954626093176
34599,0.11807880307813506
34600,0.07187511267178946
34601,0.03885174918700678
34602,0.11456179056371053
34603,0.0521330604156563
34604,0.05385008895239068
34605,0.09532570362584843
34606,0.1370913686325979
34607,0.09532570362584843
34608,0.05385008895239068
34609,0.04885310630405945
34610,0.08683323524129412
34611,0.06532098566628583
34612,0.03294343905785485
34613,0.0340511524412236
34614,0.07657630222726251
34615,0.0521330604156563
34616,0.09532570362584843
34617,0.07187511267178946
34618,0.04148951147230672
34619,0.08415807244319695
34620,0.04148951147230672
34621,0.10780082751501731
34622,0.03294343905785485
34623,0.05562035029109824
34624,0.07419146202147729
34625,0.1013931778423964
34626,0.0340511524412236
34627,0.035194756820265335
34628,0.04885310630405945
34629,0.04576954626093176
34630,0.08155796530189055
34631,0.0895851163769912
34632,0.11807880307813506
34633,0.04287184471684473
34634,0.05744527367010645
34635,0.059326311972524026
34636,0.04885310630405945
34637,0.04287184471684473
34638,0.13309352252567752
34639,0.03885174918700678
34640,0.09532570362584843
34641,0.050467859648565414
34642,0.059326311972524026
34643,0.05562035029109824
34644,0.08415807244319695
34645,0.037593946162112056
34646,0.044298105555134894
34647,0.04287184471684473
34648,0.11807880307813506
34649,0.1370913686325979
34650,0.02885097064418959
34651,0.08415807244319695
34652,0.09831774697482025
34653,0.03294343905785485
34654,0.02790753622320684
34655,0.026109748256448687
34656,0.1370913686325979
34657,0.05744527367010645
34658,0.06532098566628583
34659,0.026109748256448687
34660,0.05385008895239068
34661,0.031870571610423684
34662,0.06744146074358998
34663,0.09831774697482025
34664,0.03637532268518375
34665,0.05385008895239068
34666,0.02790753622320684
34667,0.0895851163769912
34668,0.029825320005255892
34669,0.07657630222726251
34670,0.050467859648565414
34671,0.02790753622320684
34672,0.06962564382891834
34673,0.020663328957880672
34674,0.08415807244319695
34675,0.02885097064418959
34676,0.10780082751501731
34677,0.11113633246221037
34678,0.11807880307813506
34679,0.08155796530189055
34680,0.04148951147230672
34681,0.12168894794618093
34682,0.03885174918700678
34683,0.07657630222726251
34684,0.04287184471684473
34685,0.06126494107819702
34686,0.08415807244319695
34687,0.08155796530189055
34688,0.04287184471684473
34689,0.05744527367010645
34690,0.10455365490510782
34691,0.059326311972524026
34692,0.06126494107819702
34693,0.07657630222726251
34694,0.11113633246221037
34695,0.05562035029109824
34696,0.02442486287796552
34697,0.14969342319192988
34698,0.03885174918700678
34699,0.06744146074358998
34700,0.07419146202147729
34701,0.04148951147230672
34702,0.11807880307813506
34703,0.0472874451224437
34704,0.050467859648565414
34705,0.044298105555134894
34706,0.11113633246221037
34707,0.09241538285980007
34708,0.04885310630405945
34709,0.031870571610423684
34710,0.05385008895239068
34711,0.04014987964502801
34712,0.03294343905785485
34713,0.07903125771029479
34714,0.04576954626093176
34715,0.044298105555134894
34716,0.11456179056371053
34717,0.06744146074358998
34718,0.03637532268518375
34719,0.06744146074358998
34720,0.029825320005255892
34721,0.035194756820265335
34722,0.07187511267178946
34723,0.0472874451224437
34724,0.044298105555134894
34725,0.050467859648565414
34726,0.11807880307813506
34727,0.07903125771029479
34728,0.10780082751501731
34729,0.04576954626093176
34730,0.06962564382891834
34731,0.050467859648565414
34732,0.05562035029109824
34733,0.07187511267178946
34734,0.04148951147230672
34735,0.06326265912384453
34736,0.02525362158524688
34737,0.0472874451224437
34738,0.14538999654972165
34739,0.12168894794618093
34740,0.05385008895239068
34741,0.029825320005255892
34742,0.0340511524412236
34743,0.050467859648565414
34744,0.09831774697482025
34745,0.10780082751501731
34746,0.1411897434506853
34747,0.031870571610423684
34748,0.030831530235430404
34749,0.02885097064418959
34750,0.06126494107819702
34751,0.07903125771029479
34752,0.11113633246221037
34753,0.06126494107819702
34754,0.09241538285980007
34755,0.05562035029109824
34756,0.07419146202147729
34757,0.14538999654972165
34758,0.08415807244319695
34759,0.03885174918700678
34760,0.06532098566628583
34761,0.04576954626093176
34762,0.02442486287796552
34763,0.044298105555134894
34764,0.09831774697482025
34765,0.13309352252567752
34766,0.07187511267178946
34767,0.11456179056371053
34768,0.05385008895239068
34769,0.08683323524129412
34770,0.11456179056371053
34771,0.03637532268518375
34772,0.02442486287796552
34773,0.050467859648565414
34774,0.07903125771029479
34775,0.12168894794618093
34776,0.09532570362584843
34777,0.09532570362584843
34778,0.1370913686325979
34779,0.10455365490510782
34780,0.06962564382891834
34781,0.08155796530189055
34782,0.04014987964502801
34783,0.07187511267178946
34784,0.04148951147230672
34785,0.05385008895239068
34786,0.059326311972524026
34787,0.031870571610423684
34788,0.06962564382891834
34789,0.12168894794618093
34790,0.12168894794618093
34791,0.0895851163769912
34792,0.04148951147230672
34793,0.05385008895239068
34794,0.04885310630405945
34795,0.02885097064418959
34796,0.06744146074358998
34797,0.07419146202147729
34798,0.02790753622320684
34799,0.05385008895239068
34800,0.11807880307813506
34801,0.11113633246221037
34802,0.0340511524412236
34803,0.059326311972524026
34804,0.04148951147230672
34805,0.04287184471684473
34806,0.06532098566628583
34807,0.07419146202147729
34808,0.06532098566628583
34809,0.06126494107819702
34810,0.0521330604156563
34811,0.06962564382891834
34812,0.06326265912384453
34813,0.06326265912384453
34814,0.04148951147230672
34815,0.1370913686325979
34816,0.15410125929925808
34817,0.13309352252567752
34818,0.06126494107819702
34819,0.06532098566628583
34820,0.037593946162112056
34821,0.10780082751501731
34822,0.08415807244319695
34823,0.035194756820265335
34824,0.037593946162112056
34825,0.02790753622320684
34826,0.0340511524412236
34827,0.09831774697482025
34828,0.12168894794618093
34829,0.023622642765858633
34830,0.06532098566628583
34831,0.04576954626093176
34832,0.059326311972524026
34833,0.07657630222726251
34834,0.09241538285980007
34835,0.1013931778423964
34836,0.0340511524412236
34837,0.04885310630405945
34838,0.04885310630405945
34839,0.11113633246221037
34840,0.07419146202147729
34841,0.05562035029109824
34842,0.01806788128844435
34843,0.08415807244319695
34844,0.10780082751501731
34845,0.016892943165924136
34846,0.04287184471684473
34847,0.1370913686325979
34848,0.0521330604156563
34849,0.03637532268518375
34850,0.06126494107819702
34851,0.07419146202147729
34852,0.06962564382891834
34853,0.08683323524129412
34854,0.07187511267178946
34855,0.06126494107819702
34856,0.0895851163769912
34857,0.15861467629411466
34858,0.01998212368725082
34859,0.08155796530189055
34860,0.08415807244319695
34861,0.13309352252567752
34862,0.05385008895239068
34863,0.04148951147230672
34864,0.09241538285980007
34865,0.06126494107819702
34866,0.08415807244319695
34867,0.10780082751501731
34868,0.15410125929925808
34869,0.07903125771029479
34870,0.04014987964502801
34871,0.01806788128844435
34872,0.026109748256448687
34873,0.0521330604156563
34874,0.02885097064418959
34875,0.06532098566628583
34876,0.08415807244319695
34877,0.0472874451224437
34878,0.059326311972524026
34879,0.09241538285980007
34880,0.07657630222726251
34881,0.0521330604156563
34882,0.1253937758578759
34883,0.06126494107819702
34884,0.05562035029109824
34885,0.12919480614845036
34886,0.06744146074358998
34887,0.04287184471684473
34888,0.04885310630405945
34889,0.06744146074358998
34890,0.022094611379221522
34891,0.04014987964502801
34892,0.12168894794618093
34893,0.05562035029109824
34894,0.14538999654972165
34895,0.02790753622320684
34896,0.06962564382891834
34897,0.04148951147230672
34898,0.0521330604156563
34899,0.07419146202147729
34900,0.05744527367010645
34901,0.04885310630405945
34902,0.04576954626093176
34903,0.07419146202147729
34904,0.044298105555134894
34905,0.07657630222726251
34906,0.09831774697482025
34907,0.08155796530189055
34908,0.044298105555134894
34909,0.09241538285980007
34910,0.08415807244319695
34911,0.08683323524129412
34912,0.07419146202147729
34913,0.06532098566628583
34914,0.04287184471684473
34915,0.06532098566628583
34916,0.05562035029109824
34917,0.059326311972524026
34918,0.05562035029109824
34919,0.050467859648565414
34920,0.05562035029109824
34921,0.03885174918700678
34922,0.01868507284109021
34923,0.08415807244319695
34924,0.07187511267178946
34925,0.06744146074358998
34926,0.0895851163769912
34927,0.044298105555134894
34928,0.06326265912384453
34929,0.12919480614845036
34930,0.06962564382891834
34931,0.02525362158524688
34932,0.04148951147230672
34933,0.11456179056371053
34934,0.0521330604156563
34935,0.10455365490510782
34936,0.03885174918700678
34937,0.09241538285980007
34938,0.06326265912384453
34939,0.07657630222726251
34940,0.06326265912384453
34941,0.04287184471684473
34942,0.05562035029109824
34943,0.03885174918700678
34944,0.0521330604156563
34945,0.08683323524129412
34946,0.06326265912384453
34947,0.1370913686325979
34948,0.08415807244319695
34949,0.07903125771029479
34950,0.07419146202147729
34951,0.026109748256448687
34952,0.059326311972524026
34953,0.1411897434506853
34954,0.04287184471684473
34955,0.026994094835726477
34956,0.04014987964502801
34957,0.06326265912384453
34958,0.06744146074358998
34959,0.059326311972524026
34960,0.04014987964502801
34961,0.05385008895239068
34962,0.05744527367010645
34963,0.06326265912384453
34964,0.0521330604156563
34965,0.08155796530189055
34966,0.07657630222726251
34967,0.026109748256448687
34968,0.04014987964502801
34969,0.07187511267178946
34970,0.04576954626093176
34971,0.0895851163769912
34972,0.044298105555134894
34973,0.059326311972524026
34974,0.12168894794618093
34975,0.0472874451224437
34976,0.10455365490510782
34977,0.04014987964502801
34978,0.04287184471684473
34979,0.06532098566628583
34980,0.0340511524412236
34981,0.0521330604156563
34982,0.05385008895239068
34983,0.07903125771029479
34984,0.1253937758578759
34985,0.07657630222726251
34986,0.0340511524412236
34987,0.02790753622320684
34988,0.0895851163769912
34989,0.050467859648565414
34990,0.04148951147230672
34991,0.06326265912384453
34992,0.04287184471684473
34993,0.11113633246221037
34994,0.03294343905785485
34995,0.12919480614845036
34996,0.06326265912384453
34997,0.09831774697482025
34998,0.1013931778423964
34999,0.08155796530189055
35000,0.07903125771029479
35001,0.06326265912384453
35002,0.0521330604156563
35003,0.10455365490510782
35004,0.1013931778423964
35005,0.026109748256448687
35006,0.05562035029109824
35007,0.07187511267178946
35008,0.11807880307813506
35009,0.07903125771029479
35010,0.06744146074358998
35011,0.04885310630405945
35012,0.050467859648565414
35013,0.05562035029109824
35014,0.037593946162112056
35015,0.04885310630405945
35016,0.06744146074358998
35017,0.07187511267178946
35018,0.037593946162112056
35019,0.07187511267178946
35020,0.04014987964502801
35021,0.09831774697482025
35022,0.06326265912384453
35023,0.04885310630405945
35024,0.031870571610423684
35025,0.03637532268518375
35026,0.06532098566628583
35027,0.0472874451224437
35028,0.037593946162112056
35029,0.04576954626093176
35030,0.06744146074358998
35031,0.07419146202147729
35032,0.07657630222726251
35033,0.029825320005255892
35034,0.04576954626093176
35035,0.03637532268518375
35036,0.08155796530189055
35037,0.1253937758578759
35038,0.04148951147230672
35039,0.06326265912384453
35040,0.0472874451224437
35041,0.05744527367010645
35042,0.11456179056371053
35043,0.04576954626093176
35044,0.08683323524129412
35045,0.06962564382891834
35046,0.1411897434506853
35047,0.10455365490510782
35048,0.13309352252567752
35049,0.0521330604156563
35050,0.059326311972524026
35051,0.04885310630405945
35052,0.1370913686325979
35053,0.0895851163769912
35054,0.08155796530189055
35055,0.1013931778423964
35056,0.06326265912384453
35057,0.07903125771029479
35058,0.06326265912384453
35059,0.06962564382891834
35060,0.08155796530189055
35061,0.06126494107819702
35062,0.06744146074358998
35063,0.06744146074358998
35064,0.02442486287796552
35065,0.0472874451224437
35066,0.05744527367010645
35067,0.059326311972524026
35068,0.11456179056371053
35069,0.05385008895239068
35070,0.05385008895239068
35071,0.06532098566628583
35072,0.07187511267178946
35073,0.0895851163769912
35074,0.05562035029109824
35075,0.08155796530189055
35076,0.06126494107819702
35077,0.07903125771029479
35078,0.05744527367010645
35079,0.026994094835726477
35080,0.05562035029109824
35081,0.07419146202147729
35082,0.08155796530189055
35083,0.07419146202147729
35084,0.0472874451224437
35085,0.09532570362584843
35086,0.07657630222726251
35087,0.07419146202147729
35088,0.07903125771029479
35089,0.09532570362584843
35090,0.05385008895239068
35091,0.07419146202147729
35092,0.09831774697482025
35093,0.044298105555134894
35094,0.07657630222726251
35095,0.06126494107819702
35096,0.06126494107819702
35097,0.044298105555134894
35098,0.07187511267178946
35099,0.06532098566628583
35100,0.1253937758578759
35101,0.044298105555134894
35102,0.037593946162112056
35103,0.037593946162112056
35104,0.07657630222726251
35105,0.029825320005255892
35106,0.01998212368725082
35107,0.03885174918700678
35108,0.11113633246221037
35109,0.031870571610423684
35110,0.1411897434506853
35111,0.04287184471684473
35112,0.05562035029109824
35113,0.06744146074358998
35114,0.06744146074358998
35115,0.044298105555134894
35116,0.10780082751501731
35117,0.05562035029109824
35118,0.11456179056371053
35119,0.12919480614845036
35120,0.04014987964502801
35121,0.09241538285980007
35122,0.12919480614845036
35123,0.08683323524129412
35124,0.06326265912384453
35125,0.050467859648565414
35126,0.04014987964502801
35127,0.11456179056371053
35128,0.05744527367010645
35129,0.09831774697482025
35130,0.04576954626093176
35131,0.07657630222726251
35132,0.06126494107819702
35133,0.09831774697482025
35134,0.10780082751501731
35135,0.01998212368725082
35136,0.06326265912384453
35137,0.08415807244319695
35138,0.04148951147230672
35139,0.11113633246221037
35140,0.02790753622320684
35141,0.04885310630405945
35142,0.059326311972524026
35143,0.07657630222726251
35144,0.1411897434506853
35145,0.02136725069186659
35146,0.06532098566628583
35147,0.02885097064418959
35148,0.04885310630405945
35149,0.06126494107819702
35150,0.06126494107819702
35151,0.0895851163769912
35152,0.06962564382891834
35153,0.0895851163769912
35154,0.06744146074358998
35155,0.0521330604156563
35156,0.06962564382891834
35157,0.06744146074358998
35158,0.04148951147230672
35159,0.029825320005255892
35160,0.04148951147230672
35161,0.1411897434506853
35162,0.12168894794618093
35163,0.08155796530189055
35164,0.02442486287796552
35165,0.0472874451224437
35166,0.05385008895239068
35167,0.07657630222726251
35168,0.02442486287796552
35169,0.0521330604156563
35170,0.05385008895239068
35171,0.05385008895239068
35172,0.06962564382891834
35173,0.03885174918700678
35174,0.10455365490510782
35175,0.04885310630405945
35176,0.02790753622320684
35177,0.04885310630405945
35178,0.07187511267178946
35179,0.04576954626093176
35180,0.13309352252567752
35181,0.07903125771029479
35182,0.04885310630405945
35183,0.1370913686325979
35184,0.02442486287796552
35185,0.04148951147230672
35186,0.09831774697482025
35187,0.08415807244319695
35188,0.05562035029109824
35189,0.13309352252567752
35190,0.07187511267178946
35191,0.07903125771029479
35192,0.06532098566628583
35193,0.07419146202147729
35194,0.14538999654972165
35195,0.11456179056371053
35196,0.09532570362584843
35197,0.05744527367010645
35198,0.050467859648565414
35199,0.1013931778423964
35200,0.03637532268518375
35201,0.08415807244319695
35202,0.0895851163769912
35203,0.05562035029109824
35204,0.04287184471684473
35205,0.10455365490510782
35206,0.04885310630405945
35207,0.04014987964502801
35208,0.10780082751501731
35209,0.059326311972524026
35210,0.06126494107819702
35211,0.1013931778423964
35212,0.08415807244319695
35213,0.026109748256448687
35214,0.0340511524412236
35215,0.11456179056371053
35216,0.050467859648565414
35217,0.08415807244319695
35218,0.10455365490510782
35219,0.0521330604156563
35220,0.04014987964502801
35221,0.11113633246221037
35222,0.0895851163769912
35223,0.04287184471684473
35224,0.08415807244319695
35225,0.01633396259861487
35226,0.02525362158524688
35227,0.01868507284109021
35228,0.0472874451224437
35229,0.08683323524129412
35230,0.04287184471684473
35231,0.06744146074358998
35232,0.030831530235430404
35233,0.035194756820265335
35234,0.050467859648565414
35235,0.06962564382891834
35236,0.05744527367010645
35237,0.0340511524412236
35238,0.05744527367010645
35239,0.08415807244319695
35240,0.10455365490510782
35241,0.023622642765858633
35242,0.07187511267178946
35243,0.06326265912384453
35244,0.04014987964502801
35245,0.06126494107819702
35246,0.03885174918700678
35247,0.04576954626093176
35248,0.06126494107819702
35249,0.06126494107819702
35250,0.04576954626093176
35251,0.0472874451224437
35252,0.04287184471684473
35253,0.10455365490510782
35254,0.044298105555134894
35255,0.08155796530189055
35256,0.07657630222726251
35257,0.07903125771029479
35258,0.14538999654972165
35259,0.06744146074358998
35260,0.05744527367010645
35261,0.020663328957880672
35262,0.0521330604156563
35263,0.04148951147230672
35264,0.026109748256448687
35265,0.07657630222726251
35266,0.04287184471684473
35267,0.07419146202147729
35268,0.037593946162112056
35269,0.10780082751501731
35270,0.044298105555134894
35271,0.10455365490510782
35272,0.02885097064418959
35273,0.08415807244319695
35274,0.06532098566628583
35275,0.044298105555134894
35276,0.10455365490510782
35277,0.06962564382891834
35278,0.04148951147230672
35279,0.12919480614845036
35280,0.05744527367010645
35281,0.14538999654972165
35282,0.031870571610423684
35283,0.05562035029109824
35284,0.09532570362584843
35285,0.04014987964502801
35286,0.04885310630405945
35287,0.1370913686325979
35288,0.044298105555134894
35289,0.06744146074358998
35290,0.04148951147230672
35291,0.04287184471684473
35292,0.0472874451224437
35293,0.04148951147230672
35294,0.07187511267178946
35295,0.05562035029109824
35296,0.08415807244319695
35297,0.04576954626093176
35298,0.06962564382891834
35299,0.11113633246221037
35300,0.04885310630405945
35301,0.050467859648565414
35302,0.11456179056371053
35303,0.02284615406529167
35304,0.09831774697482025
35305,0.1013931778423964
35306,0.06126494107819702
35307,0.06126494107819702
35308,0.04287184471684473
35309,0.09241538285980007
35310,0.030831530235430404
35311,0.08683323524129412
35312,0.09241538285980007
35313,0.07657630222726251
35314,0.06962564382891834
35315,0.04287184471684473
35316,0.06962564382891834
35317,0.07187511267178946
35318,0.07419146202147729
35319,0.01998212368725082
35320,0.07187511267178946
35321,0.05744527367010645
35322,0.03885174918700678
35323,0.06532098566628583
35324,0.06532098566628583
35325,0.02885097064418959
35326,0.09831774697482025
35327,0.09241538285980007
35328,0.0895851163769912
35329,0.12919480614845036
35330,0.0472874451224437
35331,0.044298105555134894
35332,0.029825320005255892
35333,0.0521330604156563
35334,0.07657630222726251
35335,0.06962564382891834
35336,0.0472874451224437
35337,0.02284615406529167
35338,0.031870571610423684
35339,0.029825320005255892
35340,0.04148951147230672
35341,0.06126494107819702
35342,0.07903125771029479
35343,0.06532098566628583
35344,0.037593946162112056
35345,0.01998212368725082
35346,0.037593946162112056
35347,0.026109748256448687
35348,0.035194756820265335
35349,0.044298105555134894
35350,0.04014987964502801
35351,0.09532570362584843
35352,0.11456179056371053
35353,0.059326311972524026
35354,0.05744527367010645
35355,0.0895851163769912
35356,0.10780082751501731
35357,0.02885097064418959
35358,0.0340511524412236
35359,0.07187511267178946
35360,0.07187511267178946
35361,0.11113633246221037
35362,0.029825320005255892
35363,0.1013931778423964
35364,0.10780082751501731
35365,0.06126494107819702
35366,0.07657630222726251
35367,0.044298105555134894
35368,0.05562035029109824
35369,0.04287184471684473
35370,0.02525362158524688
35371,0.1013931778423964
35372,0.05385008895239068
35373,0.023622642765858633
35374,0.050467859648565414
35375,0.0895851163769912
35376,0.05744527367010645
35377,0.07187511267178946
35378,0.029825320005255892
35379,0.13309352252567752
35380,0.07657630222726251
35381,0.08415807244319695
35382,0.044298105555134894
35383,0.09532570362584843
35384,0.07903125771029479
35385,0.10780082751501731
35386,0.04287184471684473
35387,0.04148951147230672
35388,0.09532570362584843
35389,0.0340511524412236
35390,0.05385008895239068
35391,0.06126494107819702
35392,0.03637532268518375
35393,0.07187511267178946
35394,0.026109748256448687
35395,0.04576954626093176
35396,0.059326311972524026
35397,0.06126494107819702
35398,0.030831530235430404
35399,0.029825320005255892
35400,0.03885174918700678
35401,0.09241538285980007
35402,0.05744527367010645
35403,0.06126494107819702
35404,0.0521330604156563
35405,0.12919480614845036
35406,0.14538999654972165
35407,0.04014987964502801
35408,0.07657630222726251
35409,0.0895851163769912
35410,0.04148951147230672
35411,0.1253937758578759
35412,0.04148951147230672
35413,0.03294343905785485
35414,0.09532570362584843
35415,0.035194756820265335
35416,0.044298105555134894
35417,0.0521330604156563
35418,0.06744146074358998
35419,0.11113633246221037
35420,0.04148951147230672
35421,0.08415807244319695
35422,0.0340511524412236
35423,0.10780082751501731
35424,0.02525362158524688
35425,0.08155796530189055
35426,0.04885310630405945
35427,0.06326265912384453
35428,0.07419146202147729
35429,0.0472874451224437
35430,0.044298105555134894
35431,0.05562035029109824
35432,0.12919480614845036
35433,0.02790753622320684
35434,0.07657630222726251
35435,0.08415807244319695
35436,0.04014987964502801
35437,0.044298105555134894
35438,0.02284615406529167
35439,0.10455365490510782
35440,0.06962564382891834
35441,0.06532098566628583
35442,0.07657630222726251
35443,0.05385008895239068
35444,0.05744527367010645
35445,0.04148951147230672
35446,0.0472874451224437
35447,0.037593946162112056
35448,0.02136725069186659
35449,0.030831530235430404
35450,0.04148951147230672
35451,0.06532098566628583
35452,0.08155796530189055
35453,0.10455365490510782
35454,0.13309352252567752
35455,0.13309352252567752
35456,0.13309352252567752
35457,0.050467859648565414
35458,0.14969342319192988
35459,0.02885097064418959
35460,0.04148951147230672
35461,0.0472874451224437
35462,0.04148951147230672
35463,0.04576954626093176
35464,0.10455365490510782
35465,0.04576954626093176
35466,0.026109748256448687
35467,0.09532570362584843
35468,0.08683323524129412
35469,0.0895851163769912
35470,0.037593946162112056
35471,0.050467859648565414
35472,0.06532098566628583
35473,0.04885310630405945
35474,0.059326311972524026
35475,0.04014987964502801
35476,0.04885310630405945
35477,0.08155796530189055
35478,0.06532098566628583
35479,0.06326265912384453
35480,0.02885097064418959
35481,0.12168894794618093
35482,0.01806788128844435
35483,0.04885310630405945
35484,0.035194756820265335
35485,0.1013931778423964
35486,0.04148951147230672
35487,0.02525362158524688
35488,0.04885310630405945
35489,0.07657630222726251
35490,0.044298105555134894
35491,0.10780082751501731
35492,0.04148951147230672
35493,0.031870571610423684
35494,0.11807880307813506
35495,0.044298105555134894
35496,0.0521330604156563
35497,0.1253937758578759
35498,0.11807880307813506
35499,0.08415807244319695
35500,0.05385008895239068
35501,0.035194756820265335
35502,0.05562035029109824
35503,0.1013931778423964
35504,0.14538999654972165
35505,0.04014987964502801
35506,0.037593946162112056
35507,0.0521330604156563
35508,0.07419146202147729
35509,0.05385008895239068
35510,0.06744146074358998
35511,0.09241538285980007
35512,0.1253937758578759
35513,0.04885310630405945
35514,0.0895851163769912
35515,0.03294343905785485
35516,0.02442486287796552
35517,0.04287184471684473
35518,0.06126494107819702
35519,0.05744527367010645
35520,0.07903125771029479
35521,0.044298105555134894
35522,0.06126494107819702
35523,0.02790753622320684
35524,0.15410125929925808
35525,0.0340511524412236
35526,0.04885310630405945
35527,0.12168894794618093
35528,0.06744146074358998
35529,0.04576954626093176
35530,0.05385008895239068
35531,0.14969342319192988
35532,0.09241538285980007
35533,0.04885310630405945
35534,0.08155796530189055
35535,0.04885310630405945
35536,0.1013931778423964
35537,0.01806788128844435
35538,0.026109748256448687
35539,0.04885310630405945
35540,0.0521330604156563
35541,0.06962564382891834
35542,0.03294343905785485
35543,0.09831774697482025
35544,0.09241538285980007
35545,0.15410125929925808
35546,0.04885310630405945
35547,0.030831530235430404
35548,0.026109748256448687
35549,0.03294343905785485
35550,0.037593946162112056
35551,0.1253937758578759
35552,0.10455365490510782
35553,0.07657630222726251
35554,0.0895851163769912
35555,0.04576954626093176
35556,0.06532098566628583
35557,0.044298105555134894
35558,0.04287184471684473
35559,0.13309352252567752
35560,0.02885097064418959
35561,0.04014987964502801
35562,0.07187511267178946
35563,0.03294343905785485
35564,0.04576954626093176
35565,0.04885310630405945
35566,0.0895851163769912
35567,0.044298105555134894
35568,0.10780082751501731
35569,0.05385008895239068
35570,0.0340511524412236
35571,0.07657630222726251
35572,0.07903125771029479
35573,0.044298105555134894
35574,0.06962564382891834
35575,0.06744146074358998
35576,0.0521330604156563
35577,0.04014987964502801
35578,0.09241538285980007
35579,0.08155796530189055
35580,0.04148951147230672
35581,0.06744146074358998
35582,0.08415807244319695
35583,0.12919480614845036
35584,0.050467859648565414
35585,0.05562035029109824
35586,0.05385008895239068
35587,0.04287184471684473
35588,0.06962564382891834
35589,0.0472874451224437
35590,0.05385008895239068
35591,0.059326311972524026
35592,0.12168894794618093
35593,0.026109748256448687
35594,0.08155796530189055
35595,0.14969342319192988
35596,0.10455365490510782
35597,0.12168894794618093
35598,0.0895851163769912
35599,0.07187511267178946
35600,0.0521330604156563
35601,0.02790753622320684
35602,0.03885174918700678
35603,0.06532098566628583
35604,0.04287184471684473
35605,0.06744146074358998
35606,0.06744146074358998
35607,0.050467859648565414
35608,0.0472874451224437
35609,0.01579318133211142
35610,0.02885097064418959
35611,0.050467859648565414
35612,0.0340511524412236
35613,0.08155796530189055
35614,0.050467859648565414
35615,0.07187511267178946
35616,0.07187511267178946
35617,0.030831530235430404
35618,0.07903125771029479
35619,0.04287184471684473
35620,0.01998212368725082
35621,0.09831774697482025
35622,0.02442486287796552
35623,0.1370913686325979
35624,0.01998212368725082
35625,0.0521330604156563
35626,0.02136725069186659
35627,0.059326311972524026
35628,0.059326311972524026
35629,0.09532570362584843
35630,0.07419146202147729
35631,0.1013931778423964
35632,0.03637532268518375
35633,0.06744146074358998
35634,0.0521330604156563
35635,0.020663328957880672
35636,0.06532098566628583
35637,0.05744527367010645
35638,0.08683323524129412
35639,0.06126494107819702
35640,0.02442486287796552
35641,0.04148951147230672
35642,0.07903125771029479
35643,0.09241538285980007
35644,0.022094611379221522
35645,0.06326265912384453
35646,0.026994094835726477
35647,0.10780082751501731
35648,0.04576954626093176
35649,0.050467859648565414
35650,0.05562035029109824
35651,0.02442486287796552
35652,0.05385008895239068
35653,0.10455365490510782
35654,0.044298105555134894
35655,0.06744146074358998
35656,0.04148951147230672
35657,0.14538999654972165
35658,0.0895851163769912
35659,0.1411897434506853
35660,0.02136725069186659
35661,0.10780082751501731
35662,0.04885310630405945
35663,0.14969342319192988
35664,0.026994094835726477
35665,0.04014987964502801
35666,0.08683323524129412
35667,0.06962564382891834
35668,0.04014987964502801
35669,0.09532570362584843
35670,0.037593946162112056
35671,0.11456179056371053
35672,0.06126494107819702
35673,0.08155796530189055
35674,0.08155796530189055
35675,0.07657630222726251
35676,0.12919480614845036
35677,0.03294343905785485
35678,0.059326311972524026
35679,0.07903125771029479
35680,0.06532098566628583
35681,0.05744527367010645
35682,0.13309352252567752
35683,0.11113633246221037
35684,0.1013931778423964
35685,0.12168894794618093
35686,0.13309352252567752
35687,0.0521330604156563
35688,0.0472874451224437
35689,0.13309352252567752
35690,0.06532098566628583
35691,0.05562035029109824
35692,0.06744146074358998
35693,0.07903125771029479
35694,0.09241538285980007
35695,0.06744146074358998
35696,0.04885310630405945
35697,0.01998212368725082
35698,0.07657630222726251
35699,0.05562035029109824
35700,0.02442486287796552
35701,0.04287184471684473
35702,0.04014987964502801
35703,0.05562035029109824
35704,0.04014987964502801
35705,0.07903125771029479
35706,0.06744146074358998
35707,0.03294343905785485
35708,0.08683323524129412
35709,0.11113633246221037
35710,0.059326311972524026
35711,0.03637532268518375
35712,0.037593946162112056
35713,0.12919480614845036
35714,0.05744527367010645
35715,0.03294343905785485
35716,0.12919480614845036
35717,0.0472874451224437
35718,0.08155796530189055
35719,0.08683323524129412
35720,0.07419146202147729
35721,0.08415807244319695
35722,0.07419146202147729
35723,0.04014987964502801
35724,0.06962564382891834
35725,0.04885310630405945
35726,0.15410125929925808
35727,0.04287184471684473
35728,0.06744146074358998
35729,0.02442486287796552
35730,0.08155796530189055
35731,0.059326311972524026
35732,0.059326311972524026
35733,0.08155796530189055
35734,0.1370913686325979
35735,0.050467859648565414
35736,0.0340511524412236
35737,0.05562035029109824
35738,0.01998212368725082
35739,0.0895851163769912
35740,0.04576954626093176
35741,0.11113633246221037
35742,0.022094611379221522
35743,0.07419146202147729
35744,0.09241538285980007
35745,0.02525362158524688
35746,0.035194756820265335
35747,0.04885310630405945
35748,0.06744146074358998
35749,0.1411897434506853
35750,0.09241538285980007
35751,0.06126494107819702
35752,0.04287184471684473
35753,0.035194756820265335
35754,0.06126494107819702
35755,0.10455365490510782
35756,0.059326311972524026
35757,0.06962564382891834
35758,0.0521330604156563
35759,0.08683323524129412
35760,0.07419146202147729
35761,0.06326265912384453
35762,0.0895851163769912
35763,0.029825320005255892
35764,0.019322932527049887
35765,0.12919480614845036
35766,0.09532570362584843
35767,0.08683323524129412
35768,0.06744146074358998
35769,0.05562035029109824
35770,0.050467859648565414
35771,0.02790753622320684
35772,0.07903125771029479
35773,0.08155796530189055
35774,0.12168894794618093
35775,0.09831774697482025
35776,0.04014987964502801
35777,0.044298105555134894
35778,0.02525362158524688
35779,0.08155796530189055
35780,0.031870571610423684
35781,0.023622642765858633
35782,0.15861467629411466
35783,0.06744146074358998
35784,0.06326265912384453
35785,0.03637532268518375
35786,0.11807880307813506
35787,0.050467859648565414
35788,0.059326311972524026
35789,0.06326265912384453
35790,0.06326265912384453
35791,0.05385008895239068
35792,0.02442486287796552
35793,0.07657630222726251
35794,0.026994094835726477
35795,0.04576954626093176
35796,0.07903125771029479
35797,0.14538999654972165
35798,0.10780082751501731
35799,0.04148951147230672
35800,0.04148951147230672
35801,0.1253937758578759
35802,0.050467859648565414
35803,0.037593946162112056
35804,0.07657630222726251
35805,0.06744146074358998
35806,0.03637532268518375
35807,0.03885174918700678
35808,0.06126494107819702
35809,0.09241538285980007
35810,0.07903125771029479
35811,0.09831774697482025
35812,0.059326311972524026
35813,0.10780082751501731
35814,0.031870571610423684
35815,0.03885174918700678
35816,0.07903125771029479
35817,0.022094611379221522
35818,0.04885310630405945
35819,0.029825320005255892
35820,0.05562035029109824
35821,0.04885310630405945
35822,0.09831774697482025
35823,0.03885174918700678
35824,0.03885174918700678
35825,0.05744527367010645
35826,0.02525362158524688
35827,0.07187511267178946
35828,0.10455365490510782
35829,0.1411897434506853
35830,0.06532098566628583
35831,0.059326311972524026
35832,0.1013931778423964
35833,0.11113633246221037
35834,0.06744146074358998
35835,0.06744146074358998
35836,0.037593946162112056
35837,0.05385008895239068
35838,0.07187511267178946
35839,0.04287184471684473
35840,0.02442486287796552
35841,0.06326265912384453
35842,0.06744146074358998
35843,0.02525362158524688
35844,0.0472874451224437
35845,0.04287184471684473
35846,0.016892943165924136
35847,0.11807880307813506
35848,0.050467859648565414
35849,0.04576954626093176
35850,0.14969342319192988
35851,0.0895851163769912
35852,0.1013931778423964
35853,0.035194756820265335
35854,0.11456179056371053
35855,0.10780082751501731
35856,0.044298105555134894
35857,0.03637532268518375
35858,0.11807880307813506
35859,0.04287184471684473
35860,0.08683323524129412
35861,0.0521330604156563
35862,0.1411897434506853
35863,0.030831530235430404
35864,0.0895851163769912
35865,0.04885310630405945
35866,0.022094611379221522
35867,0.08415807244319695
35868,0.0521330604156563
35869,0.08683323524129412
35870,0.1013931778423964
35871,0.09831774697482025
35872,0.0472874451224437
35873,0.08683323524129412
35874,0.03885174918700678
35875,0.04148951147230672
35876,0.09831774697482025
35877,0.11456179056371053
35878,0.11113633246221037
35879,0.0521330604156563
35880,0.04148951147230672
35881,0.04287184471684473
35882,0.05562035029109824
35883,0.05385008895239068
35884,0.09831774697482025
35885,0.05385008895239068
35886,0.1013931778423964
35887,0.022094611379221522
35888,0.05385008895239068
35889,0.06532098566628583
35890,0.12919480614845036
35891,0.050467859648565414
35892,0.12919480614845036
35893,0.14538999654972165
35894,0.02790753622320684
35895,0.0895851163769912
35896,0.03885174918700678
35897,0.04148951147230672
35898,0.03885174918700678
35899,0.06326265912384453
35900,0.05562035029109824
35901,0.02885097064418959
35902,0.09241538285980007
35903,0.09241538285980007
35904,0.13309352252567752
35905,0.03885174918700678
35906,0.07903125771029479
35907,0.1013931778423964
35908,0.059326311972524026
35909,0.06962564382891834
35910,0.12168894794618093
35911,0.08155796530189055
35912,0.11456179056371053
35913,0.06962564382891834
35914,0.0472874451224437
35915,0.04576954626093176
35916,0.1370913686325979
35917,0.08415807244319695
35918,0.07657630222726251
35919,0.12168894794618093
35920,0.09831774697482025
35921,0.03294343905785485
35922,0.05562035029109824
35923,0.04287184471684473
35924,0.04576954626093176
35925,0.04885310630405945
35926,0.02136725069186659
35927,0.10780082751501731
35928,0.037593946162112056
35929,0.09532570362584843
35930,0.08683323524129412
35931,0.03637532268518375
35932,0.11456179056371053
35933,0.0521330604156563
35934,0.0472874451224437
35935,0.07419146202147729
35936,0.0472874451224437
35937,0.14538999654972165
35938,0.0340511524412236
35939,0.12168894794618093
35940,0.1013931778423964
35941,0.05562035029109824
35942,0.050467859648565414
35943,0.031870571610423684
35944,0.1370913686325979
35945,0.08683323524129412
35946,0.04576954626093176
35947,0.06532098566628583
35948,0.08683323524129412
35949,0.07657630222726251
35950,0.06126494107819702
35951,0.06326265912384453
35952,0.06744146074358998
35953,0.09241538285980007
35954,0.1411897434506853
35955,0.044298105555134894
35956,0.02790753622320684
35957,0.0340511524412236
35958,0.05562035029109824
35959,0.04576954626093176
35960,0.01868507284109021
35961,0.07903125771029479
35962,0.04576954626093176
35963,0.11113633246221037
35964,0.031870571610423684
35965,0.02284615406529167
35966,0.02885097064418959
35967,0.12919480614845036
35968,0.07187511267178946
35969,0.09532570362584843
35970,0.050467859648565414
35971,0.09831774697482025
35972,0.07419146202147729
35973,0.031870571610423684
35974,0.08415807244319695
35975,0.06532098566628583
35976,0.059326311972524026
35977,0.059326311972524026
35978,0.044298105555134894
35979,0.11113633246221037
35980,0.06962564382891834
35981,0.10455365490510782
35982,0.0472874451224437
35983,0.0521330604156563
35984,0.06326265912384453
35985,0.08415807244319695
35986,0.11456179056371053
35987,0.030831530235430404
35988,0.02442486287796552
35989,0.08415807244319695
35990,0.11807880307813506
35991,0.03885174918700678
35992,0.06744146074358998
35993,0.05385008895239068
35994,0.029825320005255892
35995,0.06962564382891834
35996,0.0472874451224437
35997,0.11807880307813506
35998,0.08155796530189055
35999,0.09831774697482025
36000,0.08415807244319695
36001,0.02525362158524688
36002,0.037593946162112056
36003,0.06962564382891834
36004,0.07419146202147729
36005,0.08415807244319695
36006,0.07187511267178946
36007,0.02442486287796552
36008,0.08683323524129412
36009,0.07187511267178946
36010,0.10455365490510782
36011,0.0521330604156563
36012,0.050467859648565414
36013,0.09831774697482025
36014,0.044298105555134894
36015,0.04014987964502801
36016,0.02790753622320684
36017,0.06744146074358998
36018,0.0472874451224437
36019,0.044298105555134894
36020,0.0521330604156563
36021,0.050467859648565414
36022,0.037593946162112056
36023,0.06532098566628583
36024,0.020663328957880672
36025,0.1253937758578759
36026,0.037593946162112056
36027,0.07657630222726251
36028,0.06744146074358998
36029,0.0521330604156563
36030,0.044298105555134894
36031,0.029825320005255892
36032,0.044298105555134894
36033,0.04885310630405945
36034,0.1013931778423964
36035,0.0472874451224437
36036,0.050467859648565414
36037,0.037593946162112056
36038,0.1013931778423964
36039,0.14969342319192988
36040,0.037593946162112056
36041,0.0472874451224437
36042,0.0521330604156563
36043,0.12168894794618093
36044,0.11456179056371053
36045,0.08683323524129412
36046,0.11456179056371053
36047,0.04148951147230672
36048,0.07187511267178946
36049,0.1370913686325979
36050,0.06962564382891834
36051,0.03294343905785485
36052,0.08155796530189055
36053,0.07187511267178946
36054,0.0472874451224437
36055,0.044298105555134894
36056,0.05385008895239068
36057,0.035194756820265335
36058,0.06326265912384453
36059,0.07657630222726251
36060,0.07187511267178946
36061,0.029825320005255892
36062,0.09831774697482025
36063,0.04014987964502801
36064,0.08683323524129412
36065,0.03294343905785485
36066,0.04287184471684473
36067,0.059326311972524026
36068,0.0521330604156563
36069,0.14969342319192988
36070,0.10780082751501731
36071,0.04287184471684473
36072,0.0521330604156563
36073,0.10455365490510782
36074,0.07657630222726251
36075,0.04287184471684473
36076,0.0340511524412236
36077,0.08683323524129412
36078,0.12168894794618093
36079,0.04287184471684473
36080,0.0895851163769912
36081,0.05385008895239068
36082,0.030831530235430404
36083,0.01806788128844435
36084,0.04014987964502801
36085,0.019322932527049887
36086,0.08683323524129412
36087,0.026994094835726477
36088,0.1013931778423964
36089,0.04287184471684473
36090,0.0472874451224437
36091,0.04576954626093176
36092,0.07657630222726251
36093,0.12919480614845036
36094,0.044298105555134894
36095,0.044298105555134894
36096,0.07903125771029479
36097,0.044298105555134894
36098,0.01998212368725082
36099,0.01998212368725082
36100,0.11456179056371053
36101,0.12168894794618093
36102,0.10455365490510782
36103,0.09241538285980007
36104,0.019322932527049887
36105,0.07657630222726251
36106,0.09532570362584843
36107,0.05744527367010645
36108,0.04148951147230672
36109,0.026994094835726477
36110,0.0895851163769912
36111,0.08683323524129412
36112,0.06326265912384453
36113,0.12168894794618093
36114,0.07419146202147729
36115,0.04576954626093176
36116,0.06744146074358998
36117,0.03885174918700678
36118,0.06532098566628583
36119,0.07187511267178946
36120,0.06532098566628583
36121,0.11456179056371053
36122,0.09241538285980007
36123,0.03294343905785485
36124,0.07419146202147729
36125,0.02284615406529167
36126,0.1253937758578759
36127,0.037593946162112056
36128,0.03637532268518375
36129,0.04287184471684473
36130,0.03294343905785485
36131,0.06532098566628583
36132,0.11113633246221037
36133,0.04885310630405945
36134,0.11456179056371053
36135,0.10780082751501731
36136,0.08683323524129412
36137,0.08415807244319695
36138,0.0521330604156563
36139,0.044298105555134894
36140,0.04287184471684473
36141,0.02790753622320684
36142,0.08155796530189055
36143,0.030831530235430404
36144,0.10780082751501731
36145,0.07419146202147729
36146,0.04148951147230672
36147,0.05744527367010645
36148,0.08415807244319695
36149,0.04576954626093176
36150,0.13309352252567752
36151,0.029825320005255892
36152,0.044298105555134894
36153,0.035194756820265335
36154,0.01998212368725082
36155,0.05744527367010645
36156,0.06326265912384453
36157,0.09241538285980007
36158,0.1013931778423964
36159,0.04576954626093176
36160,0.09241538285980007
36161,0.07657630222726251
36162,0.0472874451224437
36163,0.06962564382891834
36164,0.05385008895239068
36165,0.06532098566628583
36166,0.03637532268518375
36167,0.0895851163769912
36168,0.13309352252567752
36169,0.05744527367010645
36170,0.06126494107819702
36171,0.04576954626093176
36172,0.08155796530189055
36173,0.04576954626093176
36174,0.06326265912384453
36175,0.12168894794618093
36176,0.03294343905785485
36177,0.035194756820265335
36178,0.06962564382891834
36179,0.05385008895239068
36180,0.02885097064418959
36181,0.06744146074358998
36182,0.10455365490510782
36183,0.05385008895239068
36184,0.04885310630405945
36185,0.07903125771029479
36186,0.06744146074358998
36187,0.05744527367010645
36188,0.06326265912384453
36189,0.03885174918700678
36190,0.02442486287796552
36191,0.044298105555134894
36192,0.05744527367010645
36193,0.08155796530189055
36194,0.023622642765858633
36195,0.06744146074358998
36196,0.08683323524129412
36197,0.044298105555134894
36198,0.059326311972524026
36199,0.06744146074358998
36200,0.06962564382891834
36201,0.02885097064418959
36202,0.044298105555134894
36203,0.07419146202147729
36204,0.07419146202147729
36205,0.037593946162112056
36206,0.12919480614845036
36207,0.09241538285980007
36208,0.09532570362584843
36209,0.07903125771029479
36210,0.07657630222726251
36211,0.04148951147230672
36212,0.12168894794618093
36213,0.10780082751501731
36214,0.0521330604156563
36215,0.05744527367010645
36216,0.026109748256448687
36217,0.050467859648565414
36218,0.01806788128844435
36219,0.05744527367010645
36220,0.07903125771029479
36221,0.05562035029109824
36222,0.1370913686325979
36223,0.04148951147230672
36224,0.03637532268518375
36225,0.12168894794618093
36226,0.06744146074358998
36227,0.08683323524129412
36228,0.0521330604156563
36229,0.017470713401722432
36230,0.06326265912384453
36231,0.09532570362584843
36232,0.059326311972524026
36233,0.12168894794618093
36234,0.07187511267178946
36235,0.1370913686325979
36236,0.06744146074358998
36237,0.06532098566628583
36238,0.044298105555134894
36239,0.0472874451224437
36240,0.06532098566628583
36241,0.04014987964502801
36242,0.05744527367010645
36243,0.04885310630405945
36244,0.04885310630405945
36245,0.10455365490510782
36246,0.02284615406529167
36247,0.10780082751501731
36248,0.03294343905785485
36249,0.08683323524129412
36250,0.07903125771029479
36251,0.04576954626093176
36252,0.07419146202147729
36253,0.07187511267178946
36254,0.09532570362584843
36255,0.04885310630405945
36256,0.06532098566628583
36257,0.07657630222726251
36258,0.04885310630405945
36259,0.0521330604156563
36260,0.07187511267178946
36261,0.02442486287796552
36262,0.07187511267178946
36263,0.05385008895239068
36264,0.07419146202147729
36265,0.06326265912384453
36266,0.026994094835726477
36267,0.03637532268518375
36268,0.04576954626093176
36269,0.05744527367010645
36270,0.02136725069186659
36271,0.08683323524129412
36272,0.05385008895239068
36273,0.08155796530189055
36274,0.0521330604156563
36275,0.10780082751501731
36276,0.04287184471684473
36277,0.06744146074358998
36278,0.026109748256448687
36279,0.07187511267178946
36280,0.12919480614845036
36281,0.1253937758578759
36282,0.0895851163769912
36283,0.02790753622320684
36284,0.08415807244319695
36285,0.0521330604156563
36286,0.050467859648565414
36287,0.037593946162112056
36288,0.09831774697482025
36289,0.09241538285980007
36290,0.1013931778423964
36291,0.07419146202147729
36292,0.1253937758578759
36293,0.050467859648565414
36294,0.09831774697482025
36295,0.05385008895239068
36296,0.06326265912384453
36297,0.06532098566628583
36298,0.03294343905785485
36299,0.03294343905785485
36300,0.08415807244319695
36301,0.050467859648565414
36302,0.09241538285980007
36303,0.026109748256448687
36304,0.05562035029109824
36305,0.10780082751501731
36306,0.11113633246221037
36307,0.12168894794618093
36308,0.10455365490510782
36309,0.09241538285980007
36310,0.023622642765858633
36311,0.059326311972524026
36312,0.06532098566628583
36313,0.04287184471684473
36314,0.09241538285980007
36315,0.0472874451224437
36316,0.07657630222726251
36317,0.04885310630405945
36318,0.03294343905785485
36319,0.09831774697482025
36320,0.05385008895239068
36321,0.04014987964502801
36322,0.15861467629411466
36323,0.026994094835726477
36324,0.02442486287796552
36325,0.14969342319192988
36326,0.04576954626093176
36327,0.0472874451224437
36328,0.11113633246221037
36329,0.035194756820265335
36330,0.04576954626093176
36331,0.0340511524412236
36332,0.04287184471684473
36333,0.09532570362584843
36334,0.07419146202147729
36335,0.030831530235430404
36336,0.06744146074358998
36337,0.13309352252567752
36338,0.0895851163769912
36339,0.04576954626093176
36340,0.044298105555134894
36341,0.09532570362584843
36342,0.04576954626093176
36343,0.07657630222726251
36344,0.10455365490510782
36345,0.11113633246221037
36346,0.029825320005255892
36347,0.035194756820265335
36348,0.01868507284109021
36349,0.04576954626093176
36350,0.08415807244319695
36351,0.037593946162112056
36352,0.037593946162112056
36353,0.06962564382891834
36354,0.06962564382891834
36355,0.0895851163769912
36356,0.037593946162112056
36357,0.03637532268518375
36358,0.035194756820265335
36359,0.044298105555134894
36360,0.04576954626093176
36361,0.06126494107819702
36362,0.05744527367010645
36363,0.04014987964502801
36364,0.04885310630405945
36365,0.0472874451224437
36366,0.1370913686325979
36367,0.07419146202147729
36368,0.07903125771029479
36369,0.13309352252567752
36370,0.044298105555134894
36371,0.07187511267178946
36372,0.09532570362584843
36373,0.04287184471684473
36374,0.031870571610423684
36375,0.05562035029109824
36376,0.09241538285980007
36377,0.030831530235430404
36378,0.03637532268518375
36379,0.07657630222726251
36380,0.09241538285980007
36381,0.03637532268518375
36382,0.037593946162112056
36383,0.050467859648565414
36384,0.06532098566628583
36385,0.12919480614845036
36386,0.026994094835726477
36387,0.06126494107819702
36388,0.09241538285980007
36389,0.04885310630405945
36390,0.06744146074358998
36391,0.09241538285980007
36392,0.12919480614845036
36393,0.1013931778423964
36394,0.044298105555134894
36395,0.0895851163769912
36396,0.05385008895239068
36397,0.02525362158524688
36398,0.05385008895239068
36399,0.04148951147230672
36400,0.04287184471684473
36401,0.09532570362584843
36402,0.09831774697482025
36403,0.08683323524129412
36404,0.037593946162112056
36405,0.12919480614845036
36406,0.04287184471684473
36407,0.08155796530189055
36408,0.06326265912384453
36409,0.044298105555134894
36410,0.02885097064418959
36411,0.07187511267178946
36412,0.11456179056371053
36413,0.030831530235430404
36414,0.09532570362584843
36415,0.05385008895239068
36416,0.1411897434506853
36417,0.059326311972524026
36418,0.044298105555134894
36419,0.06744146074358998
36420,0.06532098566628583
36421,0.02525362158524688
36422,0.1013931778423964
36423,0.07419146202147729
36424,0.044298105555134894
36425,0.07419146202147729
36426,0.06962564382891834
36427,0.09241538285980007
36428,0.1013931778423964
36429,0.06126494107819702
36430,0.04885310630405945
36431,0.04148951147230672
36432,0.059326311972524026
36433,0.044298105555134894
36434,0.08683323524129412
36435,0.03294343905785485
36436,0.01998212368725082
36437,0.023622642765858633
36438,0.11807880307813506
36439,0.044298105555134894
36440,0.07903125771029479
36441,0.04885310630405945
36442,0.07903125771029479
36443,0.08415807244319695
36444,0.035194756820265335
36445,0.030831530235430404
36446,0.09241538285980007
36447,0.0521330604156563
36448,0.04148951147230672
36449,0.11807880307813506
36450,0.09532570362584843
36451,0.1370913686325979
36452,0.11456179056371053
36453,0.0472874451224437
36454,0.04148951147230672
36455,0.05562035029109824
36456,0.0521330604156563
36457,0.050467859648565414
36458,0.07187511267178946
36459,0.044298105555134894
36460,0.02284615406529167
36461,0.05562035029109824
36462,0.04014987964502801
36463,0.06126494107819702
36464,0.04576954626093176
36465,0.12919480614845036
36466,0.02885097064418959
36467,0.08683323524129412
36468,0.06962564382891834
36469,0.059326311972524026
36470,0.059326311972524026
36471,0.04014987964502801
36472,0.1013931778423964
36473,0.0521330604156563
36474,0.0472874451224437
36475,0.06326265912384453
36476,0.031870571610423684
36477,0.06532098566628583
36478,0.0521330604156563
36479,0.017470713401722432
36480,0.06962564382891834
36481,0.06326265912384453
36482,0.07187511267178946
36483,0.06962564382891834
36484,0.1253937758578759
36485,0.12919480614845036
36486,0.059326311972524026
36487,0.0521330604156563
36488,0.05744527367010645
36489,0.05744527367010645
36490,0.08415807244319695
36491,0.026994094835726477
36492,0.09831774697482025
36493,0.06326265912384453
36494,0.04576954626093176
36495,0.06532098566628583
36496,0.01868507284109021
36497,0.031870571610423684
36498,0.03637532268518375
36499,0.06532098566628583
36500,0.05385008895239068
36501,0.07419146202147729
36502,0.08683323524129412
36503,0.06126494107819702
36504,0.0472874451224437
36505,0.06126494107819702
36506,0.08155796530189055
36507,0.06126494107819702
36508,0.11456179056371053
36509,0.02284615406529167
36510,0.019322932527049887
36511,0.10455365490510782
36512,0.044298105555134894
36513,0.10780082751501731
36514,0.03637532268518375
36515,0.04576954626093176
36516,0.03637532268518375
36517,0.11113633246221037
36518,0.06126494107819702
36519,0.06962564382891834
36520,0.01633396259861487
36521,0.13309352252567752
36522,0.03294343905785485
36523,0.030831530235430404
36524,0.06326265912384453
36525,0.10455365490510782
36526,0.026109748256448687
36527,0.044298105555134894
36528,0.04885310630405945
36529,0.05744527367010645
36530,0.12168894794618093
36531,0.11807880307813506
36532,0.03885174918700678
36533,0.06744146074358998
36534,0.09831774697482025
36535,0.03637532268518375
36536,0.05385008895239068
36537,0.0521330604156563
36538,0.07419146202147729
36539,0.037593946162112056
36540,0.07657630222726251
36541,0.06744146074358998
36542,0.044298105555134894
36543,0.11807880307813506
36544,0.08683323524129412
36545,0.037593946162112056
36546,0.09241538285980007
36547,0.0472874451224437
36548,0.01998212368725082
36549,0.05562035029109824
36550,0.06962564382891834
36551,0.0472874451224437
36552,0.07419146202147729
36553,0.08683323524129412
36554,0.04014987964502801
36555,0.035194756820265335
36556,0.1013931778423964
36557,0.1370913686325979
36558,0.06962564382891834
36559,0.06962564382891834
36560,0.07187511267178946
36561,0.037593946162112056
36562,0.11807880307813506
36563,0.059326311972524026
36564,0.09831774697482025
36565,0.03885174918700678
36566,0.09241538285980007
36567,0.07187511267178946
36568,0.050467859648565414
36569,0.06326265912384453
36570,0.05562035029109824
36571,0.031870571610423684
36572,0.023622642765858633
36573,0.14538999654972165
36574,0.05744527367010645
36575,0.12919480614845036
36576,0.06962564382891834
36577,0.1013931778423964
36578,0.050467859648565414
36579,0.05744527367010645
36580,0.1013931778423964
36581,0.09831774697482025
36582,0.09241538285980007
36583,0.026109748256448687
36584,0.1013931778423964
36585,0.14538999654972165
36586,0.04885310630405945
36587,0.04287184471684473
36588,0.07657630222726251
36589,0.14969342319192988
36590,0.06532098566628583
36591,0.035194756820265335
36592,0.05744527367010645
36593,0.1013931778423964
36594,0.07903125771029479
36595,0.0521330604156563
36596,0.04287184471684473
36597,0.12168894794618093
36598,0.09831774697482025
36599,0.04287184471684473
36600,0.07419146202147729
36601,0.05385008895239068
36602,0.035194756820265335
36603,0.0472874451224437
36604,0.0472874451224437
36605,0.0895851163769912
36606,0.04287184471684473
36607,0.08683323524129412
36608,0.09241538285980007
36609,0.05744527367010645
36610,0.06532098566628583
36611,0.09241538285980007
36612,0.059326311972524026
36613,0.05562035029109824
36614,0.03637532268518375
36615,0.0472874451224437
36616,0.03637532268518375
36617,0.044298105555134894
36618,0.04885310630405945
36619,0.06744146074358998
36620,0.05385008895239068
36621,0.06326265912384453
36622,0.11807880307813506
36623,0.03637532268518375
36624,0.050467859648565414
36625,0.0895851163769912
36626,0.05562035029109824
36627,0.08155796530189055
36628,0.1253937758578759
36629,0.059326311972524026
36630,0.03294343905785485
36631,0.023622642765858633
36632,0.08155796530189055
36633,0.023622642765858633
36634,0.07419146202147729
36635,0.06532098566628583
36636,0.06744146074358998
36637,0.0472874451224437
36638,0.06744146074358998
36639,0.031870571610423684
36640,0.06532098566628583
36641,0.1013931778423964
36642,0.06744146074358998
36643,0.0895851163769912
36644,0.044298105555134894
36645,0.09241538285980007
36646,0.04885310630405945
36647,0.07419146202147729
36648,0.0472874451224437
36649,0.12168894794618093
36650,0.11113633246221037
36651,0.1013931778423964
36652,0.06532098566628583
36653,0.08683323524129412
36654,0.05744527367010645
36655,0.02442486287796552
36656,0.02790753622320684
36657,0.06744146074358998
36658,0.017470713401722432
36659,0.06126494107819702
36660,0.06532098566628583
36661,0.06326265912384453
36662,0.059326311972524026
36663,0.029825320005255892
36664,0.07657630222726251
36665,0.1013931778423964
36666,0.06532098566628583
36667,0.05744527367010645
36668,0.06326265912384453
36669,0.05385008895239068
36670,0.04014987964502801
36671,0.08415807244319695
36672,0.0521330604156563
36673,0.050467859648565414
36674,0.01868507284109021
36675,0.06744146074358998
36676,0.04287184471684473
36677,0.03637532268518375
36678,0.12919480614845036
36679,0.04287184471684473
36680,0.0521330604156563
36681,0.10780082751501731
36682,0.023622642765858633
36683,0.050467859648565414
36684,0.03294343905785485
36685,0.06962564382891834
36686,0.04148951147230672
36687,0.03637532268518375
36688,0.06744146074358998
36689,0.04014987964502801
36690,0.030831530235430404
36691,0.08415807244319695
36692,0.09241538285980007
36693,0.06962564382891834
36694,0.05385008895239068
36695,0.059326311972524026
36696,0.059326311972524026
36697,0.04014987964502801
36698,0.05385008895239068
36699,0.044298105555134894
36700,0.09532570362584843
36701,0.04576954626093176
36702,0.08155796530189055
36703,0.06962564382891834
36704,0.059326311972524026
36705,0.03637532268518375
36706,0.05562035029109824
36707,0.1411897434506853
36708,0.0895851163769912
36709,0.09241538285980007
36710,0.01806788128844435
36711,0.0521330604156563
36712,0.06326265912384453
36713,0.07187511267178946
36714,0.026109748256448687
36715,0.08155796530189055
36716,0.06326265912384453
36717,0.0895851163769912
36718,0.1253937758578759
36719,0.03637532268518375
36720,0.04148951147230672
36721,0.06532098566628583
36722,0.020663328957880672
36723,0.07419146202147729
36724,0.13309352252567752
36725,0.12168894794618093
36726,0.0472874451224437
36727,0.08155796530189055
36728,0.11113633246221037
36729,0.09831774697482025
36730,0.11807880307813506
36731,0.05744527367010645
36732,0.09831774697482025
36733,0.11113633246221037
36734,0.1253937758578759
36735,0.06744146074358998
36736,0.0895851163769912
36737,0.13309352252567752
36738,0.03637532268518375
36739,0.04576954626093176
36740,0.07657630222726251
36741,0.06126494107819702
36742,0.09831774697482025
36743,0.06744146074358998
36744,0.02284615406529167
36745,0.03885174918700678
36746,0.026994094835726477
36747,0.05385008895239068
36748,0.1013931778423964
36749,0.03637532268518375
36750,0.12168894794618093
36751,0.044298105555134894
36752,0.037593946162112056
36753,0.07657630222726251
36754,0.04287184471684473
36755,0.03637532268518375
36756,0.0472874451224437
36757,0.0472874451224437
36758,0.12168894794618093
36759,0.030831530235430404
36760,0.0895851163769912
36761,0.06126494107819702
36762,0.03885174918700678
36763,0.09831774697482025
36764,0.06532098566628583
36765,0.07903125771029479
36766,0.04885310630405945
36767,0.07187511267178946
36768,0.04576954626093176
36769,0.05385008895239068
36770,0.07903125771029479
36771,0.02442486287796552
36772,0.044298105555134894
36773,0.0521330604156563
36774,0.04014987964502801
36775,0.05385008895239068
36776,0.11456179056371053
36777,0.07903125771029479
36778,0.037593946162112056
36779,0.14538999654972165
36780,0.04148951147230672
36781,0.04576954626093176
36782,0.06532098566628583
36783,0.06532098566628583
36784,0.10455365490510782
36785,0.07657630222726251
36786,0.09831774697482025
36787,0.04576954626093176
36788,0.037593946162112056
36789,0.06962564382891834
36790,0.059326311972524026
36791,0.04148951147230672
36792,0.06962564382891834
36793,0.1013931778423964
36794,0.08415807244319695
36795,0.1013931778423964
36796,0.059326311972524026
36797,0.1253937758578759
36798,0.10455365490510782
36799,0.05385008895239068
36800,0.044298105555134894
36801,0.03637532268518375
36802,0.07419146202147729
36803,0.050467859648565414
36804,0.15410125929925808
36805,0.06962564382891834
36806,0.04576954626093176
36807,0.05562035029109824
36808,0.09831774697482025
36809,0.026109748256448687
36810,0.10455365490510782
36811,0.02442486287796552
36812,0.03637532268518375
36813,0.026109748256448687
36814,0.04287184471684473
36815,0.1013931778423964
36816,0.06744146074358998
36817,0.026994094835726477
36818,0.03294343905785485
36819,0.030831530235430404
36820,0.04014987964502801
36821,0.0472874451224437
36822,0.0521330604156563
36823,0.06532098566628583
36824,0.08683323524129412
36825,0.12168894794618093
36826,0.02136725069186659
36827,0.08155796530189055
36828,0.026994094835726477
36829,0.08155796530189055
36830,0.15861467629411466
36831,0.023622642765858633
36832,0.09241538285980007
36833,0.05385008895239068
36834,0.035194756820265335
36835,0.07419146202147729
36836,0.11807880307813506
36837,0.10455365490510782
36838,0.0521330604156563
36839,0.11456179056371053
36840,0.05744527367010645
36841,0.029825320005255892
36842,0.10455365490510782
36843,0.02442486287796552
36844,0.0895851163769912
36845,0.0521330604156563
36846,0.0472874451224437
36847,0.07419146202147729
36848,0.08415807244319695
36849,0.07657630222726251
36850,0.05385008895239068
36851,0.05385008895239068
36852,0.06532098566628583
36853,0.07903125771029479
36854,0.059326311972524026
36855,0.029825320005255892
36856,0.02442486287796552
36857,0.05744527367010645
36858,0.10780082751501731
36859,0.03294343905785485
36860,0.0895851163769912
36861,0.04885310630405945
36862,0.05562035029109824
36863,0.07187511267178946
36864,0.04576954626093176
36865,0.04287184471684473
36866,0.0521330604156563
36867,0.07419146202147729
36868,0.037593946162112056
36869,0.07187511267178946
36870,0.1370913686325979
36871,0.08415807244319695
36872,0.0521330604156563
36873,0.07657630222726251
36874,0.10455365490510782
36875,0.059326311972524026
36876,0.0895851163769912
36877,0.11113633246221037
36878,0.0521330604156563
36879,0.050467859648565414
36880,0.044298105555134894
36881,0.10455365490510782
36882,0.0895851163769912
36883,0.06962564382891834
36884,0.04287184471684473
36885,0.10780082751501731
36886,0.05385008895239068
36887,0.037593946162112056
36888,0.04287184471684473
36889,0.03637532268518375
36890,0.01806788128844435
36891,0.03294343905785485
36892,0.05744527367010645
36893,0.03885174918700678
36894,0.03885174918700678
36895,0.059326311972524026
36896,0.04014987964502801
36897,0.0472874451224437
36898,0.09241538285980007
36899,0.044298105555134894
36900,0.05744527367010645
36901,0.03637532268518375
36902,0.06532098566628583
36903,0.044298105555134894
36904,0.050467859648565414
36905,0.04287184471684473
36906,0.04576954626093176
36907,0.03294343905785485
36908,0.0472874451224437
36909,0.03885174918700678
36910,0.037593946162112056
36911,0.07187511267178946
36912,0.0895851163769912
36913,0.06744146074358998
36914,0.11456179056371053
36915,0.04287184471684473
36916,0.08683323524129412
36917,0.1013931778423964
36918,0.09831774697482025
36919,0.050467859648565414
36920,0.06126494107819702
36921,0.02790753622320684
36922,0.03885174918700678
36923,0.06744146074358998
36924,0.030831530235430404
36925,0.06744146074358998
36926,0.04148951147230672
36927,0.11807880307813506
36928,0.02885097064418959
36929,0.06532098566628583
36930,0.05385008895239068
36931,0.09532570362584843
36932,0.05562035029109824
36933,0.04148951147230672
36934,0.035194756820265335
36935,0.1253937758578759
36936,0.09532570362584843
36937,0.1253937758578759
36938,0.11807880307813506
36939,0.09831774697482025
36940,0.06532098566628583
36941,0.12168894794618093
36942,0.07903125771029479
36943,0.02885097064418959
36944,0.04576954626093176
36945,0.030831530235430404
36946,0.0521330604156563
36947,0.030831530235430404
36948,0.12168894794618093
36949,0.03885174918700678
36950,0.0895851163769912
36951,0.050467859648565414
36952,0.05744527367010645
36953,0.02136725069186659
36954,0.035194756820265335
36955,0.10455365490510782
36956,0.12168894794618093
36957,0.0895851163769912
36958,0.05744527367010645
36959,0.016892943165924136
36960,0.044298105555134894
36961,0.037593946162112056
36962,0.023622642765858633
36963,0.02525362158524688
36964,0.02284615406529167
36965,0.1253937758578759
36966,0.03637532268518375
36967,0.026994094835726477
36968,0.02525362158524688
36969,0.050467859648565414
36970,0.04148951147230672
36971,0.03637532268518375
36972,0.02525362158524688
36973,0.04287184471684473
36974,0.04885310630405945
36975,0.06962564382891834
36976,0.04576954626093176
36977,0.10455365490510782
36978,0.059326311972524026
36979,0.029825320005255892
36980,0.029825320005255892
36981,0.044298105555134894
36982,0.14538999654972165
36983,0.1013931778423964
36984,0.07187511267178946
36985,0.07187511267178946
36986,0.044298105555134894
36987,0.04885310630405945
36988,0.08415807244319695
36989,0.07419146202147729
36990,0.08683323524129412
36991,0.12919480614845036
36992,0.037593946162112056
36993,0.06126494107819702
36994,0.06744146074358998
36995,0.05385008895239068
36996,0.0472874451224437
36997,0.044298105555134894
36998,0.08683323524129412
36999,0.1411897434506853
37000,0.04014987964502801
37001,0.044298105555134894
37002,0.11113633246221037
37003,0.06532098566628583
37004,0.0521330604156563
37005,0.07419146202147729
37006,0.0472874451224437
37007,0.09241538285980007
37008,0.08683323524129412
37009,0.07903125771029479
37010,0.031870571610423684
37011,0.0472874451224437
37012,0.06744146074358998
37013,0.04287184471684473
37014,0.031870571610423684
37015,0.04576954626093176
37016,0.12168894794618093
37017,0.11807880307813506
37018,0.05562035029109824
37019,0.11807880307813506
37020,0.09241538285980007
37021,0.04287184471684473
37022,0.026994094835726477
37023,0.06126494107819702
37024,0.05385008895239068
37025,0.04287184471684473
37026,0.035194756820265335
37027,0.09241538285980007
37028,0.07903125771029479
37029,0.09532570362584843
37030,0.06126494107819702
37031,0.050467859648565414
37032,0.0521330604156563
37033,0.06744146074358998
37034,0.023622642765858633
37035,0.08683323524129412
37036,0.07187511267178946
37037,0.02525362158524688
37038,0.05744527367010645
37039,0.023622642765858633
37040,0.05744527367010645
37041,0.020663328957880672
37042,0.06126494107819702
37043,0.06744146074358998
37044,0.0340511524412236
37045,0.031870571610423684
37046,0.07187511267178946
37047,0.030831530235430404
37048,0.1013931778423964
37049,0.07187511267178946
37050,0.04014987964502801
37051,0.06126494107819702
37052,0.11113633246221037
37053,0.05562035029109824
37054,0.04576954626093176
37055,0.06126494107819702
37056,0.06962564382891834
37057,0.07187511267178946
37058,0.02136725069186659
37059,0.0521330604156563
37060,0.09241538285980007
37061,0.11456179056371053
37062,0.035194756820265335
37063,0.08415807244319695
37064,0.0895851163769912
37065,0.12168894794618093
37066,0.026994094835726477
37067,0.07419146202147729
37068,0.10780082751501731
37069,0.050467859648565414
37070,0.07657630222726251
37071,0.08155796530189055
37072,0.06532098566628583
37073,0.017470713401722432
37074,0.07657630222726251
37075,0.04148951147230672
37076,0.04885310630405945
37077,0.044298105555134894
37078,0.037593946162112056
37079,0.026994094835726477
37080,0.10780082751501731
37081,0.026994094835726477
37082,0.02525362158524688
37083,0.04014987964502801
37084,0.0521330604156563
37085,0.14969342319192988
37086,0.12168894794618093
37087,0.05385008895239068
37088,0.037593946162112056
37089,0.08415807244319695
37090,0.10455365490510782
37091,0.050467859648565414
37092,0.07419146202147729
37093,0.06962564382891834
37094,0.05385008895239068
37095,0.08415807244319695
37096,0.0472874451224437
37097,0.06326265912384453
37098,0.08155796530189055
37099,0.1253937758578759
37100,0.12919480614845036
37101,0.05562035029109824
37102,0.03885174918700678
37103,0.06744146074358998
37104,0.14538999654972165
37105,0.07657630222726251
37106,0.04287184471684473
37107,0.08683323524129412
37108,0.07903125771029479
37109,0.06962564382891834
37110,0.06744146074358998
37111,0.05385008895239068
37112,0.12168894794618093
37113,0.06126494107819702
37114,0.04287184471684473
37115,0.05385008895239068
37116,0.0895851163769912
37117,0.04287184471684473
37118,0.12919480614845036
37119,0.03294343905785485
37120,0.07419146202147729
37121,0.05385008895239068
37122,0.07657630222726251
37123,0.0521330604156563
37124,0.11807880307813506
37125,0.04885310630405945
37126,0.030831530235430404
37127,0.07657630222726251
37128,0.03294343905785485
37129,0.02284615406529167
37130,0.0472874451224437
37131,0.06962564382891834
37132,0.0340511524412236
37133,0.1411897434506853
37134,0.12919480614845036
37135,0.06326265912384453
37136,0.03637532268518375
37137,0.04885310630405945
37138,0.05744527367010645
37139,0.05562035029109824
37140,0.1411897434506853
37141,0.0895851163769912
37142,0.0521330604156563
37143,0.030831530235430404
37144,0.03637532268518375
37145,0.02790753622320684
37146,0.06126494107819702
37147,0.08155796530189055
37148,0.05744527367010645
37149,0.05385008895239068
37150,0.0340511524412236
37151,0.04014987964502801
37152,0.11807880307813506
37153,0.12168894794618093
37154,0.04287184471684473
37155,0.03637532268518375
37156,0.12919480614845036
37157,0.06326265912384453
37158,0.0472874451224437
37159,0.11456179056371053
37160,0.12919480614845036
37161,0.035194756820265335
37162,0.0895851163769912
37163,0.031870571610423684
37164,0.02525362158524688
37165,0.08155796530189055
37166,0.06962564382891834
37167,0.026109748256448687
37168,0.14969342319192988
37169,0.11113633246221037
37170,0.06744146074358998
37171,0.09532570362584843
37172,0.04287184471684473
37173,0.0521330604156563
37174,0.03637532268518375
37175,0.07419146202147729
37176,0.09241538285980007
37177,0.02885097064418959
37178,0.050467859648565414
37179,0.06126494107819702
37180,0.08415807244319695
37181,0.035194756820265335
37182,0.0472874451224437
37183,0.03294343905785485
37184,0.059326311972524026
37185,0.11807880307813506
37186,0.12168894794618093
37187,0.059326311972524026
37188,0.01998212368725082
37189,0.029825320005255892
37190,0.06744146074358998
37191,0.03294343905785485
37192,0.059326311972524026
37193,0.06326265912384453
37194,0.03885174918700678
37195,0.04885310630405945
37196,0.07419146202147729
37197,0.06326265912384453
37198,0.05744527367010645
37199,0.0521330604156563
37200,0.0521330604156563
37201,0.07419146202147729
37202,0.13309352252567752
37203,0.0472874451224437
37204,0.07187511267178946
37205,0.09532570362584843
37206,0.059326311972524026
37207,0.06962564382891834
37208,0.02136725069186659
37209,0.08415807244319695
37210,0.06532098566628583
37211,0.0472874451224437
37212,0.05385008895239068
37213,0.04885310630405945
37214,0.08683323524129412
37215,0.037593946162112056
37216,0.02790753622320684
37217,0.04287184471684473
37218,0.0340511524412236
37219,0.06962564382891834
37220,0.06532098566628583
37221,0.02442486287796552
37222,0.1253937758578759
37223,0.0472874451224437
37224,0.09532570362584843
37225,0.1253937758578759
37226,0.0521330604156563
37227,0.12168894794618093
37228,0.07903125771029479
37229,0.07903125771029479
37230,0.09532570362584843
37231,0.06744146074358998
37232,0.04287184471684473
37233,0.04148951147230672
37234,0.06532098566628583
37235,0.0521330604156563
37236,0.050467859648565414
37237,0.09241538285980007
37238,0.07419146202147729
37239,0.1013931778423964
37240,0.08683323524129412
37241,0.05562035029109824
37242,0.08155796530189055
37243,0.06962564382891834
37244,0.05744527367010645
37245,0.04148951147230672
37246,0.08683323524129412
37247,0.09831774697482025
37248,0.03294343905785485
37249,0.06744146074358998
37250,0.12168894794618093
37251,0.050467859648565414
37252,0.07657630222726251
37253,0.09532570362584843
37254,0.12168894794618093
37255,0.05562035029109824
37256,0.044298105555134894
37257,0.04014987964502801
37258,0.09831774697482025
37259,0.03885174918700678
37260,0.06126494107819702
37261,0.06126494107819702
37262,0.08415807244319695
37263,0.12168894794618093
37264,0.06532098566628583
37265,0.04885310630405945
37266,0.06326265912384453
37267,0.09241538285980007
37268,0.14969342319192988
37269,0.10780082751501731
37270,0.11456179056371053
37271,0.06326265912384453
37272,0.1013931778423964
37273,0.02790753622320684
37274,0.06326265912384453
37275,0.11456179056371053
37276,0.05385008895239068
37277,0.026994094835726477
37278,0.029825320005255892
37279,0.07187511267178946
37280,0.04287184471684473
37281,0.02284615406529167
37282,0.1013931778423964
37283,0.019322932527049887
37284,0.02284615406529167
37285,0.05744527367010645
37286,0.06126494107819702
37287,0.06532098566628583
37288,0.07419146202147729
37289,0.050467859648565414
37290,0.06962564382891834
37291,0.06532098566628583
37292,0.04576954626093176
37293,0.11807880307813506
37294,0.035194756820265335
37295,0.09532570362584843
37296,0.07657630222726251
37297,0.04014987964502801
37298,0.05385008895239068
37299,0.03294343905785485
37300,0.050467859648565414
37301,0.07657630222726251
37302,0.059326311972524026
37303,0.07657630222726251
37304,0.06962564382891834
37305,0.02442486287796552
37306,0.09831774697482025
37307,0.029825320005255892
37308,0.05744527367010645
37309,0.06744146074358998
37310,0.02885097064418959
37311,0.02885097064418959
37312,0.09532570362584843
37313,0.03885174918700678
37314,0.035194756820265335
37315,0.09532570362584843
37316,0.050467859648565414
37317,0.12919480614845036
37318,0.059326311972524026
37319,0.08415807244319695
37320,0.01998212368725082
37321,0.08683323524129412
37322,0.0895851163769912
37323,0.0521330604156563
37324,0.11807880307813506
37325,0.0472874451224437
37326,0.04287184471684473
37327,0.02442486287796552
37328,0.09532570362584843
37329,0.03637532268518375
37330,0.11456179056371053
37331,0.026994094835726477
37332,0.06744146074358998
37333,0.04148951147230672
37334,0.050467859648565414
37335,0.07419146202147729
37336,0.0895851163769912
37337,0.08683323524129412
37338,0.05562035029109824
37339,0.05744527367010645
37340,0.08155796530189055
37341,0.04287184471684473
37342,0.08155796530189055
37343,0.13309352252567752
37344,0.1411897434506853
37345,0.059326311972524026
37346,0.11807880307813506
37347,0.02442486287796552
37348,0.06326265912384453
37349,0.04885310630405945
37350,0.05385008895239068
37351,0.07419146202147729
37352,0.11113633246221037
37353,0.06744146074358998
37354,0.03885174918700678
37355,0.1013931778423964
37356,0.11113633246221037
37357,0.05562035029109824
37358,0.07187511267178946
37359,0.10455365490510782
37360,0.02525362158524688
37361,0.09241538285980007
37362,0.07419146202147729
37363,0.12168894794618093
37364,0.07419146202147729
37365,0.11807880307813506
37366,0.029825320005255892
37367,0.06532098566628583
37368,0.1013931778423964
37369,0.04287184471684473
37370,0.06532098566628583
37371,0.10455365490510782
37372,0.10455365490510782
37373,0.059326311972524026
37374,0.07187511267178946
37375,0.026109748256448687
37376,0.06744146074358998
37377,0.04014987964502801
37378,0.1253937758578759
37379,0.04287184471684473
37380,0.07903125771029479
37381,0.044298105555134894
37382,0.05744527367010645
37383,0.06326265912384453
37384,0.03885174918700678
37385,0.03637532268518375
37386,0.06326265912384453
37387,0.07419146202147729
37388,0.03885174918700678
37389,0.04148951147230672
37390,0.05385008895239068
37391,0.15410125929925808
37392,0.031870571610423684
37393,0.07657630222726251
37394,0.1370913686325979
37395,0.11113633246221037
37396,0.09532570362584843
37397,0.05385008895239068
37398,0.07657630222726251
37399,0.11113633246221037
37400,0.05562035029109824
37401,0.029825320005255892
37402,0.0521330604156563
37403,0.044298105555134894
37404,0.09532570362584843
37405,0.04576954626093176
37406,0.03885174918700678
37407,0.03294343905785485
37408,0.11807880307813506
37409,0.0895851163769912
37410,0.0472874451224437
37411,0.07903125771029479
37412,0.14538999654972165
37413,0.09532570362584843
37414,0.026994094835726477
37415,0.0472874451224437
37416,0.02136725069186659
37417,0.06744146074358998
37418,0.06326265912384453
37419,0.03637532268518375
37420,0.05562035029109824
37421,0.06326265912384453
37422,0.03294343905785485
37423,0.01998212368725082
37424,0.08155796530189055
37425,0.06326265912384453
37426,0.04287184471684473
37427,0.02790753622320684
37428,0.03637532268518375
37429,0.08155796530189055
37430,0.06962564382891834
37431,0.10780082751501731
37432,0.07657630222726251
37433,0.11113633246221037
37434,0.059326311972524026
37435,0.07903125771029479
37436,0.07657630222726251
37437,0.02136725069186659
37438,0.0521330604156563
37439,0.06744146074358998
37440,0.06326265912384453
37441,0.06126494107819702
37442,0.026994094835726477
37443,0.07187511267178946
37444,0.050467859648565414
37445,0.10455365490510782
37446,0.026109748256448687
37447,0.1180788030781351
37448,0.0521330604156563
37449,0.026994094835726477
37450,0.07903125771029479
37451,0.08155796530189055
37452,0.07187511267178946
37453,0.02885097064418959
37454,0.09241538285980007
37455,0.08155796530189055
37456,0.08155796530189055
37457,0.04885310630405945
37458,0.1013931778423964
37459,0.03294343905785485
37460,0.06326265912384453
37461,0.05744527367010645
37462,0.050467859648565414
37463,0.030831530235430404
37464,0.06962564382891834
37465,0.1253937758578759
37466,0.04576954626093176
37467,0.05562035029109824
37468,0.09532570362584843
37469,0.02442486287796552
37470,0.1180788030781351
37471,0.026994094835726477
37472,0.06326265912384453
37473,0.08415807244319695
37474,0.11456179056371053
37475,0.07419146202147729
37476,0.06532098566628583
37477,0.0472874451224437
37478,0.02442486287796552
37479,0.03294343905785485
37480,0.07657630222726251
37481,0.06744146074358998
37482,0.037593946162112056
37483,0.0340511524412236
37484,0.03294343905785485
37485,0.0340511524412236
37486,0.05385008895239068
37487,0.0472874451224437
37488,0.1013931778423964
37489,0.13309352252567752
37490,0.12168894794618093
37491,0.02790753622320684
37492,0.12168894794618093
37493,0.037593946162112056
37494,0.04287184471684473
37495,0.04287184471684473
37496,0.06126494107819702
37497,0.05562035029109824
37498,0.1370913686325979
37499,0.06532098566628583
37500,0.04148951147230672
